[NX Daemon Server] - 2024-06-13T11:39:08.692Z - Started listening on: /var/folders/tc/wk467jc11zqc2dd4mxl2bc1h0000gn/T/2fdebc5bb397ac766608/d.sock
[NX Daemon Server] - 2024-06-13T11:39:08.693Z - [WATCHER]: Subscribed to changes within: /Users/zpydee/Documents/Github/spwntch/workspace (native)
[NX Daemon Server] - 2024-06-13T11:39:08.694Z - Established a connection. Number of open connections: 1
[NX Daemon Server] - 2024-06-13T11:39:08.694Z - Established a connection. Number of open connections: 2
[NX Daemon Server] - 2024-06-13T11:39:08.695Z - Closed a connection. Number of open connections: 1
[NX Daemon Server] - 2024-06-13T11:39:08.695Z - [REQUEST]: Client Request for Project Graph Received
[NX Daemon Server] - 2024-06-13T11:39:08.776Z - [REQUEST]: Updated workspace context based on watched changes, recomputing project graph...
[NX Daemon Server] - 2024-06-13T11:39:08.776Z - [REQUEST]: 
[NX Daemon Server] - 2024-06-13T11:39:08.776Z - [REQUEST]: 
[NX Daemon Server] - 2024-06-13T11:39:09.889Z - [REQUEST]: Responding to the client. project-graph
[NX Daemon Server] - 2024-06-13T11:39:09.890Z - Time taken for 'total for creating and serializing project graph' 1193.741625ms
[NX Daemon Server] - 2024-06-13T11:39:09.897Z - Done responding to the client project-graph
[NX Daemon Server] - 2024-06-13T11:39:09.897Z - Handled REQUEST_PROJECT_GRAPH. Handling time: 1194. Response time: 8.
[NX Daemon Server] - 2024-06-13T11:39:09.914Z - [REQUEST]: Responding to the client. handleHashTasks
[NX Daemon Server] - 2024-06-13T11:39:09.918Z - Done responding to the client handleHashTasks
[NX Daemon Server] - 2024-06-13T11:39:09.918Z - Handled HASH_TASKS. Handling time: 10. Response time: 4.
[NX Daemon Server] - 2024-06-13T11:39:10.297Z - Established a connection. Number of open connections: 2
[NX Daemon Server] - 2024-06-13T11:39:10.298Z - Closed a connection. Number of open connections: 1
[NX Daemon Server] - 2024-06-13T11:39:10.298Z - Established a connection. Number of open connections: 2
[NX Daemon Server] - 2024-06-13T11:39:10.299Z - [REQUEST]: Client Request for Project Graph Received
[NX Daemon Server] - 2024-06-13T11:39:10.299Z - [REQUEST]: Responding to the client. project-graph
[NX Daemon Server] - 2024-06-13T11:39:10.299Z - Time taken for 'total for creating and serializing project graph' 0.0680409999999938ms
[NX Daemon Server] - 2024-06-13T11:39:10.301Z - Done responding to the client project-graph
[NX Daemon Server] - 2024-06-13T11:39:10.301Z - Handled REQUEST_PROJECT_GRAPH. Handling time: 0. Response time: 2.
[NX Daemon Server] - 2024-06-13T11:39:10.695Z - Established a connection. Number of open connections: 3
[NX Daemon Server] - 2024-06-13T11:39:10.695Z - Closed a connection. Number of open connections: 2
[NX Daemon Server] - 2024-06-13T11:39:10.695Z - Established a connection. Number of open connections: 3
[NX Daemon Server] - 2024-06-13T11:39:10.696Z - [REQUEST]: Client Request for Project Graph Received
[NX Daemon Server] - 2024-06-13T11:39:10.696Z - [REQUEST]: Responding to the client. project-graph
[NX Daemon Server] - 2024-06-13T11:39:10.696Z - Time taken for 'total for creating and serializing project graph' 0.09716600000001563ms
[NX Daemon Server] - 2024-06-13T11:39:10.698Z - Done responding to the client project-graph
[NX Daemon Server] - 2024-06-13T11:39:10.698Z - Handled REQUEST_PROJECT_GRAPH. Handling time: 0. Response time: 2.
[NX Daemon Server] - 2024-06-13T11:39:10.725Z - [REQUEST]: Client Request for Project Graph Received
[NX Daemon Server] - 2024-06-13T11:39:10.725Z - [REQUEST]: Responding to the client. project-graph
[NX Daemon Server] - 2024-06-13T11:39:10.726Z - Time taken for 'total for creating and serializing project graph' 0.12483400000019174ms
[NX Daemon Server] - 2024-06-13T11:39:10.727Z - Done responding to the client project-graph
[NX Daemon Server] - 2024-06-13T11:39:10.727Z - Handled REQUEST_PROJECT_GRAPH. Handling time: 0. Response time: 2.
[NX Daemon Server] - 2024-06-13T11:39:11.354Z - [WATCHER]: Processing file changes in outputs
[NX Daemon Server] - 2024-06-13T11:39:12.635Z - [WATCHER]: Processing file changes in outputs
[NX Daemon Server] - 2024-06-13T11:39:12.848Z - [REQUEST]: Client Request for Project Graph Received
[NX Daemon Server] - 2024-06-13T11:39:12.848Z - [REQUEST]: Responding to the client. project-graph
[NX Daemon Server] - 2024-06-13T11:39:12.849Z - Time taken for 'total for creating and serializing project graph' 0.11837500000001455ms
[NX Daemon Server] - 2024-06-13T11:39:12.852Z - Done responding to the client project-graph
[NX Daemon Server] - 2024-06-13T11:39:12.852Z - Handled REQUEST_PROJECT_GRAPH. Handling time: 0. Response time: 4.
[NX Daemon Server] - 2024-06-13T11:39:12.878Z - [WATCHER]: Processing file changes in outputs
[NX Daemon Server] - 2024-06-13T11:39:16.889Z - [WATCHER]: Processing file changes in outputs
[NX Daemon Server] - 2024-06-13T11:39:18.674Z - [WATCHER]: Processing file changes in outputs
[NX Daemon Server] - 2024-06-13T11:39:18.750Z - [WATCHER]: Processing file changes in outputs
[NX Daemon Server] - 2024-06-13T11:39:18.812Z - [WATCHER]: Processing file changes in outputs
[NX Daemon Server] - 2024-06-13T11:39:19.086Z - [WATCHER]: Processing file changes in outputs
[NX Daemon Server] - 2024-06-13T11:39:19.290Z - [WATCHER]: Processing file changes in outputs
[NX Daemon Server] - 2024-06-13T11:46:02.100Z - [WATCHER]: package.json was modified
[NX Daemon Server] - 2024-06-13T11:46:02.101Z - [WATCHER]: Processing file changes in outputs
[NX Daemon Server] - 2024-06-13T11:46:02.173Z - [WATCHER]: Processing file changes in outputs
[NX Daemon Server] - 2024-06-13T11:46:02.203Z - [REQUEST]: Updated workspace context based on watched changes, recomputing project graph...
[NX Daemon Server] - 2024-06-13T11:46:02.203Z - [REQUEST]: package.json
[NX Daemon Server] - 2024-06-13T11:46:02.203Z - [REQUEST]: 
[NX Daemon Server] - 2024-06-13T11:46:02.309Z - [WATCHER]: Processing file changes in outputs
[NX Daemon Server] - 2024-06-13T11:46:02.309Z - Time taken for 'hash changed files from watcher' 0.3234579999698326ms
[NX Daemon Server] - 2024-06-13T11:46:03.230Z - [WATCHER]: Processing file changes in outputs
[NX Daemon Server] - 2024-06-13T11:46:03.473Z - [WATCHER]: Processing file changes in outputs
[NX Daemon Server] - 2024-06-13T11:46:03.570Z - Closed a connection. Number of open connections: 2
[NX Daemon Server] - 2024-06-13T11:46:03.579Z - Closed a connection. Number of open connections: 1
[NX Daemon Server] - 2024-06-13T11:46:03.582Z - [REQUEST]: Responding to the client. recordOutputsHash
[NX Daemon Server] - 2024-06-13T11:46:03.582Z - Done responding to the client recordOutputsHash
[NX Daemon Server] - 2024-06-13T11:46:03.582Z - Handled RECORD_OUTPUTS_HASH. Handling time: 1. Response time: 0.
[NX Daemon Server] - 2024-06-13T11:46:03.587Z - Closed a connection. Number of open connections: 0
[NX Daemon Server] - 2024-06-13T11:46:03.627Z - [WATCHER]: Processing file changes in outputs
[NX Daemon Server] - 2024-06-13T11:46:04.014Z - Established a connection. Number of open connections: 1
[NX Daemon Server] - 2024-06-13T11:46:04.014Z - Closed a connection. Number of open connections: 0
[NX Daemon Server] - 2024-06-13T11:46:04.015Z - Established a connection. Number of open connections: 1
[NX Daemon Server] - 2024-06-13T11:46:04.016Z - [REQUEST]: Client Request for Project Graph Received
[NX Daemon Server] - 2024-06-13T11:46:04.016Z - [REQUEST]: Responding to the client. project-graph
[NX Daemon Server] - 2024-06-13T11:46:04.016Z - Time taken for 'total for creating and serializing project graph' 0.04920799995306879ms
[NX Daemon Server] - 2024-06-13T11:46:04.017Z - Done responding to the client project-graph
[NX Daemon Server] - 2024-06-13T11:46:04.017Z - Handled REQUEST_PROJECT_GRAPH. Handling time: 0. Response time: 1.
[NX Daemon Server] - 2024-06-13T11:46:04.508Z - Closed a connection. Number of open connections: 0
[NX Daemon Server] - 2024-06-13T11:46:04.566Z - [WATCHER]: Processing file changes in outputs
[NX Daemon Server] - 2024-06-13T11:46:05.357Z - [WATCHER]: _tmp_47400_89e261e72f4a2f3e4a6af2a746846b6a was deleted
[NX Daemon Server] - 2024-06-13T11:46:05.357Z - [WATCHER]: Processing file changes in outputs
[NX Daemon Server] - 2024-06-13T11:46:05.458Z - [REQUEST]: Updated workspace context based on watched changes, recomputing project graph...
[NX Daemon Server] - 2024-06-13T11:46:05.459Z - [REQUEST]: 
[NX Daemon Server] - 2024-06-13T11:46:05.459Z - [REQUEST]: _tmp_47400_89e261e72f4a2f3e4a6af2a746846b6a
[NX Daemon Server] - 2024-06-13T11:46:05.506Z - Time taken for 'hash changed files from watcher' 0.24937500001396984ms
[NX Daemon Server] - 2024-06-13T11:46:06.723Z - [WATCHER]: Processing file changes in outputs
[NX Daemon Server] - 2024-06-13T11:46:06.723Z - [WATCHER]: Stopping the watcher for /Users/zpydee/Documents/Github/spwntch/workspace (sources)
[NX Daemon Server] - 2024-06-13T11:46:06.723Z - [WATCHER]: Stopping the watcher for /Users/zpydee/Documents/Github/spwntch/workspace (outputs)
[NX Daemon Server] - 2024-06-13T11:46:06.723Z - Server stopped because: "LOCK_FILES_CHANGED"
[NX Daemon Server] - 2024-06-13T11:46:32.627Z - Started listening on: /var/folders/tc/wk467jc11zqc2dd4mxl2bc1h0000gn/T/2fdebc5bb397ac766608/d.sock
[NX Daemon Server] - 2024-06-13T11:46:32.629Z - [WATCHER]: Subscribed to changes within: /Users/zpydee/Documents/Github/spwntch/workspace (native)
[NX Daemon Server] - 2024-06-13T11:46:32.634Z - Established a connection. Number of open connections: 1
[NX Daemon Server] - 2024-06-13T11:46:32.634Z - Established a connection. Number of open connections: 2
[NX Daemon Server] - 2024-06-13T11:46:32.635Z - Closed a connection. Number of open connections: 1
[NX Daemon Server] - 2024-06-13T11:46:32.636Z - [REQUEST]: Client Request for Project Graph Received
[NX Daemon Server] - 2024-06-13T11:46:32.694Z - [REQUEST]: Updated workspace context based on watched changes, recomputing project graph...
[NX Daemon Server] - 2024-06-13T11:46:32.694Z - [REQUEST]: 
[NX Daemon Server] - 2024-06-13T11:46:32.694Z - [REQUEST]: 
[NX Daemon Server] - 2024-06-13T11:46:33.476Z - [REQUEST]: Responding to the client. project-graph
[NX Daemon Server] - 2024-06-13T11:46:33.477Z - Time taken for 'total for creating and serializing project graph' 840.863083ms
[NX Daemon Server] - 2024-06-13T11:46:33.478Z - Done responding to the client project-graph
[NX Daemon Server] - 2024-06-13T11:46:33.478Z - Handled REQUEST_PROJECT_GRAPH. Handling time: 841. Response time: 2.
[NX Daemon Server] - 2024-06-13T11:46:33.493Z - [REQUEST]: Responding to the client. handleHashTasks
[NX Daemon Server] - 2024-06-13T11:46:33.493Z - Done responding to the client handleHashTasks
[NX Daemon Server] - 2024-06-13T11:46:33.494Z - Handled HASH_TASKS. Handling time: 10. Response time: 1.
[NX Daemon Server] - 2024-06-13T11:46:34.106Z - Established a connection. Number of open connections: 2
[NX Daemon Server] - 2024-06-13T11:46:34.106Z - Closed a connection. Number of open connections: 1
[NX Daemon Server] - 2024-06-13T11:46:34.107Z - Established a connection. Number of open connections: 2
[NX Daemon Server] - 2024-06-13T11:46:34.107Z - [REQUEST]: Client Request for Project Graph Received
[NX Daemon Server] - 2024-06-13T11:46:34.108Z - [REQUEST]: Responding to the client. project-graph
[NX Daemon Server] - 2024-06-13T11:46:34.108Z - Time taken for 'total for creating and serializing project graph' 0.07954199999994671ms
[NX Daemon Server] - 2024-06-13T11:46:34.109Z - Done responding to the client project-graph
[NX Daemon Server] - 2024-06-13T11:46:34.109Z - Handled REQUEST_PROJECT_GRAPH. Handling time: 1. Response time: 1.
[NX Daemon Server] - 2024-06-13T11:46:34.516Z - Established a connection. Number of open connections: 3
[NX Daemon Server] - 2024-06-13T11:46:34.516Z - Closed a connection. Number of open connections: 2
[NX Daemon Server] - 2024-06-13T11:46:34.516Z - Established a connection. Number of open connections: 3
[NX Daemon Server] - 2024-06-13T11:46:34.517Z - [REQUEST]: Client Request for Project Graph Received
[NX Daemon Server] - 2024-06-13T11:46:34.517Z - [REQUEST]: Responding to the client. project-graph
[NX Daemon Server] - 2024-06-13T11:46:34.517Z - Time taken for 'total for creating and serializing project graph' 0.09654199999999946ms
[NX Daemon Server] - 2024-06-13T11:46:34.519Z - Done responding to the client project-graph
[NX Daemon Server] - 2024-06-13T11:46:34.519Z - Handled REQUEST_PROJECT_GRAPH. Handling time: 0. Response time: 2.
[NX Daemon Server] - 2024-06-13T11:46:34.547Z - [REQUEST]: Client Request for Project Graph Received
[NX Daemon Server] - 2024-06-13T11:46:34.547Z - [REQUEST]: Responding to the client. project-graph
[NX Daemon Server] - 2024-06-13T11:46:34.547Z - Time taken for 'total for creating and serializing project graph' 0.16249999999990905ms
[NX Daemon Server] - 2024-06-13T11:46:34.548Z - Done responding to the client project-graph
[NX Daemon Server] - 2024-06-13T11:46:34.548Z - Handled REQUEST_PROJECT_GRAPH. Handling time: 0. Response time: 1.
[NX Daemon Server] - 2024-06-13T11:46:35.187Z - [WATCHER]: Processing file changes in outputs
[NX Daemon Server] - 2024-06-13T11:46:36.479Z - [WATCHER]: Processing file changes in outputs
[NX Daemon Server] - 2024-06-13T11:46:36.678Z - [REQUEST]: Client Request for Project Graph Received
[NX Daemon Server] - 2024-06-13T11:46:36.678Z - [REQUEST]: Responding to the client. project-graph
[NX Daemon Server] - 2024-06-13T11:46:36.679Z - Time taken for 'total for creating and serializing project graph' 0.09187500000007276ms
[NX Daemon Server] - 2024-06-13T11:46:36.682Z - Done responding to the client project-graph
[NX Daemon Server] - 2024-06-13T11:46:36.682Z - Handled REQUEST_PROJECT_GRAPH. Handling time: 0. Response time: 4.
[NX Daemon Server] - 2024-06-13T11:46:36.709Z - [WATCHER]: Processing file changes in outputs
[NX Daemon Server] - 2024-06-13T11:46:39.626Z - [WATCHER]: Processing file changes in outputs
[NX Daemon Server] - 2024-06-13T11:46:40.727Z - [WATCHER]: Processing file changes in outputs
[NX Daemon Server] - 2024-06-13T11:46:40.856Z - [WATCHER]: Processing file changes in outputs
[NX Daemon Server] - 2024-06-13T11:46:42.145Z - [WATCHER]: Processing file changes in outputs
[NX Daemon Server] - 2024-06-13T11:46:42.261Z - [WATCHER]: Processing file changes in outputs
[NX Daemon Server] - 2024-06-13T11:46:42.509Z - [WATCHER]: Processing file changes in outputs
[NX Daemon Server] - 2024-06-13T11:46:43.231Z - [WATCHER]: Processing file changes in outputs
[NX Daemon Server] - 2024-06-13T11:46:43.832Z - [WATCHER]: Processing file changes in outputs
[NX Daemon Server] - 2024-06-13T11:46:43.941Z - [WATCHER]: Processing file changes in outputs
[NX Daemon Server] - 2024-06-13T11:46:44.014Z - [WATCHER]: Processing file changes in outputs
[NX Daemon Server] - 2024-06-13T11:46:44.803Z - [WATCHER]: Processing file changes in outputs
[NX Daemon Server] - 2024-06-13T11:47:43.488Z - [WATCHER]: Processing file changes in outputs
[NX Daemon Server] - 2024-06-13T11:47:43.554Z - [WATCHER]: Processing file changes in outputs
[NX Daemon Server] - 2024-06-13T11:47:43.653Z - [WATCHER]: Processing file changes in outputs
[NX Daemon Server] - 2024-06-13T11:47:45.028Z - [WATCHER]: Processing file changes in outputs
[NX Daemon Server] - 2024-06-13T11:47:45.121Z - [WATCHER]: Processing file changes in outputs
[NX Daemon Server] - 2024-06-13T11:47:45.181Z - [WATCHER]: Processing file changes in outputs
[NX Daemon Server] - 2024-06-13T11:47:45.289Z - [WATCHER]: Processing file changes in outputs
[NX Daemon Server] - 2024-06-13T12:01:00.729Z - [WATCHER]: Processing file changes in outputs
[NX Daemon Server] - 2024-06-13T12:01:00.732Z - [WATCHER]: package.json was modified
[NX Daemon Server] - 2024-06-13T12:01:00.837Z - [REQUEST]: Updated workspace context based on watched changes, recomputing project graph...
[NX Daemon Server] - 2024-06-13T12:01:00.837Z - [REQUEST]: package.json
[NX Daemon Server] - 2024-06-13T12:01:00.837Z - [REQUEST]: 
[NX Daemon Server] - 2024-06-13T12:01:00.945Z - Time taken for 'hash changed files from watcher' 1.3321660000365227ms
[NX Daemon Server] - 2024-06-13T12:01:01.104Z - [WATCHER]: Processing file changes in outputs
[NX Daemon Server] - 2024-06-13T12:01:05.886Z - Closed a connection. Number of open connections: 2
[NX Daemon Server] - 2024-06-13T12:01:05.895Z - Closed a connection. Number of open connections: 1
[NX Daemon Server] - 2024-06-13T12:01:05.897Z - [REQUEST]: Responding to the client. recordOutputsHash
[NX Daemon Server] - 2024-06-13T12:01:05.897Z - Done responding to the client recordOutputsHash
[NX Daemon Server] - 2024-06-13T12:01:05.897Z - Handled RECORD_OUTPUTS_HASH. Handling time: 0. Response time: 0.
[NX Daemon Server] - 2024-06-13T12:01:05.901Z - Closed a connection. Number of open connections: 0
[NX Daemon Server] - 2024-06-13T12:01:05.948Z - [WATCHER]: Processing file changes in outputs
[NX Daemon Server] - 2024-06-13T12:01:06.314Z - Established a connection. Number of open connections: 1
[NX Daemon Server] - 2024-06-13T12:01:06.314Z - Closed a connection. Number of open connections: 0
[NX Daemon Server] - 2024-06-13T12:01:06.314Z - Established a connection. Number of open connections: 1
[NX Daemon Server] - 2024-06-13T12:01:06.315Z - [REQUEST]: Client Request for Project Graph Received
[NX Daemon Server] - 2024-06-13T12:01:06.315Z - [REQUEST]: Responding to the client. project-graph
[NX Daemon Server] - 2024-06-13T12:01:06.315Z - Time taken for 'total for creating and serializing project graph' 0.05400000000372529ms
[NX Daemon Server] - 2024-06-13T12:01:06.316Z - Done responding to the client project-graph
[NX Daemon Server] - 2024-06-13T12:01:06.316Z - Handled REQUEST_PROJECT_GRAPH. Handling time: 0. Response time: 1.
[NX Daemon Server] - 2024-06-13T12:01:06.881Z - Closed a connection. Number of open connections: 0
[NX Daemon Server] - 2024-06-13T12:01:06.939Z - [WATCHER]: Processing file changes in outputs
[NX Daemon Server] - 2024-06-13T12:01:18.014Z - [WATCHER]: _tmp_50077_e4a67d36534244ca2ce1972949612d51 was deleted
[NX Daemon Server] - 2024-06-13T12:01:18.014Z - [WATCHER]: Processing file changes in outputs
[NX Daemon Server] - 2024-06-13T12:01:18.115Z - [REQUEST]: Updated workspace context based on watched changes, recomputing project graph...
[NX Daemon Server] - 2024-06-13T12:01:18.115Z - [REQUEST]: 
[NX Daemon Server] - 2024-06-13T12:01:18.116Z - [REQUEST]: _tmp_50077_e4a67d36534244ca2ce1972949612d51
[NX Daemon Server] - 2024-06-13T12:01:18.165Z - Time taken for 'hash changed files from watcher' 0.25858299992978573ms
[NX Daemon Server] - 2024-06-13T12:01:19.373Z - [WATCHER]: Processing file changes in outputs
[NX Daemon Server] - 2024-06-13T12:01:19.373Z - [WATCHER]: Stopping the watcher for /Users/zpydee/Documents/Github/spwntch/workspace (sources)
[NX Daemon Server] - 2024-06-13T12:01:19.373Z - [WATCHER]: Stopping the watcher for /Users/zpydee/Documents/Github/spwntch/workspace (outputs)
[NX Daemon Server] - 2024-06-13T12:01:19.374Z - Server stopped because: "LOCK_FILES_CHANGED"
[NX Daemon Server] - 2024-06-13T12:01:27.797Z - Started listening on: /var/folders/tc/wk467jc11zqc2dd4mxl2bc1h0000gn/T/2fdebc5bb397ac766608/d.sock
[NX Daemon Server] - 2024-06-13T12:01:27.799Z - [WATCHER]: Subscribed to changes within: /Users/zpydee/Documents/Github/spwntch/workspace (native)
[NX Daemon Server] - 2024-06-13T12:01:27.800Z - Established a connection. Number of open connections: 1
[NX Daemon Server] - 2024-06-13T12:01:27.800Z - Established a connection. Number of open connections: 2
[NX Daemon Server] - 2024-06-13T12:01:27.801Z - Closed a connection. Number of open connections: 1
[NX Daemon Server] - 2024-06-13T12:01:27.802Z - [REQUEST]: Client Request for Project Graph Received
[NX Daemon Server] - 2024-06-13T12:01:27.841Z - [REQUEST]: Updated workspace context based on watched changes, recomputing project graph...
[NX Daemon Server] - 2024-06-13T12:01:27.841Z - [REQUEST]: 
[NX Daemon Server] - 2024-06-13T12:01:27.842Z - [REQUEST]: 
[NX Daemon Server] - 2024-06-13T12:01:28.583Z - [REQUEST]: Responding to the client. project-graph
[NX Daemon Server] - 2024-06-13T12:01:28.583Z - Time taken for 'total for creating and serializing project graph' 781.351708ms
[NX Daemon Server] - 2024-06-13T12:01:28.585Z - Done responding to the client project-graph
[NX Daemon Server] - 2024-06-13T12:01:28.585Z - Handled REQUEST_PROJECT_GRAPH. Handling time: 782. Response time: 2.
[NX Daemon Server] - 2024-06-13T12:01:28.600Z - [REQUEST]: Responding to the client. handleHashTasks
[NX Daemon Server] - 2024-06-13T12:01:28.601Z - Done responding to the client handleHashTasks
[NX Daemon Server] - 2024-06-13T12:01:28.601Z - Handled HASH_TASKS. Handling time: 10. Response time: 1.
[NX Daemon Server] - 2024-06-13T12:01:29.295Z - Established a connection. Number of open connections: 2
[NX Daemon Server] - 2024-06-13T12:01:29.296Z - Closed a connection. Number of open connections: 1
[NX Daemon Server] - 2024-06-13T12:01:29.296Z - Established a connection. Number of open connections: 2
[NX Daemon Server] - 2024-06-13T12:01:29.297Z - [REQUEST]: Client Request for Project Graph Received
[NX Daemon Server] - 2024-06-13T12:01:29.297Z - [REQUEST]: Responding to the client. project-graph
[NX Daemon Server] - 2024-06-13T12:01:29.297Z - Time taken for 'total for creating and serializing project graph' 0.06258299999990413ms
[NX Daemon Server] - 2024-06-13T12:01:29.298Z - Done responding to the client project-graph
[NX Daemon Server] - 2024-06-13T12:01:29.299Z - Handled REQUEST_PROJECT_GRAPH. Handling time: 0. Response time: 2.
[NX Daemon Server] - 2024-06-13T12:01:29.718Z - Established a connection. Number of open connections: 3
[NX Daemon Server] - 2024-06-13T12:01:29.718Z - Closed a connection. Number of open connections: 2
[NX Daemon Server] - 2024-06-13T12:01:29.718Z - Established a connection. Number of open connections: 3
[NX Daemon Server] - 2024-06-13T12:01:29.719Z - [REQUEST]: Client Request for Project Graph Received
[NX Daemon Server] - 2024-06-13T12:01:29.719Z - [REQUEST]: Responding to the client. project-graph
[NX Daemon Server] - 2024-06-13T12:01:29.719Z - Time taken for 'total for creating and serializing project graph' 0.1043329999999969ms
[NX Daemon Server] - 2024-06-13T12:01:29.720Z - Done responding to the client project-graph
[NX Daemon Server] - 2024-06-13T12:01:29.720Z - Handled REQUEST_PROJECT_GRAPH. Handling time: 0. Response time: 1.
[NX Daemon Server] - 2024-06-13T12:01:29.748Z - [REQUEST]: Client Request for Project Graph Received
[NX Daemon Server] - 2024-06-13T12:01:29.748Z - [REQUEST]: Responding to the client. project-graph
[NX Daemon Server] - 2024-06-13T12:01:29.749Z - Time taken for 'total for creating and serializing project graph' 0.13429200000018682ms
[NX Daemon Server] - 2024-06-13T12:01:29.750Z - Done responding to the client project-graph
[NX Daemon Server] - 2024-06-13T12:01:29.750Z - Handled REQUEST_PROJECT_GRAPH. Handling time: 0. Response time: 2.
[NX Daemon Server] - 2024-06-13T12:01:33.176Z - [WATCHER]: Processing file changes in outputs
[NX Daemon Server] - 2024-06-13T12:01:34.477Z - [WATCHER]: Processing file changes in outputs
[NX Daemon Server] - 2024-06-13T12:01:34.685Z - [REQUEST]: Client Request for Project Graph Received
[NX Daemon Server] - 2024-06-13T12:01:34.685Z - [REQUEST]: Responding to the client. project-graph
[NX Daemon Server] - 2024-06-13T12:01:34.685Z - Time taken for 'total for creating and serializing project graph' 0.11599999999998545ms
[NX Daemon Server] - 2024-06-13T12:01:34.688Z - Done responding to the client project-graph
[NX Daemon Server] - 2024-06-13T12:01:34.689Z - Handled REQUEST_PROJECT_GRAPH. Handling time: 0. Response time: 4.
[NX Daemon Server] - 2024-06-13T12:01:34.714Z - [WATCHER]: Processing file changes in outputs
[NX Daemon Server] - 2024-06-13T12:01:36.208Z - [WATCHER]: Processing file changes in outputs
[NX Daemon Server] - 2024-06-13T12:01:53.986Z - [WATCHER]: Processing file changes in outputs
[NX Daemon Server] - 2024-06-13T12:01:57.175Z - [WATCHER]: Processing file changes in outputs
[NX Daemon Server] - 2024-06-13T12:01:58.009Z - [WATCHER]: Processing file changes in outputs
[NX Daemon Server] - 2024-06-13T12:01:58.252Z - [WATCHER]: Processing file changes in outputs
[NX Daemon Server] - 2024-06-13T12:01:58.306Z - [WATCHER]: Processing file changes in outputs
[NX Daemon Server] - 2024-06-13T12:01:58.858Z - [WATCHER]: Processing file changes in outputs
[NX Daemon Server] - 2024-06-13T12:01:59.480Z - [WATCHER]: Processing file changes in outputs
[NX Daemon Server] - 2024-06-13T12:01:59.698Z - [WATCHER]: Processing file changes in outputs
[NX Daemon Server] - 2024-06-13T12:02:00.040Z - [WATCHER]: Processing file changes in outputs
[NX Daemon Server] - 2024-06-13T12:02:00.352Z - [WATCHER]: Processing file changes in outputs
[NX Daemon Server] - 2024-06-13T12:02:59.543Z - [WATCHER]: Processing file changes in outputs
[NX Daemon Server] - 2024-06-13T12:02:59.910Z - [WATCHER]: Processing file changes in outputs
[NX Daemon Server] - 2024-06-13T12:02:59.970Z - [WATCHER]: Processing file changes in outputs
[NX Daemon Server] - 2024-06-13T12:03:00.022Z - [WATCHER]: Processing file changes in outputs
[NX Daemon Server] - 2024-06-13T12:03:00.371Z - [WATCHER]: Processing file changes in outputs
[NX Daemon Server] - 2024-06-13T12:03:00.504Z - [WATCHER]: Processing file changes in outputs
[NX Daemon Server] - 2024-06-13T12:03:00.614Z - [WATCHER]: Processing file changes in outputs
[NX Daemon Server] - 2024-06-13T12:03:23.495Z - Closed a connection. Number of open connections: 2
[NX Daemon Server] - 2024-06-13T12:03:23.503Z - Closed a connection. Number of open connections: 1
[NX Daemon Server] - 2024-06-13T12:03:23.505Z - [REQUEST]: Responding to the client. recordOutputsHash
[NX Daemon Server] - 2024-06-13T12:03:23.506Z - Done responding to the client recordOutputsHash
[NX Daemon Server] - 2024-06-13T12:03:23.506Z - Handled RECORD_OUTPUTS_HASH. Handling time: 0. Response time: 1.
[NX Daemon Server] - 2024-06-13T12:03:23.509Z - Closed a connection. Number of open connections: 0
[NX Daemon Server] - 2024-06-13T12:03:23.560Z - [WATCHER]: Processing file changes in outputs
[NX Daemon Server] - 2024-06-13T12:03:23.880Z - Established a connection. Number of open connections: 1
[NX Daemon Server] - 2024-06-13T12:03:23.881Z - Closed a connection. Number of open connections: 0
[NX Daemon Server] - 2024-06-13T12:03:23.881Z - Established a connection. Number of open connections: 1
[NX Daemon Server] - 2024-06-13T12:03:23.882Z - [REQUEST]: Client Request for Project Graph Received
[NX Daemon Server] - 2024-06-13T12:03:23.882Z - [REQUEST]: Responding to the client. project-graph
[NX Daemon Server] - 2024-06-13T12:03:23.882Z - Time taken for 'total for creating and serializing project graph' 0.0922500000015134ms
[NX Daemon Server] - 2024-06-13T12:03:23.883Z - Done responding to the client project-graph
[NX Daemon Server] - 2024-06-13T12:03:23.883Z - Handled REQUEST_PROJECT_GRAPH. Handling time: 0. Response time: 1.
[NX Daemon Server] - 2024-06-13T12:03:24.354Z - Closed a connection. Number of open connections: 0
[NX Daemon Server] - 2024-06-13T12:03:24.414Z - [WATCHER]: Processing file changes in outputs
[NX Daemon Server] - 2024-06-13T12:08:15.786Z - [WATCHER]: Processing file changes in outputs
[NX Daemon Server] - 2024-06-13T12:08:15.790Z - [WATCHER]: Stopping the watcher for /Users/zpydee/Documents/Github/spwntch/workspace (sources)
[NX Daemon Server] - 2024-06-13T12:08:15.790Z - [WATCHER]: Stopping the watcher for /Users/zpydee/Documents/Github/spwntch/workspace (outputs)
[NX Daemon Server] - 2024-06-13T12:08:15.790Z - Server stopped because: "LOCK_FILES_CHANGED"
[NX Daemon Server] - 2024-06-13T12:09:06.240Z - Started listening on: /var/folders/tc/wk467jc11zqc2dd4mxl2bc1h0000gn/T/2fdebc5bb397ac766608/d.sock
[NX Daemon Server] - 2024-06-13T12:09:06.241Z - [WATCHER]: Subscribed to changes within: /Users/zpydee/Documents/Github/spwntch/workspace (native)
[NX Daemon Server] - 2024-06-13T12:09:06.250Z - Established a connection. Number of open connections: 1
[NX Daemon Server] - 2024-06-13T12:09:06.251Z - Established a connection. Number of open connections: 2
[NX Daemon Server] - 2024-06-13T12:09:06.252Z - Closed a connection. Number of open connections: 1
[NX Daemon Server] - 2024-06-13T12:09:06.252Z - [REQUEST]: Client Request for Project Graph Received
[NX Daemon Server] - 2024-06-13T12:09:06.305Z - [REQUEST]: Updated workspace context based on watched changes, recomputing project graph...
[NX Daemon Server] - 2024-06-13T12:09:06.305Z - [REQUEST]: 
[NX Daemon Server] - 2024-06-13T12:09:06.305Z - [REQUEST]: 
[NX Daemon Server] - 2024-06-13T12:09:07.028Z - [REQUEST]: Responding to the client. project-graph
[NX Daemon Server] - 2024-06-13T12:09:07.028Z - Time taken for 'total for creating and serializing project graph' 775.78775ms
[NX Daemon Server] - 2024-06-13T12:09:07.030Z - Done responding to the client project-graph
[NX Daemon Server] - 2024-06-13T12:09:07.030Z - Handled REQUEST_PROJECT_GRAPH. Handling time: 776. Response time: 2.
[NX Daemon Server] - 2024-06-13T12:09:07.044Z - [REQUEST]: Responding to the client. handleHashTasks
[NX Daemon Server] - 2024-06-13T12:09:07.045Z - Done responding to the client handleHashTasks
[NX Daemon Server] - 2024-06-13T12:09:07.045Z - Handled HASH_TASKS. Handling time: 9. Response time: 1.
[NX Daemon Server] - 2024-06-13T12:09:07.665Z - Established a connection. Number of open connections: 2
[NX Daemon Server] - 2024-06-13T12:09:07.666Z - Closed a connection. Number of open connections: 1
[NX Daemon Server] - 2024-06-13T12:09:07.666Z - Established a connection. Number of open connections: 2
[NX Daemon Server] - 2024-06-13T12:09:07.667Z - [REQUEST]: Client Request for Project Graph Received
[NX Daemon Server] - 2024-06-13T12:09:07.667Z - [REQUEST]: Responding to the client. project-graph
[NX Daemon Server] - 2024-06-13T12:09:07.667Z - Time taken for 'total for creating and serializing project graph' 0.06991699999980483ms
[NX Daemon Server] - 2024-06-13T12:09:07.668Z - Done responding to the client project-graph
[NX Daemon Server] - 2024-06-13T12:09:07.669Z - Handled REQUEST_PROJECT_GRAPH. Handling time: 0. Response time: 1.
[NX Daemon Server] - 2024-06-13T12:09:08.058Z - Established a connection. Number of open connections: 3
[NX Daemon Server] - 2024-06-13T12:09:08.058Z - Closed a connection. Number of open connections: 2
[NX Daemon Server] - 2024-06-13T12:09:08.058Z - Established a connection. Number of open connections: 3
[NX Daemon Server] - 2024-06-13T12:09:08.059Z - [REQUEST]: Client Request for Project Graph Received
[NX Daemon Server] - 2024-06-13T12:09:08.059Z - [REQUEST]: Responding to the client. project-graph
[NX Daemon Server] - 2024-06-13T12:09:08.059Z - Time taken for 'total for creating and serializing project graph' 0.09220900000013899ms
[NX Daemon Server] - 2024-06-13T12:09:08.061Z - Done responding to the client project-graph
[NX Daemon Server] - 2024-06-13T12:09:08.061Z - Handled REQUEST_PROJECT_GRAPH. Handling time: 0. Response time: 2.
[NX Daemon Server] - 2024-06-13T12:09:08.089Z - [REQUEST]: Client Request for Project Graph Received
[NX Daemon Server] - 2024-06-13T12:09:08.089Z - [REQUEST]: Responding to the client. project-graph
[NX Daemon Server] - 2024-06-13T12:09:08.090Z - Time taken for 'total for creating and serializing project graph' 0.1623340000001008ms
[NX Daemon Server] - 2024-06-13T12:09:08.090Z - Done responding to the client project-graph
[NX Daemon Server] - 2024-06-13T12:09:08.090Z - Handled REQUEST_PROJECT_GRAPH. Handling time: 0. Response time: 1.
[NX Daemon Server] - 2024-06-13T12:09:11.186Z - [WATCHER]: Processing file changes in outputs
[NX Daemon Server] - 2024-06-13T12:09:13.424Z - [WATCHER]: Processing file changes in outputs
[NX Daemon Server] - 2024-06-13T12:09:13.623Z - [REQUEST]: Client Request for Project Graph Received
[NX Daemon Server] - 2024-06-13T12:09:13.623Z - [REQUEST]: Responding to the client. project-graph
[NX Daemon Server] - 2024-06-13T12:09:13.624Z - Time taken for 'total for creating and serializing project graph' 0.1297920000006343ms
[NX Daemon Server] - 2024-06-13T12:09:13.628Z - Done responding to the client project-graph
[NX Daemon Server] - 2024-06-13T12:09:13.628Z - Handled REQUEST_PROJECT_GRAPH. Handling time: 0. Response time: 5.
[NX Daemon Server] - 2024-06-13T12:09:13.653Z - [WATCHER]: Processing file changes in outputs
[NX Daemon Server] - 2024-06-13T12:09:22.154Z - [WATCHER]: Processing file changes in outputs
[NX Daemon Server] - 2024-06-13T12:09:23.705Z - [WATCHER]: Processing file changes in outputs
[NX Daemon Server] - 2024-06-13T12:09:24.058Z - [WATCHER]: Processing file changes in outputs
[NX Daemon Server] - 2024-06-13T12:09:25.221Z - [WATCHER]: Processing file changes in outputs
[NX Daemon Server] - 2024-06-13T12:09:25.294Z - [WATCHER]: Processing file changes in outputs
[NX Daemon Server] - 2024-06-13T12:09:25.367Z - [WATCHER]: Processing file changes in outputs
[NX Daemon Server] - 2024-06-13T12:09:25.483Z - [WATCHER]: Processing file changes in outputs
[NX Daemon Server] - 2024-06-13T12:09:25.613Z - [WATCHER]: Processing file changes in outputs
[NX Daemon Server] - 2024-06-13T12:09:26.322Z - [WATCHER]: Processing file changes in outputs
[NX Daemon Server] - 2024-06-13T12:09:26.484Z - [WATCHER]: Processing file changes in outputs
[NX Daemon Server] - 2024-06-13T12:09:26.578Z - [WATCHER]: Processing file changes in outputs
[NX Daemon Server] - 2024-06-13T12:11:27.773Z - [WATCHER]: apps/spawntech-io/src/app/global.css was modified
[NX Daemon Server] - 2024-06-13T12:11:27.773Z - [WATCHER]: Processing file changes in outputs
[NX Daemon Server] - 2024-06-13T12:11:27.875Z - [REQUEST]: Updated workspace context based on watched changes, recomputing project graph...
[NX Daemon Server] - 2024-06-13T12:11:27.875Z - [REQUEST]: apps/spawntech-io/src/app/global.css
[NX Daemon Server] - 2024-06-13T12:11:27.875Z - [REQUEST]: 
[NX Daemon Server] - 2024-06-13T12:11:28.392Z - [WATCHER]: Processing file changes in outputs
[NX Daemon Server] - 2024-06-13T12:11:28.392Z - [WATCHER]: Processing file changes in outputs
[NX Daemon Server] - 2024-06-13T12:11:28.393Z - Time taken for 'hash changed files from watcher' 0.27333399999770336ms
[NX Daemon Server] - 2024-06-13T12:11:28.893Z - [WATCHER]: apps/spawntech-io/src/app/global.css was modified
[NX Daemon Server] - 2024-06-13T12:11:28.893Z - [WATCHER]: Processing file changes in outputs
[NX Daemon Server] - 2024-06-13T12:11:29.005Z - [WATCHER]: Processing file changes in outputs
[NX Daemon Server] - 2024-06-13T12:11:29.095Z - [REQUEST]: Updated workspace context based on watched changes, recomputing project graph...
[NX Daemon Server] - 2024-06-13T12:11:29.095Z - [REQUEST]: apps/spawntech-io/src/app/global.css
[NX Daemon Server] - 2024-06-13T12:11:29.095Z - [REQUEST]: 
[NX Daemon Server] - 2024-06-13T12:11:29.136Z - Time taken for 'hash changed files from watcher' 0.22716700000455603ms
[NX Daemon Server] - 2024-06-13T12:11:29.203Z - [WATCHER]: Processing file changes in outputs
[NX Daemon Server] - 2024-06-13T12:11:31.908Z - [WATCHER]: apps/spawntech-io/src/app/global.css was modified
[NX Daemon Server] - 2024-06-13T12:11:31.908Z - [WATCHER]: Processing file changes in outputs
[NX Daemon Server] - 2024-06-13T12:11:32.022Z - [WATCHER]: Processing file changes in outputs
[NX Daemon Server] - 2024-06-13T12:11:32.244Z - [WATCHER]: Processing file changes in outputs
[NX Daemon Server] - 2024-06-13T12:11:32.310Z - [REQUEST]: Updated workspace context based on watched changes, recomputing project graph...
[NX Daemon Server] - 2024-06-13T12:11:32.310Z - [REQUEST]: apps/spawntech-io/src/app/global.css
[NX Daemon Server] - 2024-06-13T12:11:32.310Z - [REQUEST]: 
[NX Daemon Server] - 2024-06-13T12:11:32.347Z - Time taken for 'hash changed files from watcher' 0.24258299998473376ms
[NX Daemon Server] - 2024-06-13T12:11:34.904Z - [WATCHER]: apps/spawntech-io/src/app/global.css was modified
[NX Daemon Server] - 2024-06-13T12:11:34.904Z - [WATCHER]: Processing file changes in outputs
[NX Daemon Server] - 2024-06-13T12:11:35.166Z - [WATCHER]: Processing file changes in outputs
[NX Daemon Server] - 2024-06-13T12:11:35.706Z - [REQUEST]: Updated workspace context based on watched changes, recomputing project graph...
[NX Daemon Server] - 2024-06-13T12:11:35.706Z - [REQUEST]: apps/spawntech-io/src/app/global.css
[NX Daemon Server] - 2024-06-13T12:11:35.706Z - [REQUEST]: 
[NX Daemon Server] - 2024-06-13T12:11:35.742Z - Time taken for 'hash changed files from watcher' 0.21691599997575395ms
[NX Daemon Server] - 2024-06-13T12:11:35.824Z - [WATCHER]: Processing file changes in outputs
[NX Daemon Server] - 2024-06-13T12:11:36.254Z - [WATCHER]: Processing file changes in outputs
[NX Daemon Server] - 2024-06-13T12:11:37.813Z - [WATCHER]: Processing file changes in outputs
[NX Daemon Server] - 2024-06-13T12:11:38.085Z - [WATCHER]: Processing file changes in outputs
[NX Daemon Server] - 2024-06-13T12:11:39.832Z - [WATCHER]: apps/spawntech-io/src/app/global.css was modified
[NX Daemon Server] - 2024-06-13T12:11:39.833Z - [WATCHER]: Processing file changes in outputs
[NX Daemon Server] - 2024-06-13T12:11:39.960Z - [WATCHER]: Processing file changes in outputs
[NX Daemon Server] - 2024-06-13T12:11:41.435Z - [REQUEST]: Updated workspace context based on watched changes, recomputing project graph...
[NX Daemon Server] - 2024-06-13T12:11:41.436Z - [REQUEST]: apps/spawntech-io/src/app/global.css
[NX Daemon Server] - 2024-06-13T12:11:41.436Z - [REQUEST]: 
[NX Daemon Server] - 2024-06-13T12:11:41.493Z - Time taken for 'hash changed files from watcher' 1.1192499999888241ms
[NX Daemon Server] - 2024-06-13T12:11:47.238Z - [WATCHER]: apps/spawntech-io/src/app/global.css was modified
[NX Daemon Server] - 2024-06-13T12:11:47.238Z - [WATCHER]: Processing file changes in outputs
[NX Daemon Server] - 2024-06-13T12:11:47.348Z - [WATCHER]: Processing file changes in outputs
[NX Daemon Server] - 2024-06-13T12:11:50.440Z - [REQUEST]: Updated workspace context based on watched changes, recomputing project graph...
[NX Daemon Server] - 2024-06-13T12:11:50.441Z - [REQUEST]: apps/spawntech-io/src/app/global.css
[NX Daemon Server] - 2024-06-13T12:11:50.441Z - [REQUEST]: 
[NX Daemon Server] - 2024-06-13T12:11:50.501Z - Time taken for 'hash changed files from watcher' 0.6630420000001322ms
[NX Daemon Server] - 2024-06-13T12:11:59.745Z - [WATCHER]: apps/spawntech-io/src/app/global.css was modified
[NX Daemon Server] - 2024-06-13T12:11:59.746Z - [WATCHER]: Processing file changes in outputs
[NX Daemon Server] - 2024-06-13T12:12:00.070Z - [WATCHER]: Processing file changes in outputs
[NX Daemon Server] - 2024-06-13T12:12:00.169Z - [WATCHER]: Processing file changes in outputs
[NX Daemon Server] - 2024-06-13T12:12:00.295Z - [WATCHER]: Processing file changes in outputs
[NX Daemon Server] - 2024-06-13T12:12:00.385Z - [WATCHER]: Processing file changes in outputs
[NX Daemon Server] - 2024-06-13T12:12:00.492Z - [WATCHER]: Processing file changes in outputs
[NX Daemon Server] - 2024-06-13T12:12:02.580Z - [WATCHER]: apps/spawntech-io/src/app/global.css was modified
[NX Daemon Server] - 2024-06-13T12:12:02.580Z - [WATCHER]: Processing file changes in outputs
[NX Daemon Server] - 2024-06-13T12:12:02.873Z - [WATCHER]: Processing file changes in outputs
[NX Daemon Server] - 2024-06-13T12:12:06.148Z - [REQUEST]: Updated workspace context based on watched changes, recomputing project graph...
[NX Daemon Server] - 2024-06-13T12:12:06.148Z - [REQUEST]: apps/spawntech-io/src/app/global.css
[NX Daemon Server] - 2024-06-13T12:12:06.148Z - [REQUEST]: 
[NX Daemon Server] - 2024-06-13T12:12:06.194Z - Time taken for 'hash changed files from watcher' 1.1012920000066515ms
[NX Daemon Server] - 2024-06-13T12:12:09.579Z - [WATCHER]: apps/spawntech-io/src/app/global.css was modified
[NX Daemon Server] - 2024-06-13T12:12:09.579Z - [WATCHER]: Processing file changes in outputs
[NX Daemon Server] - 2024-06-13T12:12:09.709Z - [WATCHER]: Processing file changes in outputs
[NX Daemon Server] - 2024-06-13T12:12:09.982Z - [WATCHER]: Processing file changes in outputs
[NX Daemon Server] - 2024-06-13T12:12:15.981Z - [REQUEST]: Updated workspace context based on watched changes, recomputing project graph...
[NX Daemon Server] - 2024-06-13T12:12:15.983Z - [REQUEST]: apps/spawntech-io/src/app/global.css
[NX Daemon Server] - 2024-06-13T12:12:15.983Z - [REQUEST]: 
[NX Daemon Server] - 2024-06-13T12:12:16.042Z - Time taken for 'hash changed files from watcher' 0.9937500000232831ms
[NX Daemon Server] - 2024-06-13T12:12:23.956Z - [WATCHER]: apps/spawntech-io/src/app/global.css was modified
[NX Daemon Server] - 2024-06-13T12:12:23.956Z - [WATCHER]: Processing file changes in outputs
[NX Daemon Server] - 2024-06-13T12:12:24.166Z - [WATCHER]: Processing file changes in outputs
[NX Daemon Server] - 2024-06-13T12:12:24.320Z - [WATCHER]: Processing file changes in outputs
[NX Daemon Server] - 2024-06-13T12:12:27.307Z - [WATCHER]: apps/spawntech-io/src/app/global.css was modified
[NX Daemon Server] - 2024-06-13T12:12:27.307Z - [WATCHER]: Processing file changes in outputs
[NX Daemon Server] - 2024-06-13T12:12:27.427Z - [WATCHER]: Processing file changes in outputs
[NX Daemon Server] - 2024-06-13T12:12:27.595Z - [WATCHER]: Processing file changes in outputs
[NX Daemon Server] - 2024-06-13T12:12:30.358Z - [REQUEST]: Updated workspace context based on watched changes, recomputing project graph...
[NX Daemon Server] - 2024-06-13T12:12:30.359Z - [REQUEST]: apps/spawntech-io/src/app/global.css
[NX Daemon Server] - 2024-06-13T12:12:30.359Z - [REQUEST]: 
[NX Daemon Server] - 2024-06-13T12:12:30.417Z - Time taken for 'hash changed files from watcher' 0.8160419999912847ms
[NX Daemon Server] - 2024-06-13T12:12:32.035Z - [WATCHER]: apps/spawntech-io/src/app/global.css was modified
[NX Daemon Server] - 2024-06-13T12:12:32.036Z - [WATCHER]: Processing file changes in outputs
[NX Daemon Server] - 2024-06-13T12:12:32.174Z - [WATCHER]: Processing file changes in outputs
[NX Daemon Server] - 2024-06-13T12:12:32.336Z - [WATCHER]: Processing file changes in outputs
[NX Daemon Server] - 2024-06-13T12:12:38.154Z - [WATCHER]: apps/spawntech-io/src/app/global.css was modified
[NX Daemon Server] - 2024-06-13T12:12:38.155Z - [WATCHER]: Processing file changes in outputs
[NX Daemon Server] - 2024-06-13T12:12:38.362Z - [WATCHER]: Processing file changes in outputs
[NX Daemon Server] - 2024-06-13T12:12:38.437Z - [REQUEST]: Updated workspace context based on watched changes, recomputing project graph...
[NX Daemon Server] - 2024-06-13T12:12:38.437Z - [REQUEST]: apps/spawntech-io/src/app/global.css
[NX Daemon Server] - 2024-06-13T12:12:38.437Z - [REQUEST]: 
[NX Daemon Server] - 2024-06-13T12:12:38.480Z - [WATCHER]: Processing file changes in outputs
[NX Daemon Server] - 2024-06-13T12:12:38.481Z - Time taken for 'hash changed files from watcher' 0.19395800001802854ms
[NX Daemon Server] - 2024-06-13T12:12:43.888Z - [WATCHER]: apps/spawntech-io/src/app/global.css was modified
[NX Daemon Server] - 2024-06-13T12:12:43.889Z - [WATCHER]: Processing file changes in outputs
[NX Daemon Server] - 2024-06-13T12:12:44.078Z - [WATCHER]: Processing file changes in outputs
[NX Daemon Server] - 2024-06-13T12:12:44.173Z - [WATCHER]: Processing file changes in outputs
[NX Daemon Server] - 2024-06-13T12:12:47.493Z - [WATCHER]: apps/spawntech-io/src/app/global.css was modified
[NX Daemon Server] - 2024-06-13T12:12:47.493Z - [WATCHER]: Processing file changes in outputs
[NX Daemon Server] - 2024-06-13T12:12:47.646Z - [WATCHER]: Processing file changes in outputs
[NX Daemon Server] - 2024-06-13T12:12:47.838Z - [WATCHER]: Processing file changes in outputs
[NX Daemon Server] - 2024-06-13T12:12:50.292Z - [REQUEST]: Updated workspace context based on watched changes, recomputing project graph...
[NX Daemon Server] - 2024-06-13T12:12:50.293Z - [REQUEST]: apps/spawntech-io/src/app/global.css
[NX Daemon Server] - 2024-06-13T12:12:50.293Z - [REQUEST]: 
[NX Daemon Server] - 2024-06-13T12:12:50.346Z - Time taken for 'hash changed files from watcher' 1.099541000003228ms
[NX Daemon Server] - 2024-06-13T12:12:51.634Z - [WATCHER]: apps/spawntech-io/src/app/global.css was modified
[NX Daemon Server] - 2024-06-13T12:12:51.634Z - [WATCHER]: Processing file changes in outputs
[NX Daemon Server] - 2024-06-13T12:12:51.812Z - [WATCHER]: Processing file changes in outputs
[NX Daemon Server] - 2024-06-13T12:12:51.902Z - [WATCHER]: Processing file changes in outputs
[NX Daemon Server] - 2024-06-13T12:12:54.403Z - [WATCHER]: apps/spawntech-io/src/app/global.css was modified
[NX Daemon Server] - 2024-06-13T12:12:54.403Z - [WATCHER]: Processing file changes in outputs
[NX Daemon Server] - 2024-06-13T12:12:54.517Z - [WATCHER]: Processing file changes in outputs
[NX Daemon Server] - 2024-06-13T12:12:54.669Z - [WATCHER]: Processing file changes in outputs
[NX Daemon Server] - 2024-06-13T12:12:58.036Z - [REQUEST]: Updated workspace context based on watched changes, recomputing project graph...
[NX Daemon Server] - 2024-06-13T12:12:58.037Z - [REQUEST]: apps/spawntech-io/src/app/global.css
[NX Daemon Server] - 2024-06-13T12:12:58.037Z - [REQUEST]: 
[NX Daemon Server] - 2024-06-13T12:12:58.084Z - Time taken for 'hash changed files from watcher' 0.9907500000263099ms
[NX Daemon Server] - 2024-06-13T12:13:54.646Z - [WATCHER]: Processing file changes in outputs
[NX Daemon Server] - 2024-06-13T12:13:54.912Z - [WATCHER]: Processing file changes in outputs
[NX Daemon Server] - 2024-06-13T12:13:55.007Z - [WATCHER]: Processing file changes in outputs
[NX Daemon Server] - 2024-06-13T12:13:55.060Z - [WATCHER]: Processing file changes in outputs
[NX Daemon Server] - 2024-06-13T12:13:55.127Z - [WATCHER]: Processing file changes in outputs
[NX Daemon Server] - 2024-06-13T12:13:55.252Z - [WATCHER]: Processing file changes in outputs
[NX Daemon Server] - 2024-06-13T12:14:14.241Z - Closed a connection. Number of open connections: 2
[NX Daemon Server] - 2024-06-13T12:14:14.249Z - Closed a connection. Number of open connections: 1
[NX Daemon Server] - 2024-06-13T12:14:14.253Z - [REQUEST]: Responding to the client. recordOutputsHash
[NX Daemon Server] - 2024-06-13T12:14:14.253Z - Done responding to the client recordOutputsHash
[NX Daemon Server] - 2024-06-13T12:14:14.253Z - Handled RECORD_OUTPUTS_HASH. Handling time: 1. Response time: 0.
[NX Daemon Server] - 2024-06-13T12:14:14.257Z - Closed a connection. Number of open connections: 0
[NX Daemon Server] - 2024-06-13T12:14:14.304Z - [WATCHER]: Processing file changes in outputs
[NX Daemon Server] - 2024-06-13T12:14:14.630Z - Established a connection. Number of open connections: 1
[NX Daemon Server] - 2024-06-13T12:14:14.630Z - Established a connection. Number of open connections: 2
[NX Daemon Server] - 2024-06-13T12:14:14.630Z - Closed a connection. Number of open connections: 1
[NX Daemon Server] - 2024-06-13T12:14:14.631Z - [REQUEST]: Client Request for Project Graph Received
[NX Daemon Server] - 2024-06-13T12:14:14.631Z - [REQUEST]: Responding to the client. project-graph
[NX Daemon Server] - 2024-06-13T12:14:14.632Z - Time taken for 'total for creating and serializing project graph' 0.23579200002131984ms
[NX Daemon Server] - 2024-06-13T12:14:14.633Z - Done responding to the client project-graph
[NX Daemon Server] - 2024-06-13T12:14:14.633Z - Handled REQUEST_PROJECT_GRAPH. Handling time: 0. Response time: 2.
[NX Daemon Server] - 2024-06-13T12:14:15.108Z - Closed a connection. Number of open connections: 0
[NX Daemon Server] - 2024-06-13T12:14:15.166Z - [WATCHER]: Processing file changes in outputs
[NX Daemon Server] - 2024-06-13T12:14:30.915Z - [WATCHER]: Processing file changes in outputs
[NX Daemon Server] - 2024-06-13T12:14:30.915Z - [WATCHER]: Stopping the watcher for /Users/zpydee/Documents/Github/spwntch/workspace (sources)
[NX Daemon Server] - 2024-06-13T12:14:30.915Z - [WATCHER]: Stopping the watcher for /Users/zpydee/Documents/Github/spwntch/workspace (outputs)
[NX Daemon Server] - 2024-06-13T12:14:30.915Z - Server stopped because: "NX_VERSION_CHANGED"
[NX Daemon Server] - 2024-06-13T12:28:37.065Z - Started listening on: /var/folders/tc/wk467jc11zqc2dd4mxl2bc1h0000gn/T/2fdebc5bb397ac766608/d.sock
[NX Daemon Server] - 2024-06-13T12:28:37.068Z - [WATCHER]: Subscribed to changes within: /Users/zpydee/Documents/Github/spwntch/workspace (native)
[NX Daemon Server] - 2024-06-13T12:28:37.070Z - Established a connection. Number of open connections: 1
[NX Daemon Server] - 2024-06-13T12:28:37.070Z - Established a connection. Number of open connections: 2
[NX Daemon Server] - 2024-06-13T12:28:37.071Z - Closed a connection. Number of open connections: 1
[NX Daemon Server] - 2024-06-13T12:28:37.071Z - [REQUEST]: Client Request for Project Graph Received
[NX Daemon Server] - 2024-06-13T12:28:37.140Z - [REQUEST]: Updated workspace context based on watched changes, recomputing project graph...
[NX Daemon Server] - 2024-06-13T12:28:37.140Z - [REQUEST]: 
[NX Daemon Server] - 2024-06-13T12:28:37.140Z - [REQUEST]: 
[NX Daemon Server] - 2024-06-13T12:28:38.440Z - [REQUEST]: Responding to the client. project-graph
[NX Daemon Server] - 2024-06-13T12:28:38.441Z - Time taken for 'total for creating and serializing project graph' 1368.834292ms
[NX Daemon Server] - 2024-06-13T12:28:38.450Z - Done responding to the client project-graph
[NX Daemon Server] - 2024-06-13T12:28:38.450Z - Handled REQUEST_PROJECT_GRAPH. Handling time: 1369. Response time: 10.
[NX Daemon Server] - 2024-06-13T12:28:38.467Z - [REQUEST]: Responding to the client. handleHashTasks
[NX Daemon Server] - 2024-06-13T12:28:38.470Z - Done responding to the client handleHashTasks
[NX Daemon Server] - 2024-06-13T12:28:38.470Z - Handled HASH_TASKS. Handling time: 12. Response time: 3.
[NX Daemon Server] - 2024-06-13T12:28:39.112Z - Established a connection. Number of open connections: 2
[NX Daemon Server] - 2024-06-13T12:28:39.112Z - Closed a connection. Number of open connections: 1
[NX Daemon Server] - 2024-06-13T12:28:39.113Z - Established a connection. Number of open connections: 2
[NX Daemon Server] - 2024-06-13T12:28:39.114Z - [REQUEST]: Client Request for Project Graph Received
[NX Daemon Server] - 2024-06-13T12:28:39.114Z - [REQUEST]: Responding to the client. project-graph
[NX Daemon Server] - 2024-06-13T12:28:39.114Z - Time taken for 'total for creating and serializing project graph' 0.08550000000013824ms
[NX Daemon Server] - 2024-06-13T12:28:39.115Z - Done responding to the client project-graph
[NX Daemon Server] - 2024-06-13T12:28:39.115Z - Handled REQUEST_PROJECT_GRAPH. Handling time: 0. Response time: 1.
[NX Daemon Server] - 2024-06-13T12:28:39.548Z - Established a connection. Number of open connections: 3
[NX Daemon Server] - 2024-06-13T12:28:39.548Z - Closed a connection. Number of open connections: 2
[NX Daemon Server] - 2024-06-13T12:28:39.549Z - Established a connection. Number of open connections: 3
[NX Daemon Server] - 2024-06-13T12:28:39.549Z - [REQUEST]: Client Request for Project Graph Received
[NX Daemon Server] - 2024-06-13T12:28:39.549Z - [REQUEST]: Responding to the client. project-graph
[NX Daemon Server] - 2024-06-13T12:28:39.550Z - Time taken for 'total for creating and serializing project graph' 0.05320800000026793ms
[NX Daemon Server] - 2024-06-13T12:28:39.551Z - Done responding to the client project-graph
[NX Daemon Server] - 2024-06-13T12:28:39.551Z - Handled REQUEST_PROJECT_GRAPH. Handling time: 0. Response time: 2.
[NX Daemon Server] - 2024-06-13T12:28:39.579Z - [REQUEST]: Client Request for Project Graph Received
[NX Daemon Server] - 2024-06-13T12:28:39.579Z - [REQUEST]: Responding to the client. project-graph
[NX Daemon Server] - 2024-06-13T12:28:39.579Z - Time taken for 'total for creating and serializing project graph' 0.16487499999993815ms
[NX Daemon Server] - 2024-06-13T12:28:39.580Z - Done responding to the client project-graph
[NX Daemon Server] - 2024-06-13T12:28:39.580Z - Handled REQUEST_PROJECT_GRAPH. Handling time: 0. Response time: 1.
[NX Daemon Server] - 2024-06-13T12:28:43.202Z - [WATCHER]: Processing file changes in outputs
[NX Daemon Server] - 2024-06-13T12:28:45.325Z - [WATCHER]: Processing file changes in outputs
[NX Daemon Server] - 2024-06-13T12:28:45.538Z - [REQUEST]: Client Request for Project Graph Received
[NX Daemon Server] - 2024-06-13T12:28:45.538Z - [REQUEST]: Responding to the client. project-graph
[NX Daemon Server] - 2024-06-13T12:28:45.538Z - Time taken for 'total for creating and serializing project graph' 0.18829100000039034ms
[NX Daemon Server] - 2024-06-13T12:28:45.542Z - Done responding to the client project-graph
[NX Daemon Server] - 2024-06-13T12:28:45.542Z - Handled REQUEST_PROJECT_GRAPH. Handling time: 0. Response time: 4.
[NX Daemon Server] - 2024-06-13T12:28:45.566Z - [WATCHER]: Processing file changes in outputs
[NX Daemon Server] - 2024-06-13T12:28:47.123Z - [WATCHER]: Processing file changes in outputs
[NX Daemon Server] - 2024-06-13T12:28:58.058Z - [WATCHER]: Processing file changes in outputs
[NX Daemon Server] - 2024-06-13T12:29:00.008Z - [WATCHER]: Processing file changes in outputs
[NX Daemon Server] - 2024-06-13T12:29:00.840Z - [WATCHER]: Processing file changes in outputs
[NX Daemon Server] - 2024-06-13T12:29:01.018Z - [WATCHER]: Processing file changes in outputs
[NX Daemon Server] - 2024-06-13T12:29:01.120Z - [WATCHER]: Processing file changes in outputs
[NX Daemon Server] - 2024-06-13T12:29:02.020Z - [WATCHER]: Processing file changes in outputs
[NX Daemon Server] - 2024-06-13T12:29:02.251Z - [WATCHER]: Processing file changes in outputs
[NX Daemon Server] - 2024-06-13T12:29:42.114Z - [WATCHER]: package.json was modified
[NX Daemon Server] - 2024-06-13T12:29:42.115Z - [WATCHER]: Processing file changes in outputs
[NX Daemon Server] - 2024-06-13T12:29:42.211Z - [WATCHER]: Processing file changes in outputs
[NX Daemon Server] - 2024-06-13T12:29:42.216Z - [REQUEST]: Updated workspace context based on watched changes, recomputing project graph...
[NX Daemon Server] - 2024-06-13T12:29:42.216Z - [REQUEST]: package.json
[NX Daemon Server] - 2024-06-13T12:29:42.216Z - [REQUEST]: 
[NX Daemon Server] - 2024-06-13T12:29:42.275Z - Time taken for 'hash changed files from watcher' 0.2281250000014552ms
[NX Daemon Server] - 2024-06-13T12:29:43.148Z - [WATCHER]: package.json was modified
[NX Daemon Server] - 2024-06-13T12:29:43.148Z - [WATCHER]: Processing file changes in outputs
[NX Daemon Server] - 2024-06-13T12:29:43.212Z - [WATCHER]: Processing file changes in outputs
[NX Daemon Server] - 2024-06-13T12:29:43.349Z - [REQUEST]: Updated workspace context based on watched changes, recomputing project graph...
[NX Daemon Server] - 2024-06-13T12:29:43.349Z - [REQUEST]: package.json
[NX Daemon Server] - 2024-06-13T12:29:43.349Z - [REQUEST]: 
[NX Daemon Server] - 2024-06-13T12:29:43.383Z - Time taken for 'hash changed files from watcher' 0.24733300000661984ms
[NX Daemon Server] - 2024-06-13T12:29:44.202Z - [WATCHER]: Processing file changes in outputs
[NX Daemon Server] - 2024-06-13T12:29:44.203Z - [WATCHER]: package.json was modified
[NX Daemon Server] - 2024-06-13T12:29:44.265Z - [WATCHER]: Processing file changes in outputs
[NX Daemon Server] - 2024-06-13T12:29:44.606Z - [REQUEST]: Updated workspace context based on watched changes, recomputing project graph...
[NX Daemon Server] - 2024-06-13T12:29:44.606Z - [REQUEST]: package.json
[NX Daemon Server] - 2024-06-13T12:29:44.606Z - [REQUEST]: 
[NX Daemon Server] - 2024-06-13T12:29:44.657Z - Time taken for 'hash changed files from watcher' 0.932874999998603ms
[NX Daemon Server] - 2024-06-13T12:29:45.839Z - Closed a connection. Number of open connections: 2
[NX Daemon Server] - 2024-06-13T12:29:45.846Z - Closed a connection. Number of open connections: 1
[NX Daemon Server] - 2024-06-13T12:29:45.847Z - [REQUEST]: Responding to the client. recordOutputsHash
[NX Daemon Server] - 2024-06-13T12:29:45.847Z - Done responding to the client recordOutputsHash
[NX Daemon Server] - 2024-06-13T12:29:45.847Z - Handled RECORD_OUTPUTS_HASH. Handling time: 0. Response time: 0.
[NX Daemon Server] - 2024-06-13T12:29:45.850Z - Closed a connection. Number of open connections: 0
[NX Daemon Server] - 2024-06-13T12:29:45.903Z - [WATCHER]: Processing file changes in outputs
[NX Daemon Server] - 2024-06-13T12:29:46.225Z - Established a connection. Number of open connections: 1
[NX Daemon Server] - 2024-06-13T12:29:46.225Z - Closed a connection. Number of open connections: 0
[NX Daemon Server] - 2024-06-13T12:29:46.225Z - Established a connection. Number of open connections: 1
[NX Daemon Server] - 2024-06-13T12:29:46.226Z - [REQUEST]: Client Request for Project Graph Received
[NX Daemon Server] - 2024-06-13T12:29:46.226Z - [REQUEST]: Responding to the client. project-graph
[NX Daemon Server] - 2024-06-13T12:29:46.226Z - Time taken for 'total for creating and serializing project graph' 0.05766600000788458ms
[NX Daemon Server] - 2024-06-13T12:29:46.227Z - Done responding to the client project-graph
[NX Daemon Server] - 2024-06-13T12:29:46.228Z - Handled REQUEST_PROJECT_GRAPH. Handling time: 0. Response time: 2.
[NX Daemon Server] - 2024-06-13T12:29:46.697Z - Closed a connection. Number of open connections: 0
[NX Daemon Server] - 2024-06-13T12:29:46.755Z - [WATCHER]: Processing file changes in outputs
[NX Daemon Server] - 2024-06-13T12:29:48.725Z - [WATCHER]: _tmp_52493_e373dce538c4e84483f1b39e2e617461 was deleted
[NX Daemon Server] - 2024-06-13T12:29:48.725Z - [WATCHER]: Processing file changes in outputs
[NX Daemon Server] - 2024-06-13T12:29:48.826Z - [REQUEST]: Updated workspace context based on watched changes, recomputing project graph...
[NX Daemon Server] - 2024-06-13T12:29:48.826Z - [REQUEST]: 
[NX Daemon Server] - 2024-06-13T12:29:48.826Z - [REQUEST]: _tmp_52493_e373dce538c4e84483f1b39e2e617461
[NX Daemon Server] - 2024-06-13T12:29:48.860Z - Time taken for 'hash changed files from watcher' 0.1562080000003334ms
[NX Daemon Server] - 2024-06-13T12:29:50.222Z - [WATCHER]: Processing file changes in outputs
[NX Daemon Server] - 2024-06-13T12:29:50.222Z - [WATCHER]: Stopping the watcher for /Users/zpydee/Documents/Github/spwntch/workspace (sources)
[NX Daemon Server] - 2024-06-13T12:29:50.222Z - [WATCHER]: Stopping the watcher for /Users/zpydee/Documents/Github/spwntch/workspace (outputs)
[NX Daemon Server] - 2024-06-13T12:29:50.222Z - Server stopped because: "LOCK_FILES_CHANGED"
[NX Daemon Server] - 2024-06-13T12:29:57.155Z - Started listening on: /var/folders/tc/wk467jc11zqc2dd4mxl2bc1h0000gn/T/2fdebc5bb397ac766608/d.sock
[NX Daemon Server] - 2024-06-13T12:29:57.157Z - [WATCHER]: Subscribed to changes within: /Users/zpydee/Documents/Github/spwntch/workspace (native)
[NX Daemon Server] - 2024-06-13T12:29:57.159Z - Established a connection. Number of open connections: 1
[NX Daemon Server] - 2024-06-13T12:29:57.159Z - Established a connection. Number of open connections: 2
[NX Daemon Server] - 2024-06-13T12:29:57.160Z - Closed a connection. Number of open connections: 1
[NX Daemon Server] - 2024-06-13T12:29:57.160Z - [REQUEST]: Client Request for Project Graph Received
[NX Daemon Server] - 2024-06-13T12:29:57.199Z - [REQUEST]: Updated workspace context based on watched changes, recomputing project graph...
[NX Daemon Server] - 2024-06-13T12:29:57.199Z - [REQUEST]: 
[NX Daemon Server] - 2024-06-13T12:29:57.199Z - [REQUEST]: 
[NX Daemon Server] - 2024-06-13T12:29:57.887Z - [REQUEST]: Responding to the client. project-graph
[NX Daemon Server] - 2024-06-13T12:29:57.887Z - Time taken for 'total for creating and serializing project graph' 726.3311249999999ms
[NX Daemon Server] - 2024-06-13T12:29:57.888Z - [WATCHER]: .nx/workspace-data/d/server-process.json was created or restored
[NX Daemon Server] - 2024-06-13T12:29:57.890Z - Done responding to the client project-graph
[NX Daemon Server] - 2024-06-13T12:29:57.890Z - Handled REQUEST_PROJECT_GRAPH. Handling time: 727. Response time: 3.
[NX Daemon Server] - 2024-06-13T12:29:57.895Z - [REQUEST]: Updated workspace context based on watched changes, recomputing project graph...
[NX Daemon Server] - 2024-06-13T12:29:57.895Z - [REQUEST]: .nx/workspace-data/d/server-process.json
[NX Daemon Server] - 2024-06-13T12:29:57.895Z - [REQUEST]: 
[NX Daemon Server] - 2024-06-13T12:29:57.933Z - [REQUEST]: Responding to the client. handleHashTasks
[NX Daemon Server] - 2024-06-13T12:29:57.933Z - Time taken for 'hash changed files from watcher' 0.13495899999998073ms
[NX Daemon Server] - 2024-06-13T12:29:57.934Z - Done responding to the client handleHashTasks
[NX Daemon Server] - 2024-06-13T12:29:57.934Z - Handled HASH_TASKS. Handling time: 38. Response time: 1.
[NX Daemon Server] - 2024-06-13T12:29:58.296Z - Established a connection. Number of open connections: 2
[NX Daemon Server] - 2024-06-13T12:29:58.297Z - Closed a connection. Number of open connections: 1
[NX Daemon Server] - 2024-06-13T12:29:58.297Z - Established a connection. Number of open connections: 2
[NX Daemon Server] - 2024-06-13T12:29:58.298Z - [REQUEST]: Client Request for Project Graph Received
[NX Daemon Server] - 2024-06-13T12:29:58.298Z - [REQUEST]: Responding to the client. project-graph
[NX Daemon Server] - 2024-06-13T12:29:58.298Z - Time taken for 'total for creating and serializing project graph' 0.061916000000110216ms
[NX Daemon Server] - 2024-06-13T12:29:58.300Z - Done responding to the client project-graph
[NX Daemon Server] - 2024-06-13T12:29:58.300Z - Handled REQUEST_PROJECT_GRAPH. Handling time: 0. Response time: 2.
[NX Daemon Server] - 2024-06-13T12:29:58.690Z - Established a connection. Number of open connections: 3
[NX Daemon Server] - 2024-06-13T12:29:58.690Z - Closed a connection. Number of open connections: 2
[NX Daemon Server] - 2024-06-13T12:29:58.690Z - Established a connection. Number of open connections: 3
[NX Daemon Server] - 2024-06-13T12:29:58.691Z - [REQUEST]: Client Request for Project Graph Received
[NX Daemon Server] - 2024-06-13T12:29:58.691Z - [REQUEST]: Responding to the client. project-graph
[NX Daemon Server] - 2024-06-13T12:29:58.691Z - Time taken for 'total for creating and serializing project graph' 0.05441599999994651ms
[NX Daemon Server] - 2024-06-13T12:29:58.693Z - Done responding to the client project-graph
[NX Daemon Server] - 2024-06-13T12:29:58.693Z - Handled REQUEST_PROJECT_GRAPH. Handling time: 0. Response time: 2.
[NX Daemon Server] - 2024-06-13T12:29:58.722Z - [REQUEST]: Client Request for Project Graph Received
[NX Daemon Server] - 2024-06-13T12:29:58.723Z - [REQUEST]: Responding to the client. project-graph
[NX Daemon Server] - 2024-06-13T12:29:58.723Z - Time taken for 'total for creating and serializing project graph' 0.17320900000004258ms
[NX Daemon Server] - 2024-06-13T12:29:58.725Z - Done responding to the client project-graph
[NX Daemon Server] - 2024-06-13T12:29:58.725Z - Handled REQUEST_PROJECT_GRAPH. Handling time: 1. Response time: 2.
[NX Daemon Server] - 2024-06-13T12:29:59.356Z - [WATCHER]: Processing file changes in outputs
[NX Daemon Server] - 2024-06-13T12:30:00.003Z - [WATCHER]: Processing file changes in outputs
[NX Daemon Server] - 2024-06-13T12:30:00.203Z - [REQUEST]: Client Request for Project Graph Received
[NX Daemon Server] - 2024-06-13T12:30:00.203Z - [REQUEST]: Responding to the client. project-graph
[NX Daemon Server] - 2024-06-13T12:30:00.203Z - Time taken for 'total for creating and serializing project graph' 0.1554999999998472ms
[NX Daemon Server] - 2024-06-13T12:30:00.232Z - Done responding to the client project-graph
[NX Daemon Server] - 2024-06-13T12:30:00.232Z - Handled REQUEST_PROJECT_GRAPH. Handling time: 0. Response time: 29.
[NX Daemon Server] - 2024-06-13T12:30:00.233Z - [WATCHER]: Processing file changes in outputs
[NX Daemon Server] - 2024-06-13T12:30:01.195Z - [WATCHER]: Processing file changes in outputs
[NX Daemon Server] - 2024-06-13T12:30:02.404Z - [WATCHER]: Processing file changes in outputs
[NX Daemon Server] - 2024-06-13T12:30:02.528Z - [WATCHER]: Processing file changes in outputs
[NX Daemon Server] - 2024-06-13T12:30:03.596Z - [WATCHER]: Processing file changes in outputs
[NX Daemon Server] - 2024-06-13T12:30:03.835Z - [WATCHER]: Processing file changes in outputs
[NX Daemon Server] - 2024-06-13T12:30:04.488Z - [WATCHER]: Processing file changes in outputs
[NX Daemon Server] - 2024-06-13T12:30:04.849Z - [WATCHER]: Processing file changes in outputs
[NX Daemon Server] - 2024-06-13T12:34:54.475Z - Closed a connection. Number of open connections: 2
[NX Daemon Server] - 2024-06-13T12:34:54.484Z - Closed a connection. Number of open connections: 1
[NX Daemon Server] - 2024-06-13T12:34:54.487Z - [REQUEST]: Responding to the client. recordOutputsHash
[NX Daemon Server] - 2024-06-13T12:34:54.487Z - Done responding to the client recordOutputsHash
[NX Daemon Server] - 2024-06-13T12:34:54.487Z - Handled RECORD_OUTPUTS_HASH. Handling time: 0. Response time: 0.
[NX Daemon Server] - 2024-06-13T12:34:54.491Z - Closed a connection. Number of open connections: 0
[NX Daemon Server] - 2024-06-13T12:34:54.539Z - [WATCHER]: Processing file changes in outputs
[NX Daemon Server] - 2024-06-13T12:34:54.864Z - Established a connection. Number of open connections: 1
[NX Daemon Server] - 2024-06-13T12:34:54.865Z - Closed a connection. Number of open connections: 0
[NX Daemon Server] - 2024-06-13T12:34:54.865Z - Established a connection. Number of open connections: 1
[NX Daemon Server] - 2024-06-13T12:34:54.866Z - [REQUEST]: Client Request for Project Graph Received
[NX Daemon Server] - 2024-06-13T12:34:54.866Z - [REQUEST]: Responding to the client. project-graph
[NX Daemon Server] - 2024-06-13T12:34:54.866Z - Time taken for 'total for creating and serializing project graph' 0.1683750000083819ms
[NX Daemon Server] - 2024-06-13T12:34:54.868Z - Done responding to the client project-graph
[NX Daemon Server] - 2024-06-13T12:34:54.868Z - Handled REQUEST_PROJECT_GRAPH. Handling time: 0. Response time: 2.
[NX Daemon Server] - 2024-06-13T12:34:55.332Z - Closed a connection. Number of open connections: 0
[NX Daemon Server] - 2024-06-13T12:34:55.393Z - [WATCHER]: Processing file changes in outputs
[NX Daemon Server] - 2024-06-13T12:35:05.002Z - [WATCHER]: Processing file changes in outputs
[NX Daemon Server] - 2024-06-13T12:35:05.003Z - [WATCHER]: Stopping the watcher for /Users/zpydee/Documents/Github/spwntch/workspace (sources)
[NX Daemon Server] - 2024-06-13T12:35:05.003Z - [WATCHER]: Stopping the watcher for /Users/zpydee/Documents/Github/spwntch/workspace (outputs)
[NX Daemon Server] - 2024-06-13T12:35:05.003Z - Server stopped because: "NX_VERSION_CHANGED"
[NX Daemon Server] - 2024-07-08T11:41:14.853Z - Started listening on: /var/folders/tc/wk467jc11zqc2dd4mxl2bc1h0000gn/T/2fdebc5bb397ac766608/d.sock
[NX Daemon Server] - 2024-07-08T11:41:14.854Z - [WATCHER]: Subscribed to changes within: /Users/zpydee/Documents/Github/spwntch/workspace (native)
[NX Daemon Server] - 2024-07-08T11:41:14.858Z - Established a connection. Number of open connections: 1
[NX Daemon Server] - 2024-07-08T11:41:14.858Z - Established a connection. Number of open connections: 2
[NX Daemon Server] - 2024-07-08T11:41:14.859Z - Closed a connection. Number of open connections: 1
[NX Daemon Server] - 2024-07-08T11:41:14.859Z - [REQUEST]: Responding to the client. recordOutputsHash
[NX Daemon Server] - 2024-07-08T11:41:14.859Z - Done responding to the client recordOutputsHash
[NX Daemon Server] - 2024-07-08T11:41:14.859Z - Handled RECORD_OUTPUTS_HASH. Handling time: 0. Response time: 0.
[NX Daemon Server] - 2024-07-08T11:41:14.863Z - Closed a connection. Number of open connections: 0
[NX Daemon Server] - 2024-07-08T11:41:15.118Z - Established a connection. Number of open connections: 1
[NX Daemon Server] - 2024-07-08T11:41:15.118Z - Closed a connection. Number of open connections: 0
[NX Daemon Server] - 2024-07-08T11:41:15.118Z - Established a connection. Number of open connections: 1
[NX Daemon Server] - 2024-07-08T11:41:15.119Z - [REQUEST]: Client Request for Project Graph Received
[NX Daemon Server] - 2024-07-08T11:41:15.158Z - [REQUEST]: Updated workspace context based on watched changes, recomputing project graph...
[NX Daemon Server] - 2024-07-08T11:41:15.158Z - [REQUEST]: 
[NX Daemon Server] - 2024-07-08T11:41:15.158Z - [REQUEST]: 
[NX Daemon Server] - 2024-07-08T11:41:15.795Z - [REQUEST]: Responding to the client. project-graph
[NX Daemon Server] - 2024-07-08T11:41:15.796Z - Time taken for 'total for creating and serializing project graph' 676.5365000000002ms
[NX Daemon Server] - 2024-07-08T11:41:15.797Z - Done responding to the client project-graph
[NX Daemon Server] - 2024-07-08T11:41:15.797Z - Handled REQUEST_PROJECT_GRAPH. Handling time: 676. Response time: 2.
[NX Daemon Server] - 2024-07-08T11:41:16.270Z - Closed a connection. Number of open connections: 0
[NX Daemon Server] - 2024-07-08T11:41:16.328Z - [WATCHER]: Processing file changes in outputs
[NX Daemon Server] - 2024-07-08T11:41:25.610Z - [WATCHER]: Processing file changes in outputs
[NX Daemon Server] - 2024-07-08T11:41:25.610Z - [WATCHER]: Stopping the watcher for /Users/zpydee/Documents/Github/spwntch/workspace (sources)
[NX Daemon Server] - 2024-07-08T11:41:25.610Z - [WATCHER]: Stopping the watcher for /Users/zpydee/Documents/Github/spwntch/workspace (outputs)
[NX Daemon Server] - 2024-07-08T11:41:25.610Z - Server stopped because: "NX_VERSION_CHANGED"
[NX Daemon Server] - 2024-07-08T11:42:05.953Z - Started listening on: /var/folders/tc/wk467jc11zqc2dd4mxl2bc1h0000gn/T/2fdebc5bb397ac766608/d.sock
[NX Daemon Server] - 2024-07-08T11:42:05.955Z - [WATCHER]: Subscribed to changes within: /Users/zpydee/Documents/Github/spwntch/workspace (native)
[NX Daemon Server] - 2024-07-08T11:42:05.955Z - Established a connection. Number of open connections: 1
[NX Daemon Server] - 2024-07-08T11:42:05.956Z - Established a connection. Number of open connections: 2
[NX Daemon Server] - 2024-07-08T11:42:05.957Z - Closed a connection. Number of open connections: 1
[NX Daemon Server] - 2024-07-08T11:42:05.957Z - [REQUEST]: Client Request for Project Graph Received
[NX Daemon Server] - 2024-07-08T11:42:06.009Z - [REQUEST]: Updated workspace context based on watched changes, recomputing project graph...
[NX Daemon Server] - 2024-07-08T11:42:06.010Z - [REQUEST]: 
[NX Daemon Server] - 2024-07-08T11:42:06.010Z - [REQUEST]: 
[NX Daemon Server] - 2024-07-08T11:42:06.701Z - [REQUEST]: Responding to the client. project-graph
[NX Daemon Server] - 2024-07-08T11:42:06.702Z - Time taken for 'total for creating and serializing project graph' 744.187708ms
[NX Daemon Server] - 2024-07-08T11:42:06.704Z - Done responding to the client project-graph
[NX Daemon Server] - 2024-07-08T11:42:06.704Z - Handled REQUEST_PROJECT_GRAPH. Handling time: 744. Response time: 3.
[NX Daemon Server] - 2024-07-08T11:42:06.718Z - [REQUEST]: Responding to the client. handleHashTasks
[NX Daemon Server] - 2024-07-08T11:42:06.718Z - Done responding to the client handleHashTasks
[NX Daemon Server] - 2024-07-08T11:42:06.718Z - Handled HASH_TASKS. Handling time: 9. Response time: 0.
[NX Daemon Server] - 2024-07-08T11:42:07.315Z - Established a connection. Number of open connections: 2
[NX Daemon Server] - 2024-07-08T11:42:07.315Z - Closed a connection. Number of open connections: 1
[NX Daemon Server] - 2024-07-08T11:42:07.315Z - Established a connection. Number of open connections: 2
[NX Daemon Server] - 2024-07-08T11:42:07.316Z - [REQUEST]: Client Request for Project Graph Received
[NX Daemon Server] - 2024-07-08T11:42:07.316Z - [REQUEST]: Responding to the client. project-graph
[NX Daemon Server] - 2024-07-08T11:42:07.316Z - Time taken for 'total for creating and serializing project graph' 0.05079200000000128ms
[NX Daemon Server] - 2024-07-08T11:42:07.317Z - Done responding to the client project-graph
[NX Daemon Server] - 2024-07-08T11:42:07.317Z - Handled REQUEST_PROJECT_GRAPH. Handling time: 0. Response time: 1.
[NX Daemon Server] - 2024-07-08T11:42:07.694Z - Established a connection. Number of open connections: 3
[NX Daemon Server] - 2024-07-08T11:42:07.694Z - Closed a connection. Number of open connections: 2
[NX Daemon Server] - 2024-07-08T11:42:07.694Z - Established a connection. Number of open connections: 3
[NX Daemon Server] - 2024-07-08T11:42:07.695Z - [REQUEST]: Client Request for Project Graph Received
[NX Daemon Server] - 2024-07-08T11:42:07.695Z - [REQUEST]: Responding to the client. project-graph
[NX Daemon Server] - 2024-07-08T11:42:07.695Z - Time taken for 'total for creating and serializing project graph' 0.06925000000001091ms
[NX Daemon Server] - 2024-07-08T11:42:07.696Z - Done responding to the client project-graph
[NX Daemon Server] - 2024-07-08T11:42:07.696Z - Handled REQUEST_PROJECT_GRAPH. Handling time: 0. Response time: 1.
[NX Daemon Server] - 2024-07-08T11:42:07.722Z - [REQUEST]: Client Request for Project Graph Received
[NX Daemon Server] - 2024-07-08T11:42:07.723Z - [REQUEST]: Responding to the client. project-graph
[NX Daemon Server] - 2024-07-08T11:42:07.723Z - Time taken for 'total for creating and serializing project graph' 0.14075000000002547ms
[NX Daemon Server] - 2024-07-08T11:42:07.724Z - Done responding to the client project-graph
[NX Daemon Server] - 2024-07-08T11:42:07.724Z - Handled REQUEST_PROJECT_GRAPH. Handling time: 1. Response time: 1.
[NX Daemon Server] - 2024-07-08T11:42:08.582Z - [WATCHER]: Processing file changes in outputs
[NX Daemon Server] - 2024-07-08T11:42:10.056Z - [WATCHER]: Processing file changes in outputs
[NX Daemon Server] - 2024-07-08T11:42:10.248Z - [REQUEST]: Client Request for Project Graph Received
[NX Daemon Server] - 2024-07-08T11:42:10.248Z - [REQUEST]: Responding to the client. project-graph
[NX Daemon Server] - 2024-07-08T11:42:10.249Z - Time taken for 'total for creating and serializing project graph' 0.1531249999998181ms
[NX Daemon Server] - 2024-07-08T11:42:10.252Z - Done responding to the client project-graph
[NX Daemon Server] - 2024-07-08T11:42:10.252Z - Handled REQUEST_PROJECT_GRAPH. Handling time: 0. Response time: 4.
[NX Daemon Server] - 2024-07-08T11:42:10.278Z - [WATCHER]: Processing file changes in outputs
[NX Daemon Server] - 2024-07-08T11:42:11.740Z - [WATCHER]: Processing file changes in outputs
[NX Daemon Server] - 2024-07-08T11:42:16.926Z - [WATCHER]: Processing file changes in outputs
[NX Daemon Server] - 2024-07-08T11:42:17.976Z - [WATCHER]: Processing file changes in outputs
[NX Daemon Server] - 2024-07-08T11:42:18.188Z - [WATCHER]: Processing file changes in outputs
[NX Daemon Server] - 2024-07-08T11:42:19.368Z - [WATCHER]: Processing file changes in outputs
[NX Daemon Server] - 2024-07-08T11:42:19.468Z - [WATCHER]: Processing file changes in outputs
[NX Daemon Server] - 2024-07-08T11:42:20.082Z - [WATCHER]: Processing file changes in outputs
[NX Daemon Server] - 2024-07-08T11:42:20.188Z - [WATCHER]: Processing file changes in outputs
[NX Daemon Server] - 2024-07-08T11:42:20.399Z - [WATCHER]: Processing file changes in outputs
[NX Daemon Server] - 2024-07-08T11:42:30.820Z - [WATCHER]: Processing file changes in outputs
[NX Daemon Server] - 2024-07-08T11:42:31.719Z - [WATCHER]: Processing file changes in outputs
[NX Daemon Server] - 2024-07-08T11:43:31.191Z - [WATCHER]: Processing file changes in outputs
[NX Daemon Server] - 2024-07-08T11:43:31.372Z - [WATCHER]: Processing file changes in outputs
[NX Daemon Server] - 2024-07-08T11:43:31.483Z - [WATCHER]: Processing file changes in outputs
[NX Daemon Server] - 2024-07-08T11:43:31.595Z - [WATCHER]: Processing file changes in outputs
[NX Daemon Server] - 2024-07-08T11:47:02.038Z - Started listening on: /var/folders/tc/wk467jc11zqc2dd4mxl2bc1h0000gn/T/2fdebc5bb397ac766608/d.sock
[NX Daemon Server] - 2024-07-08T11:47:02.039Z - [WATCHER]: Subscribed to changes within: /Users/zpydee/Documents/Github/spwntch/workspace (native)
[NX Daemon Server] - 2024-07-08T11:47:02.043Z - Established a connection. Number of open connections: 1
[NX Daemon Server] - 2024-07-08T11:47:02.045Z - Closed a connection. Number of open connections: 0
[NX Daemon Server] - 2024-07-08T11:47:02.045Z - Established a connection. Number of open connections: 1
[NX Daemon Server] - 2024-07-08T11:47:02.047Z - [REQUEST]: Client Request for Project Graph Received
[NX Daemon Server] - 2024-07-08T11:47:02.132Z - [REQUEST]: Updated workspace context based on watched changes, recomputing project graph...
[NX Daemon Server] - 2024-07-08T11:47:02.132Z - [REQUEST]: 
[NX Daemon Server] - 2024-07-08T11:47:02.132Z - [REQUEST]: 
[NX Daemon Server] - 2024-07-08T11:47:03.077Z - [REQUEST]: Responding to the client. project-graph
[NX Daemon Server] - 2024-07-08T11:47:03.078Z - Time taken for 'total for creating and serializing project graph' 1030.192292034626ms
[NX Daemon Server] - 2024-07-08T11:47:03.083Z - Done responding to the client project-graph
[NX Daemon Server] - 2024-07-08T11:47:03.084Z - Handled REQUEST_PROJECT_GRAPH. Handling time: 1030. Response time: 7.
[NX Daemon Server] - 2024-07-08T11:47:03.089Z - [REQUEST]: Responding to the client. handleContextFileData
[NX Daemon Server] - 2024-07-08T11:47:03.089Z - Done responding to the client handleContextFileData
[NX Daemon Server] - 2024-07-08T11:47:03.089Z - Handled GET_CONTEXT_FILE_DATA. Handling time: 1. Response time: 0.
[NX Daemon Server] - 2024-07-08T11:47:03.090Z - Closed a connection. Number of open connections: 0
[NX Daemon Server] - 2024-07-08T11:47:03.108Z - Established a connection. Number of open connections: 1
[NX Daemon Server] - 2024-07-08T11:47:03.108Z - Established a connection. Number of open connections: 2
[NX Daemon Server] - 2024-07-08T11:47:03.108Z - Closed a connection. Number of open connections: 1
[NX Daemon Server] - 2024-07-08T11:47:03.109Z - [REQUEST]: Client Request for Project Graph Received
[NX Daemon Server] - 2024-07-08T11:47:03.109Z - [REQUEST]: Responding to the client. project-graph
[NX Daemon Server] - 2024-07-08T11:47:03.110Z - Time taken for 'total for creating and serializing project graph' 0.05445796251296997ms
[NX Daemon Server] - 2024-07-08T11:47:03.111Z - Done responding to the client project-graph
[NX Daemon Server] - 2024-07-08T11:47:03.112Z - Handled REQUEST_PROJECT_GRAPH. Handling time: 0. Response time: 3.
[NX Daemon Server] - 2024-07-08T11:47:03.114Z - [REQUEST]: Client Request for Project Graph Received
[NX Daemon Server] - 2024-07-08T11:47:03.114Z - [REQUEST]: Responding to the client. project-graph
[NX Daemon Server] - 2024-07-08T11:47:03.115Z - Time taken for 'total for creating and serializing project graph' 0.06987500190734863ms
[NX Daemon Server] - 2024-07-08T11:47:03.118Z - Done responding to the client project-graph
[NX Daemon Server] - 2024-07-08T11:47:03.119Z - Handled REQUEST_PROJECT_GRAPH. Handling time: 0. Response time: 5.
[NX Daemon Server] - 2024-07-08T11:47:03.121Z - Established a connection. Number of open connections: 2
[NX Daemon Server] - 2024-07-08T11:47:05.130Z - [WATCHER]: apps/spawntech-io/src/components/ui.tsx was modified
[NX Daemon Server] - 2024-07-08T11:47:05.130Z - [REQUEST]: Responding to the client. File watch changed
[NX Daemon Server] - 2024-07-08T11:47:05.130Z - Done responding to the client File watch changed
[NX Daemon Server] - 2024-07-08T11:47:05.130Z - Handled FILE-WATCH-CHANGED. Handling time: 0. Response time: 0.
[NX Daemon Server] - 2024-07-08T11:47:05.130Z - [WATCHER]: Processing file changes in outputs
[NX Daemon Server] - 2024-07-08T11:47:05.131Z - Time taken for 'changed-projects' 0.10058295726776123ms
[NX Daemon Server] - 2024-07-08T11:47:05.231Z - [REQUEST]: Updated workspace context based on watched changes, recomputing project graph...
[NX Daemon Server] - 2024-07-08T11:47:05.231Z - [REQUEST]: apps/spawntech-io/src/components/ui.tsx
[NX Daemon Server] - 2024-07-08T11:47:05.231Z - [REQUEST]: 
[NX Daemon Server] - 2024-07-08T11:47:05.736Z - [WATCHER]: Processing file changes in outputs
[NX Daemon Server] - 2024-07-08T11:47:05.736Z - Time taken for 'hash changed files from watcher' 0.6466670036315918ms
[NX Daemon Server] - 2024-07-08T11:47:05.914Z - [WATCHER]: Processing file changes in outputs
[NX Daemon Server] - 2024-07-08T11:47:06.133Z - [REQUEST]: Client Request for Project Graph Received
[NX Daemon Server] - 2024-07-08T11:47:06.133Z - [REQUEST]: Responding to the client. project-graph
[NX Daemon Server] - 2024-07-08T11:47:06.134Z - Time taken for 'total for creating and serializing project graph' 0.07166695594787598ms
[NX Daemon Server] - 2024-07-08T11:47:06.136Z - Done responding to the client project-graph
[NX Daemon Server] - 2024-07-08T11:47:06.136Z - Handled REQUEST_PROJECT_GRAPH. Handling time: 0. Response time: 3.
[NX Daemon Server] - 2024-07-08T11:47:06.138Z - [REQUEST]: Responding to the client. handleContextFileData
[NX Daemon Server] - 2024-07-08T11:47:06.138Z - Done responding to the client handleContextFileData
[NX Daemon Server] - 2024-07-08T11:47:06.138Z - Handled GET_CONTEXT_FILE_DATA. Handling time: 0. Response time: 0.
[NX Daemon Server] - 2024-07-08T11:47:06.139Z - Closed a connection. Number of open connections: 1
[NX Daemon Server] - 2024-07-08T11:47:06.142Z - Closed a connection. Number of open connections: 0
[NX Daemon Server] - 2024-07-08T11:47:06.142Z - Established a connection. Number of open connections: 1
[NX Daemon Server] - 2024-07-08T11:47:06.142Z - Established a connection. Number of open connections: 2
[NX Daemon Server] - 2024-07-08T11:47:06.142Z - Closed a connection. Number of open connections: 1
[NX Daemon Server] - 2024-07-08T11:47:06.142Z - [REQUEST]: Client Request for Project Graph Received
[NX Daemon Server] - 2024-07-08T11:47:06.143Z - [REQUEST]: Responding to the client. project-graph
[NX Daemon Server] - 2024-07-08T11:47:06.144Z - Time taken for 'total for creating and serializing project graph' 0.03891599178314209ms
[NX Daemon Server] - 2024-07-08T11:47:06.145Z - Done responding to the client project-graph
[NX Daemon Server] - 2024-07-08T11:47:06.145Z - Handled REQUEST_PROJECT_GRAPH. Handling time: 1. Response time: 2.
[NX Daemon Server] - 2024-07-08T11:47:06.147Z - [REQUEST]: Client Request for Project Graph Received
[NX Daemon Server] - 2024-07-08T11:47:06.147Z - [REQUEST]: Responding to the client. project-graph
[NX Daemon Server] - 2024-07-08T11:47:06.148Z - Time taken for 'total for creating and serializing project graph' 0.039541006088256836ms
[NX Daemon Server] - 2024-07-08T11:47:06.148Z - Done responding to the client project-graph
[NX Daemon Server] - 2024-07-08T11:47:06.148Z - Handled REQUEST_PROJECT_GRAPH. Handling time: 0. Response time: 1.
[NX Daemon Server] - 2024-07-08T11:47:06.150Z - Established a connection. Number of open connections: 2
[NX Daemon Server] - 2024-07-08T11:47:06.373Z - [WATCHER]: apps/spawntech-io/src/components/ui.tsx was modified
[NX Daemon Server] - 2024-07-08T11:47:06.373Z - [REQUEST]: Responding to the client. File watch changed
[NX Daemon Server] - 2024-07-08T11:47:06.373Z - Done responding to the client File watch changed
[NX Daemon Server] - 2024-07-08T11:47:06.373Z - Handled FILE-WATCH-CHANGED. Handling time: 0. Response time: 0.
[NX Daemon Server] - 2024-07-08T11:47:06.373Z - [WATCHER]: Processing file changes in outputs
[NX Daemon Server] - 2024-07-08T11:47:06.373Z - Time taken for 'changed-projects' 0.03858298063278198ms
[NX Daemon Server] - 2024-07-08T11:47:06.474Z - [REQUEST]: Updated workspace context based on watched changes, recomputing project graph...
[NX Daemon Server] - 2024-07-08T11:47:06.474Z - [REQUEST]: apps/spawntech-io/src/components/ui.tsx
[NX Daemon Server] - 2024-07-08T11:47:06.474Z - [REQUEST]: 
[NX Daemon Server] - 2024-07-08T11:47:06.539Z - [WATCHER]: Processing file changes in outputs
[NX Daemon Server] - 2024-07-08T11:47:06.539Z - Time taken for 'hash changed files from watcher' 0.1752910017967224ms
[NX Daemon Server] - 2024-07-08T11:47:06.648Z - [WATCHER]: Processing file changes in outputs
[NX Daemon Server] - 2024-07-08T11:47:07.375Z - [REQUEST]: Client Request for Project Graph Received
[NX Daemon Server] - 2024-07-08T11:47:07.376Z - [REQUEST]: Responding to the client. project-graph
[NX Daemon Server] - 2024-07-08T11:47:07.377Z - Time taken for 'total for creating and serializing project graph' 0.35487496852874756ms
[NX Daemon Server] - 2024-07-08T11:47:07.377Z - Done responding to the client project-graph
[NX Daemon Server] - 2024-07-08T11:47:07.377Z - Handled REQUEST_PROJECT_GRAPH. Handling time: 1. Response time: 1.
[NX Daemon Server] - 2024-07-08T11:47:07.380Z - [REQUEST]: Responding to the client. handleContextFileData
[NX Daemon Server] - 2024-07-08T11:47:07.380Z - Done responding to the client handleContextFileData
[NX Daemon Server] - 2024-07-08T11:47:07.380Z - Handled GET_CONTEXT_FILE_DATA. Handling time: 1. Response time: 0.
[NX Daemon Server] - 2024-07-08T11:47:07.380Z - Closed a connection. Number of open connections: 1
[NX Daemon Server] - 2024-07-08T11:47:07.383Z - Closed a connection. Number of open connections: 0
[NX Daemon Server] - 2024-07-08T11:47:07.383Z - Established a connection. Number of open connections: 1
[NX Daemon Server] - 2024-07-08T11:47:07.383Z - Established a connection. Number of open connections: 2
[NX Daemon Server] - 2024-07-08T11:47:07.383Z - Closed a connection. Number of open connections: 1
[NX Daemon Server] - 2024-07-08T11:47:07.383Z - [REQUEST]: Client Request for Project Graph Received
[NX Daemon Server] - 2024-07-08T11:47:07.383Z - [REQUEST]: Responding to the client. project-graph
[NX Daemon Server] - 2024-07-08T11:47:07.384Z - Time taken for 'total for creating and serializing project graph' 0.04291701316833496ms
[NX Daemon Server] - 2024-07-08T11:47:07.386Z - Done responding to the client project-graph
[NX Daemon Server] - 2024-07-08T11:47:07.386Z - Handled REQUEST_PROJECT_GRAPH. Handling time: 0. Response time: 3.
[NX Daemon Server] - 2024-07-08T11:47:07.387Z - [REQUEST]: Client Request for Project Graph Received
[NX Daemon Server] - 2024-07-08T11:47:07.387Z - [REQUEST]: Responding to the client. project-graph
[NX Daemon Server] - 2024-07-08T11:47:07.388Z - Time taken for 'total for creating and serializing project graph' 0.036457955837249756ms
[NX Daemon Server] - 2024-07-08T11:47:07.389Z - Done responding to the client project-graph
[NX Daemon Server] - 2024-07-08T11:47:07.389Z - Handled REQUEST_PROJECT_GRAPH. Handling time: 0. Response time: 2.
[NX Daemon Server] - 2024-07-08T11:47:07.391Z - Established a connection. Number of open connections: 2
[NX Daemon Server] - 2024-07-08T11:47:09.419Z - [WATCHER]: apps/spawntech-io/src/components/ui.tsx was modified
[NX Daemon Server] - 2024-07-08T11:47:09.419Z - [REQUEST]: Responding to the client. File watch changed
[NX Daemon Server] - 2024-07-08T11:47:09.419Z - Done responding to the client File watch changed
[NX Daemon Server] - 2024-07-08T11:47:09.419Z - Handled FILE-WATCH-CHANGED. Handling time: 0. Response time: 0.
[NX Daemon Server] - 2024-07-08T11:47:09.419Z - [WATCHER]: Processing file changes in outputs
[NX Daemon Server] - 2024-07-08T11:47:09.419Z - Time taken for 'changed-projects' 0.033416032791137695ms
[NX Daemon Server] - 2024-07-08T11:47:09.520Z - [REQUEST]: Updated workspace context based on watched changes, recomputing project graph...
[NX Daemon Server] - 2024-07-08T11:47:09.520Z - [REQUEST]: apps/spawntech-io/src/components/ui.tsx
[NX Daemon Server] - 2024-07-08T11:47:09.520Z - [REQUEST]: 
[NX Daemon Server] - 2024-07-08T11:47:09.562Z - [WATCHER]: Processing file changes in outputs
[NX Daemon Server] - 2024-07-08T11:47:09.563Z - Time taken for 'hash changed files from watcher' 0.19579195976257324ms
[NX Daemon Server] - 2024-07-08T11:47:09.663Z - [WATCHER]: Processing file changes in outputs
[NX Daemon Server] - 2024-07-08T11:47:10.420Z - [REQUEST]: Client Request for Project Graph Received
[NX Daemon Server] - 2024-07-08T11:47:10.421Z - [REQUEST]: Responding to the client. project-graph
[NX Daemon Server] - 2024-07-08T11:47:10.422Z - Time taken for 'total for creating and serializing project graph' 0.08608299493789673ms
[NX Daemon Server] - 2024-07-08T11:47:10.422Z - Done responding to the client project-graph
[NX Daemon Server] - 2024-07-08T11:47:10.422Z - Handled REQUEST_PROJECT_GRAPH. Handling time: 1. Response time: 1.
[NX Daemon Server] - 2024-07-08T11:47:10.424Z - [REQUEST]: Responding to the client. handleContextFileData
[NX Daemon Server] - 2024-07-08T11:47:10.424Z - Done responding to the client handleContextFileData
[NX Daemon Server] - 2024-07-08T11:47:10.424Z - Handled GET_CONTEXT_FILE_DATA. Handling time: 0. Response time: 0.
[NX Daemon Server] - 2024-07-08T11:47:10.425Z - Closed a connection. Number of open connections: 1
[NX Daemon Server] - 2024-07-08T11:47:10.428Z - Closed a connection. Number of open connections: 0
[NX Daemon Server] - 2024-07-08T11:47:10.429Z - Established a connection. Number of open connections: 1
[NX Daemon Server] - 2024-07-08T11:47:10.429Z - Established a connection. Number of open connections: 2
[NX Daemon Server] - 2024-07-08T11:47:10.429Z - Closed a connection. Number of open connections: 1
[NX Daemon Server] - 2024-07-08T11:47:10.429Z - [REQUEST]: Client Request for Project Graph Received
[NX Daemon Server] - 2024-07-08T11:47:10.429Z - [REQUEST]: Responding to the client. project-graph
[NX Daemon Server] - 2024-07-08T11:47:10.430Z - Time taken for 'total for creating and serializing project graph' 0.03600001335144043ms
[NX Daemon Server] - 2024-07-08T11:47:10.430Z - Done responding to the client project-graph
[NX Daemon Server] - 2024-07-08T11:47:10.430Z - Handled REQUEST_PROJECT_GRAPH. Handling time: 0. Response time: 1.
[NX Daemon Server] - 2024-07-08T11:47:10.432Z - [REQUEST]: Client Request for Project Graph Received
[NX Daemon Server] - 2024-07-08T11:47:10.432Z - [REQUEST]: Responding to the client. project-graph
[NX Daemon Server] - 2024-07-08T11:47:10.433Z - Time taken for 'total for creating and serializing project graph' 0.023666977882385254ms
[NX Daemon Server] - 2024-07-08T11:47:10.434Z - Done responding to the client project-graph
[NX Daemon Server] - 2024-07-08T11:47:10.434Z - Handled REQUEST_PROJECT_GRAPH. Handling time: 0. Response time: 2.
[NX Daemon Server] - 2024-07-08T11:47:10.436Z - Established a connection. Number of open connections: 2
[NX Daemon Server] - 2024-07-08T11:47:16.694Z - [WATCHER]: Processing file changes in outputs
[NX Daemon Server] - 2024-07-08T11:47:16.695Z - [WATCHER]: apps/spawntech-io/src/app/global.css was modified
[NX Daemon Server] - 2024-07-08T11:47:16.695Z - [REQUEST]: Responding to the client. File watch changed
[NX Daemon Server] - 2024-07-08T11:47:16.695Z - Done responding to the client File watch changed
[NX Daemon Server] - 2024-07-08T11:47:16.695Z - Handled FILE-WATCH-CHANGED. Handling time: 0. Response time: 0.
[NX Daemon Server] - 2024-07-08T11:47:16.695Z - Time taken for 'changed-projects' 0.034375011920928955ms
[NX Daemon Server] - 2024-07-08T11:47:16.796Z - [REQUEST]: Updated workspace context based on watched changes, recomputing project graph...
[NX Daemon Server] - 2024-07-08T11:47:16.796Z - [REQUEST]: apps/spawntech-io/src/app/global.css
[NX Daemon Server] - 2024-07-08T11:47:16.796Z - [REQUEST]: 
[NX Daemon Server] - 2024-07-08T11:47:16.841Z - Time taken for 'hash changed files from watcher' 0.24124997854232788ms
[NX Daemon Server] - 2024-07-08T11:47:16.965Z - [WATCHER]: Processing file changes in outputs
[NX Daemon Server] - 2024-07-08T11:47:17.134Z - [WATCHER]: Processing file changes in outputs
[NX Daemon Server] - 2024-07-08T11:47:17.697Z - [REQUEST]: Client Request for Project Graph Received
[NX Daemon Server] - 2024-07-08T11:47:17.697Z - [REQUEST]: Responding to the client. project-graph
[NX Daemon Server] - 2024-07-08T11:47:17.698Z - Time taken for 'total for creating and serializing project graph' 0.06999999284744263ms
[NX Daemon Server] - 2024-07-08T11:47:17.700Z - Done responding to the client project-graph
[NX Daemon Server] - 2024-07-08T11:47:17.700Z - Handled REQUEST_PROJECT_GRAPH. Handling time: 0. Response time: 3.
[NX Daemon Server] - 2024-07-08T11:47:17.702Z - [REQUEST]: Responding to the client. handleContextFileData
[NX Daemon Server] - 2024-07-08T11:47:17.702Z - Done responding to the client handleContextFileData
[NX Daemon Server] - 2024-07-08T11:47:17.702Z - Handled GET_CONTEXT_FILE_DATA. Handling time: 0. Response time: 0.
[NX Daemon Server] - 2024-07-08T11:47:17.702Z - Closed a connection. Number of open connections: 1
[NX Daemon Server] - 2024-07-08T11:47:17.705Z - Closed a connection. Number of open connections: 0
[NX Daemon Server] - 2024-07-08T11:47:17.705Z - Established a connection. Number of open connections: 1
[NX Daemon Server] - 2024-07-08T11:47:17.705Z - Established a connection. Number of open connections: 2
[NX Daemon Server] - 2024-07-08T11:47:17.706Z - Closed a connection. Number of open connections: 1
[NX Daemon Server] - 2024-07-08T11:47:17.706Z - [REQUEST]: Client Request for Project Graph Received
[NX Daemon Server] - 2024-07-08T11:47:17.706Z - [REQUEST]: Responding to the client. project-graph
[NX Daemon Server] - 2024-07-08T11:47:17.707Z - Time taken for 'total for creating and serializing project graph' 0.029624998569488525ms
[NX Daemon Server] - 2024-07-08T11:47:17.707Z - Done responding to the client project-graph
[NX Daemon Server] - 2024-07-08T11:47:17.707Z - Handled REQUEST_PROJECT_GRAPH. Handling time: 0. Response time: 1.
[NX Daemon Server] - 2024-07-08T11:47:17.709Z - [REQUEST]: Client Request for Project Graph Received
[NX Daemon Server] - 2024-07-08T11:47:17.709Z - [REQUEST]: Responding to the client. project-graph
[NX Daemon Server] - 2024-07-08T11:47:17.710Z - Time taken for 'total for creating and serializing project graph' 0.030458033084869385ms
[NX Daemon Server] - 2024-07-08T11:47:17.711Z - Done responding to the client project-graph
[NX Daemon Server] - 2024-07-08T11:47:17.711Z - Handled REQUEST_PROJECT_GRAPH. Handling time: 0. Response time: 2.
[NX Daemon Server] - 2024-07-08T11:47:17.712Z - Established a connection. Number of open connections: 2
[NX Daemon Server] - 2024-07-08T11:47:21.586Z - [WATCHER]: apps/spawntech-io/src/app/global.css was modified
[NX Daemon Server] - 2024-07-08T11:47:21.586Z - [REQUEST]: Responding to the client. File watch changed
[NX Daemon Server] - 2024-07-08T11:47:21.586Z - Done responding to the client File watch changed
[NX Daemon Server] - 2024-07-08T11:47:21.586Z - Handled FILE-WATCH-CHANGED. Handling time: 0. Response time: 0.
[NX Daemon Server] - 2024-07-08T11:47:21.586Z - [WATCHER]: Processing file changes in outputs
[NX Daemon Server] - 2024-07-08T11:47:21.587Z - Time taken for 'changed-projects' 0.046000003814697266ms
[NX Daemon Server] - 2024-07-08T11:47:21.688Z - [REQUEST]: Updated workspace context based on watched changes, recomputing project graph...
[NX Daemon Server] - 2024-07-08T11:47:21.688Z - [REQUEST]: apps/spawntech-io/src/app/global.css
[NX Daemon Server] - 2024-07-08T11:47:21.688Z - [REQUEST]: 
[NX Daemon Server] - 2024-07-08T11:47:21.725Z - [WATCHER]: Processing file changes in outputs
[NX Daemon Server] - 2024-07-08T11:47:21.725Z - Time taken for 'hash changed files from watcher' 0.22724997997283936ms
[NX Daemon Server] - 2024-07-08T11:47:21.936Z - [WATCHER]: Processing file changes in outputs
[NX Daemon Server] - 2024-07-08T11:47:22.589Z - [REQUEST]: Client Request for Project Graph Received
[NX Daemon Server] - 2024-07-08T11:47:22.589Z - [REQUEST]: Responding to the client. project-graph
[NX Daemon Server] - 2024-07-08T11:47:22.590Z - Time taken for 'total for creating and serializing project graph' 0.07725000381469727ms
[NX Daemon Server] - 2024-07-08T11:47:22.590Z - Done responding to the client project-graph
[NX Daemon Server] - 2024-07-08T11:47:22.591Z - Handled REQUEST_PROJECT_GRAPH. Handling time: 0. Response time: 2.
[NX Daemon Server] - 2024-07-08T11:47:22.593Z - [REQUEST]: Responding to the client. handleContextFileData
[NX Daemon Server] - 2024-07-08T11:47:22.593Z - Done responding to the client handleContextFileData
[NX Daemon Server] - 2024-07-08T11:47:22.593Z - Handled GET_CONTEXT_FILE_DATA. Handling time: 1. Response time: 0.
[NX Daemon Server] - 2024-07-08T11:47:22.593Z - Closed a connection. Number of open connections: 1
[NX Daemon Server] - 2024-07-08T11:47:22.596Z - Closed a connection. Number of open connections: 0
[NX Daemon Server] - 2024-07-08T11:47:22.596Z - Established a connection. Number of open connections: 1
[NX Daemon Server] - 2024-07-08T11:47:22.596Z - Established a connection. Number of open connections: 2
[NX Daemon Server] - 2024-07-08T11:47:22.596Z - Closed a connection. Number of open connections: 1
[NX Daemon Server] - 2024-07-08T11:47:22.596Z - [REQUEST]: Client Request for Project Graph Received
[NX Daemon Server] - 2024-07-08T11:47:22.596Z - [REQUEST]: Responding to the client. project-graph
[NX Daemon Server] - 2024-07-08T11:47:22.597Z - Time taken for 'total for creating and serializing project graph' 0.03345799446105957ms
[NX Daemon Server] - 2024-07-08T11:47:22.598Z - Done responding to the client project-graph
[NX Daemon Server] - 2024-07-08T11:47:22.598Z - Handled REQUEST_PROJECT_GRAPH. Handling time: 0. Response time: 2.
[NX Daemon Server] - 2024-07-08T11:47:22.600Z - [REQUEST]: Client Request for Project Graph Received
[NX Daemon Server] - 2024-07-08T11:47:22.600Z - [REQUEST]: Responding to the client. project-graph
[NX Daemon Server] - 2024-07-08T11:47:22.601Z - Time taken for 'total for creating and serializing project graph' 0.03637498617172241ms
[NX Daemon Server] - 2024-07-08T11:47:22.601Z - Done responding to the client project-graph
[NX Daemon Server] - 2024-07-08T11:47:22.601Z - Handled REQUEST_PROJECT_GRAPH. Handling time: 0. Response time: 1.
[NX Daemon Server] - 2024-07-08T11:47:22.603Z - Established a connection. Number of open connections: 2
[NX Daemon Server] - 2024-07-08T11:47:34.263Z - [WATCHER]: apps/spawntech-io/src/app/global.css was modified
[NX Daemon Server] - 2024-07-08T11:47:34.264Z - [REQUEST]: Responding to the client. File watch changed
[NX Daemon Server] - 2024-07-08T11:47:34.264Z - Done responding to the client File watch changed
[NX Daemon Server] - 2024-07-08T11:47:34.264Z - Handled FILE-WATCH-CHANGED. Handling time: 0. Response time: 0.
[NX Daemon Server] - 2024-07-08T11:47:34.264Z - [WATCHER]: Processing file changes in outputs
[NX Daemon Server] - 2024-07-08T11:47:34.264Z - Time taken for 'changed-projects' 0.058375000953674316ms
[NX Daemon Server] - 2024-07-08T11:47:34.365Z - [REQUEST]: Updated workspace context based on watched changes, recomputing project graph...
[NX Daemon Server] - 2024-07-08T11:47:34.365Z - [REQUEST]: apps/spawntech-io/src/app/global.css
[NX Daemon Server] - 2024-07-08T11:47:34.365Z - [REQUEST]: 
[NX Daemon Server] - 2024-07-08T11:47:34.407Z - Time taken for 'hash changed files from watcher' 0.2313329577445984ms
[NX Daemon Server] - 2024-07-08T11:47:34.754Z - [WATCHER]: Processing file changes in outputs
[NX Daemon Server] - 2024-07-08T11:47:35.206Z - [WATCHER]: Processing file changes in outputs
[NX Daemon Server] - 2024-07-08T11:47:35.266Z - [REQUEST]: Client Request for Project Graph Received
[NX Daemon Server] - 2024-07-08T11:47:35.266Z - [REQUEST]: Responding to the client. project-graph
[NX Daemon Server] - 2024-07-08T11:47:35.268Z - Time taken for 'total for creating and serializing project graph' 0.10062503814697266ms
[NX Daemon Server] - 2024-07-08T11:47:35.270Z - Done responding to the client project-graph
[NX Daemon Server] - 2024-07-08T11:47:35.271Z - Handled REQUEST_PROJECT_GRAPH. Handling time: 0. Response time: 5.
[NX Daemon Server] - 2024-07-08T11:47:35.274Z - [REQUEST]: Responding to the client. handleContextFileData
[NX Daemon Server] - 2024-07-08T11:47:35.274Z - Done responding to the client handleContextFileData
[NX Daemon Server] - 2024-07-08T11:47:35.274Z - Handled GET_CONTEXT_FILE_DATA. Handling time: 0. Response time: 0.
[NX Daemon Server] - 2024-07-08T11:47:35.275Z - Closed a connection. Number of open connections: 1
[NX Daemon Server] - 2024-07-08T11:47:35.279Z - Closed a connection. Number of open connections: 0
[NX Daemon Server] - 2024-07-08T11:47:35.280Z - Established a connection. Number of open connections: 1
[NX Daemon Server] - 2024-07-08T11:47:35.280Z - Established a connection. Number of open connections: 2
[NX Daemon Server] - 2024-07-08T11:47:35.280Z - Closed a connection. Number of open connections: 1
[NX Daemon Server] - 2024-07-08T11:47:35.280Z - [REQUEST]: Client Request for Project Graph Received
[NX Daemon Server] - 2024-07-08T11:47:35.280Z - [REQUEST]: Responding to the client. project-graph
[NX Daemon Server] - 2024-07-08T11:47:35.281Z - Time taken for 'total for creating and serializing project graph' 0.05737501382827759ms
[NX Daemon Server] - 2024-07-08T11:47:35.282Z - Done responding to the client project-graph
[NX Daemon Server] - 2024-07-08T11:47:35.282Z - Handled REQUEST_PROJECT_GRAPH. Handling time: 0. Response time: 2.
[NX Daemon Server] - 2024-07-08T11:47:35.284Z - [REQUEST]: Client Request for Project Graph Received
[NX Daemon Server] - 2024-07-08T11:47:35.284Z - [REQUEST]: Responding to the client. project-graph
[NX Daemon Server] - 2024-07-08T11:47:35.286Z - Time taken for 'total for creating and serializing project graph' 0.06254100799560547ms
[NX Daemon Server] - 2024-07-08T11:47:35.287Z - Done responding to the client project-graph
[NX Daemon Server] - 2024-07-08T11:47:35.287Z - Handled REQUEST_PROJECT_GRAPH. Handling time: 0. Response time: 3.
[NX Daemon Server] - 2024-07-08T11:47:35.289Z - Established a connection. Number of open connections: 2
[NX Daemon Server] - 2024-07-08T11:47:35.878Z - [WATCHER]: Processing file changes in outputs
[NX Daemon Server] - 2024-07-08T11:47:36.441Z - [WATCHER]: apps/spawntech-io/src/app/global.css was modified
[NX Daemon Server] - 2024-07-08T11:47:36.441Z - [REQUEST]: Responding to the client. File watch changed
[NX Daemon Server] - 2024-07-08T11:47:36.441Z - Done responding to the client File watch changed
[NX Daemon Server] - 2024-07-08T11:47:36.441Z - Handled FILE-WATCH-CHANGED. Handling time: 0. Response time: 0.
[NX Daemon Server] - 2024-07-08T11:47:36.441Z - [WATCHER]: Processing file changes in outputs
[NX Daemon Server] - 2024-07-08T11:47:36.441Z - Time taken for 'changed-projects' 0.0440409779548645ms
[NX Daemon Server] - 2024-07-08T11:47:36.542Z - [REQUEST]: Updated workspace context based on watched changes, recomputing project graph...
[NX Daemon Server] - 2024-07-08T11:47:36.542Z - [REQUEST]: apps/spawntech-io/src/app/global.css
[NX Daemon Server] - 2024-07-08T11:47:36.542Z - [REQUEST]: 
[NX Daemon Server] - 2024-07-08T11:47:36.576Z - [WATCHER]: Processing file changes in outputs
[NX Daemon Server] - 2024-07-08T11:47:36.577Z - Time taken for 'hash changed files from watcher' 0.43066704273223877ms
[NX Daemon Server] - 2024-07-08T11:47:36.771Z - [WATCHER]: Processing file changes in outputs
[NX Daemon Server] - 2024-07-08T11:47:37.139Z - [WATCHER]: Processing file changes in outputs
[NX Daemon Server] - 2024-07-08T11:47:37.428Z - [WATCHER]: Processing file changes in outputs
[NX Daemon Server] - 2024-07-08T11:47:37.444Z - [REQUEST]: Client Request for Project Graph Received
[NX Daemon Server] - 2024-07-08T11:47:37.444Z - [REQUEST]: Responding to the client. project-graph
[NX Daemon Server] - 2024-07-08T11:47:37.445Z - Time taken for 'total for creating and serializing project graph' 0.1121249794960022ms
[NX Daemon Server] - 2024-07-08T11:47:37.446Z - Done responding to the client project-graph
[NX Daemon Server] - 2024-07-08T11:47:37.446Z - Handled REQUEST_PROJECT_GRAPH. Handling time: 0. Response time: 2.
[NX Daemon Server] - 2024-07-08T11:47:37.449Z - [REQUEST]: Responding to the client. handleContextFileData
[NX Daemon Server] - 2024-07-08T11:47:37.449Z - Done responding to the client handleContextFileData
[NX Daemon Server] - 2024-07-08T11:47:37.449Z - Handled GET_CONTEXT_FILE_DATA. Handling time: 1. Response time: 0.
[NX Daemon Server] - 2024-07-08T11:47:37.449Z - Closed a connection. Number of open connections: 1
[NX Daemon Server] - 2024-07-08T11:47:37.455Z - Closed a connection. Number of open connections: 0
[NX Daemon Server] - 2024-07-08T11:47:37.455Z - Established a connection. Number of open connections: 1
[NX Daemon Server] - 2024-07-08T11:47:37.456Z - Established a connection. Number of open connections: 2
[NX Daemon Server] - 2024-07-08T11:47:37.456Z - Closed a connection. Number of open connections: 1
[NX Daemon Server] - 2024-07-08T11:47:37.456Z - [REQUEST]: Client Request for Project Graph Received
[NX Daemon Server] - 2024-07-08T11:47:37.456Z - [REQUEST]: Responding to the client. project-graph
[NX Daemon Server] - 2024-07-08T11:47:37.457Z - Time taken for 'total for creating and serializing project graph' 0.03675001859664917ms
[NX Daemon Server] - 2024-07-08T11:47:37.458Z - Done responding to the client project-graph
[NX Daemon Server] - 2024-07-08T11:47:37.458Z - Handled REQUEST_PROJECT_GRAPH. Handling time: 0. Response time: 2.
[NX Daemon Server] - 2024-07-08T11:47:37.461Z - [REQUEST]: Client Request for Project Graph Received
[NX Daemon Server] - 2024-07-08T11:47:37.461Z - [REQUEST]: Responding to the client. project-graph
[NX Daemon Server] - 2024-07-08T11:47:37.462Z - Time taken for 'total for creating and serializing project graph' 0.07437503337860107ms
[NX Daemon Server] - 2024-07-08T11:47:37.467Z - Done responding to the client project-graph
[NX Daemon Server] - 2024-07-08T11:47:37.467Z - Handled REQUEST_PROJECT_GRAPH. Handling time: 0. Response time: 6.
[NX Daemon Server] - 2024-07-08T11:47:37.469Z - Established a connection. Number of open connections: 2
[NX Daemon Server] - 2024-07-08T11:47:38.258Z - [WATCHER]: Processing file changes in outputs
[NX Daemon Server] - 2024-07-08T11:47:38.565Z - [WATCHER]: Processing file changes in outputs
[NX Daemon Server] - 2024-07-08T11:47:52.418Z - [WATCHER]: libs/blog/src/lib/client-components/blog.tsx was modified
[NX Daemon Server] - 2024-07-08T11:47:52.418Z - [REQUEST]: Responding to the client. File watch changed
[NX Daemon Server] - 2024-07-08T11:47:52.418Z - Done responding to the client File watch changed
[NX Daemon Server] - 2024-07-08T11:47:52.418Z - Handled FILE-WATCH-CHANGED. Handling time: 0. Response time: 0.
[NX Daemon Server] - 2024-07-08T11:47:52.419Z - [WATCHER]: Processing file changes in outputs
[NX Daemon Server] - 2024-07-08T11:47:52.419Z - Time taken for 'changed-projects' 0.29258298873901367ms
[NX Daemon Server] - 2024-07-08T11:47:52.520Z - [REQUEST]: Updated workspace context based on watched changes, recomputing project graph...
[NX Daemon Server] - 2024-07-08T11:47:52.520Z - [REQUEST]: libs/blog/src/lib/client-components/blog.tsx
[NX Daemon Server] - 2024-07-08T11:47:52.520Z - [REQUEST]: 
[NX Daemon Server] - 2024-07-08T11:47:52.623Z - Time taken for 'hash changed files from watcher' 0.27570801973342896ms
[NX Daemon Server] - 2024-07-08T11:47:52.737Z - [WATCHER]: Processing file changes in outputs
[NX Daemon Server] - 2024-07-08T11:47:52.866Z - [WATCHER]: Processing file changes in outputs
[NX Daemon Server] - 2024-07-08T11:47:53.420Z - [REQUEST]: Client Request for Project Graph Received
[NX Daemon Server] - 2024-07-08T11:47:53.421Z - [REQUEST]: Responding to the client. project-graph
[NX Daemon Server] - 2024-07-08T11:47:53.422Z - Time taken for 'total for creating and serializing project graph' 0.07525002956390381ms
[NX Daemon Server] - 2024-07-08T11:47:53.422Z - Done responding to the client project-graph
[NX Daemon Server] - 2024-07-08T11:47:53.422Z - Handled REQUEST_PROJECT_GRAPH. Handling time: 1. Response time: 1.
[NX Daemon Server] - 2024-07-08T11:47:53.425Z - [REQUEST]: Responding to the client. handleContextFileData
[NX Daemon Server] - 2024-07-08T11:47:53.425Z - Done responding to the client handleContextFileData
[NX Daemon Server] - 2024-07-08T11:47:53.425Z - Handled GET_CONTEXT_FILE_DATA. Handling time: 1. Response time: 0.
[NX Daemon Server] - 2024-07-08T11:47:53.425Z - Closed a connection. Number of open connections: 1
[NX Daemon Server] - 2024-07-08T11:47:53.428Z - Closed a connection. Number of open connections: 0
[NX Daemon Server] - 2024-07-08T11:47:53.429Z - Established a connection. Number of open connections: 1
[NX Daemon Server] - 2024-07-08T11:47:53.429Z - Established a connection. Number of open connections: 2
[NX Daemon Server] - 2024-07-08T11:47:53.429Z - Closed a connection. Number of open connections: 1
[NX Daemon Server] - 2024-07-08T11:47:53.429Z - [REQUEST]: Client Request for Project Graph Received
[NX Daemon Server] - 2024-07-08T11:47:53.429Z - [REQUEST]: Responding to the client. project-graph
[NX Daemon Server] - 2024-07-08T11:47:53.430Z - Time taken for 'total for creating and serializing project graph' 0.04400002956390381ms
[NX Daemon Server] - 2024-07-08T11:47:53.431Z - Done responding to the client project-graph
[NX Daemon Server] - 2024-07-08T11:47:53.431Z - Handled REQUEST_PROJECT_GRAPH. Handling time: 0. Response time: 2.
[NX Daemon Server] - 2024-07-08T11:47:53.433Z - [REQUEST]: Client Request for Project Graph Received
[NX Daemon Server] - 2024-07-08T11:47:53.433Z - [REQUEST]: Responding to the client. project-graph
[NX Daemon Server] - 2024-07-08T11:47:53.434Z - Time taken for 'total for creating and serializing project graph' 0.04666697978973389ms
[NX Daemon Server] - 2024-07-08T11:47:53.435Z - Done responding to the client project-graph
[NX Daemon Server] - 2024-07-08T11:47:53.435Z - Handled REQUEST_PROJECT_GRAPH. Handling time: 0. Response time: 2.
[NX Daemon Server] - 2024-07-08T11:47:53.437Z - Established a connection. Number of open connections: 2
[NX Daemon Server] - 2024-07-08T11:47:56.337Z - [WATCHER]: libs/blog/src/lib/client-components/blog.tsx was modified
[NX Daemon Server] - 2024-07-08T11:47:56.337Z - [REQUEST]: Responding to the client. File watch changed
[NX Daemon Server] - 2024-07-08T11:47:56.337Z - Done responding to the client File watch changed
[NX Daemon Server] - 2024-07-08T11:47:56.337Z - Handled FILE-WATCH-CHANGED. Handling time: 0. Response time: 0.
[NX Daemon Server] - 2024-07-08T11:47:56.337Z - [WATCHER]: Processing file changes in outputs
[NX Daemon Server] - 2024-07-08T11:47:56.337Z - Time taken for 'changed-projects' 0.039125025272369385ms
[NX Daemon Server] - 2024-07-08T11:47:56.438Z - [REQUEST]: Updated workspace context based on watched changes, recomputing project graph...
[NX Daemon Server] - 2024-07-08T11:47:56.439Z - [REQUEST]: libs/blog/src/lib/client-components/blog.tsx
[NX Daemon Server] - 2024-07-08T11:47:56.439Z - [REQUEST]: 
[NX Daemon Server] - 2024-07-08T11:47:56.481Z - Time taken for 'hash changed files from watcher' 0.21175003051757812ms
[NX Daemon Server] - 2024-07-08T11:47:56.505Z - [WATCHER]: Processing file changes in outputs
[NX Daemon Server] - 2024-07-08T11:47:56.663Z - [WATCHER]: Processing file changes in outputs
[NX Daemon Server] - 2024-07-08T11:47:56.775Z - [WATCHER]: Processing file changes in outputs
[NX Daemon Server] - 2024-07-08T11:47:57.339Z - [REQUEST]: Client Request for Project Graph Received
[NX Daemon Server] - 2024-07-08T11:47:57.339Z - [REQUEST]: Responding to the client. project-graph
[NX Daemon Server] - 2024-07-08T11:47:57.340Z - Time taken for 'total for creating and serializing project graph' 0.07904201745986938ms
[NX Daemon Server] - 2024-07-08T11:47:57.341Z - Done responding to the client project-graph
[NX Daemon Server] - 2024-07-08T11:47:57.341Z - Handled REQUEST_PROJECT_GRAPH. Handling time: 0. Response time: 2.
[NX Daemon Server] - 2024-07-08T11:47:57.344Z - [REQUEST]: Responding to the client. handleContextFileData
[NX Daemon Server] - 2024-07-08T11:47:57.344Z - Done responding to the client handleContextFileData
[NX Daemon Server] - 2024-07-08T11:47:57.344Z - Handled GET_CONTEXT_FILE_DATA. Handling time: 1. Response time: 0.
[NX Daemon Server] - 2024-07-08T11:47:57.344Z - Closed a connection. Number of open connections: 1
[NX Daemon Server] - 2024-07-08T11:47:57.347Z - Closed a connection. Number of open connections: 0
[NX Daemon Server] - 2024-07-08T11:47:57.347Z - Established a connection. Number of open connections: 1
[NX Daemon Server] - 2024-07-08T11:47:57.347Z - Established a connection. Number of open connections: 2
[NX Daemon Server] - 2024-07-08T11:47:57.347Z - Closed a connection. Number of open connections: 1
[NX Daemon Server] - 2024-07-08T11:47:57.348Z - [REQUEST]: Client Request for Project Graph Received
[NX Daemon Server] - 2024-07-08T11:47:57.348Z - [REQUEST]: Responding to the client. project-graph
[NX Daemon Server] - 2024-07-08T11:47:57.349Z - Time taken for 'total for creating and serializing project graph' 0.03350001573562622ms
[NX Daemon Server] - 2024-07-08T11:47:57.350Z - Done responding to the client project-graph
[NX Daemon Server] - 2024-07-08T11:47:57.350Z - Handled REQUEST_PROJECT_GRAPH. Handling time: 0. Response time: 2.
[NX Daemon Server] - 2024-07-08T11:47:57.352Z - [REQUEST]: Client Request for Project Graph Received
[NX Daemon Server] - 2024-07-08T11:47:57.352Z - [REQUEST]: Responding to the client. project-graph
[NX Daemon Server] - 2024-07-08T11:47:57.354Z - Time taken for 'total for creating and serializing project graph' 0.09645801782608032ms
[NX Daemon Server] - 2024-07-08T11:47:57.354Z - Done responding to the client project-graph
[NX Daemon Server] - 2024-07-08T11:47:57.354Z - Handled REQUEST_PROJECT_GRAPH. Handling time: 0. Response time: 2.
[NX Daemon Server] - 2024-07-08T11:47:57.356Z - Established a connection. Number of open connections: 2
[NX Daemon Server] - 2024-07-08T11:47:59.618Z - [WATCHER]: libs/blog/src/lib/client-components/blog.tsx was modified
[NX Daemon Server] - 2024-07-08T11:47:59.618Z - [REQUEST]: Responding to the client. File watch changed
[NX Daemon Server] - 2024-07-08T11:47:59.618Z - Done responding to the client File watch changed
[NX Daemon Server] - 2024-07-08T11:47:59.618Z - Handled FILE-WATCH-CHANGED. Handling time: 0. Response time: 0.
[NX Daemon Server] - 2024-07-08T11:47:59.618Z - [WATCHER]: Processing file changes in outputs
[NX Daemon Server] - 2024-07-08T11:47:59.618Z - Time taken for 'changed-projects' 0.06270897388458252ms
[NX Daemon Server] - 2024-07-08T11:47:59.720Z - [REQUEST]: Updated workspace context based on watched changes, recomputing project graph...
[NX Daemon Server] - 2024-07-08T11:47:59.720Z - [REQUEST]: libs/blog/src/lib/client-components/blog.tsx
[NX Daemon Server] - 2024-07-08T11:47:59.720Z - [REQUEST]: 
[NX Daemon Server] - 2024-07-08T11:47:59.756Z - Time taken for 'hash changed files from watcher' 0.18375003337860107ms
[NX Daemon Server] - 2024-07-08T11:47:59.758Z - [WATCHER]: Processing file changes in outputs
[NX Daemon Server] - 2024-07-08T11:47:59.874Z - [WATCHER]: Processing file changes in outputs
[NX Daemon Server] - 2024-07-08T11:48:00.621Z - [REQUEST]: Client Request for Project Graph Received
[NX Daemon Server] - 2024-07-08T11:48:00.621Z - [REQUEST]: Responding to the client. project-graph
[NX Daemon Server] - 2024-07-08T11:48:00.622Z - Time taken for 'total for creating and serializing project graph' 0.12908297777175903ms
[NX Daemon Server] - 2024-07-08T11:48:00.624Z - Done responding to the client project-graph
[NX Daemon Server] - 2024-07-08T11:48:00.624Z - Handled REQUEST_PROJECT_GRAPH. Handling time: 0. Response time: 3.
[NX Daemon Server] - 2024-07-08T11:48:00.626Z - [REQUEST]: Responding to the client. handleContextFileData
[NX Daemon Server] - 2024-07-08T11:48:00.627Z - Done responding to the client handleContextFileData
[NX Daemon Server] - 2024-07-08T11:48:00.627Z - Handled GET_CONTEXT_FILE_DATA. Handling time: 0. Response time: 1.
[NX Daemon Server] - 2024-07-08T11:48:00.627Z - Closed a connection. Number of open connections: 1
[NX Daemon Server] - 2024-07-08T11:48:00.632Z - Closed a connection. Number of open connections: 0
[NX Daemon Server] - 2024-07-08T11:48:00.633Z - Established a connection. Number of open connections: 1
[NX Daemon Server] - 2024-07-08T11:48:00.633Z - Established a connection. Number of open connections: 2
[NX Daemon Server] - 2024-07-08T11:48:00.633Z - Closed a connection. Number of open connections: 1
[NX Daemon Server] - 2024-07-08T11:48:00.633Z - [REQUEST]: Client Request for Project Graph Received
[NX Daemon Server] - 2024-07-08T11:48:00.633Z - [REQUEST]: Responding to the client. project-graph
[NX Daemon Server] - 2024-07-08T11:48:00.634Z - Time taken for 'total for creating and serializing project graph' 0.033541977405548096ms
[NX Daemon Server] - 2024-07-08T11:48:00.635Z - Done responding to the client project-graph
[NX Daemon Server] - 2024-07-08T11:48:00.635Z - Handled REQUEST_PROJECT_GRAPH. Handling time: 0. Response time: 2.
[NX Daemon Server] - 2024-07-08T11:48:00.637Z - [REQUEST]: Client Request for Project Graph Received
[NX Daemon Server] - 2024-07-08T11:48:00.637Z - [REQUEST]: Responding to the client. project-graph
[NX Daemon Server] - 2024-07-08T11:48:00.638Z - Time taken for 'total for creating and serializing project graph' 0.03224998712539673ms
[NX Daemon Server] - 2024-07-08T11:48:00.639Z - Done responding to the client project-graph
[NX Daemon Server] - 2024-07-08T11:48:00.639Z - Handled REQUEST_PROJECT_GRAPH. Handling time: 0. Response time: 2.
[NX Daemon Server] - 2024-07-08T11:48:00.641Z - Established a connection. Number of open connections: 2
[NX Daemon Server] - 2024-07-08T11:48:01.462Z - [WATCHER]: libs/blog/src/lib/client-components/blog.tsx was modified
[NX Daemon Server] - 2024-07-08T11:48:01.462Z - [REQUEST]: Responding to the client. File watch changed
[NX Daemon Server] - 2024-07-08T11:48:01.463Z - Done responding to the client File watch changed
[NX Daemon Server] - 2024-07-08T11:48:01.463Z - Handled FILE-WATCH-CHANGED. Handling time: 0. Response time: 1.
[NX Daemon Server] - 2024-07-08T11:48:01.463Z - [WATCHER]: Processing file changes in outputs
[NX Daemon Server] - 2024-07-08T11:48:01.463Z - Time taken for 'changed-projects' 0.0497090220451355ms
[NX Daemon Server] - 2024-07-08T11:48:01.562Z - [REQUEST]: Updated workspace context based on watched changes, recomputing project graph...
[NX Daemon Server] - 2024-07-08T11:48:01.563Z - [REQUEST]: libs/blog/src/lib/client-components/blog.tsx
[NX Daemon Server] - 2024-07-08T11:48:01.563Z - [REQUEST]: 
[NX Daemon Server] - 2024-07-08T11:48:01.629Z - [WATCHER]: Processing file changes in outputs
[NX Daemon Server] - 2024-07-08T11:48:01.629Z - Time taken for 'hash changed files from watcher' 0.4720839858055115ms
[NX Daemon Server] - 2024-07-08T11:48:01.849Z - [WATCHER]: Processing file changes in outputs
[NX Daemon Server] - 2024-07-08T11:48:02.465Z - [REQUEST]: Client Request for Project Graph Received
[NX Daemon Server] - 2024-07-08T11:48:02.465Z - [REQUEST]: Responding to the client. project-graph
[NX Daemon Server] - 2024-07-08T11:48:02.466Z - Time taken for 'total for creating and serializing project graph' 0.08387500047683716ms
[NX Daemon Server] - 2024-07-08T11:48:02.467Z - Done responding to the client project-graph
[NX Daemon Server] - 2024-07-08T11:48:02.467Z - Handled REQUEST_PROJECT_GRAPH. Handling time: 0. Response time: 2.
[NX Daemon Server] - 2024-07-08T11:48:02.470Z - [REQUEST]: Responding to the client. handleContextFileData
[NX Daemon Server] - 2024-07-08T11:48:02.470Z - Done responding to the client handleContextFileData
[NX Daemon Server] - 2024-07-08T11:48:02.470Z - Handled GET_CONTEXT_FILE_DATA. Handling time: 1. Response time: 0.
[NX Daemon Server] - 2024-07-08T11:48:02.470Z - Closed a connection. Number of open connections: 1
[NX Daemon Server] - 2024-07-08T11:48:02.473Z - Closed a connection. Number of open connections: 0
[NX Daemon Server] - 2024-07-08T11:48:02.473Z - Established a connection. Number of open connections: 1
[NX Daemon Server] - 2024-07-08T11:48:02.473Z - Established a connection. Number of open connections: 2
[NX Daemon Server] - 2024-07-08T11:48:02.473Z - Closed a connection. Number of open connections: 1
[NX Daemon Server] - 2024-07-08T11:48:02.473Z - [REQUEST]: Client Request for Project Graph Received
[NX Daemon Server] - 2024-07-08T11:48:02.473Z - [REQUEST]: Responding to the client. project-graph
[NX Daemon Server] - 2024-07-08T11:48:02.474Z - Time taken for 'total for creating and serializing project graph' 0.03525000810623169ms
[NX Daemon Server] - 2024-07-08T11:48:02.475Z - Done responding to the client project-graph
[NX Daemon Server] - 2024-07-08T11:48:02.476Z - Handled REQUEST_PROJECT_GRAPH. Handling time: 0. Response time: 3.
[NX Daemon Server] - 2024-07-08T11:48:02.478Z - [REQUEST]: Client Request for Project Graph Received
[NX Daemon Server] - 2024-07-08T11:48:02.478Z - [REQUEST]: Responding to the client. project-graph
[NX Daemon Server] - 2024-07-08T11:48:02.480Z - Time taken for 'total for creating and serializing project graph' 0.06312501430511475ms
[NX Daemon Server] - 2024-07-08T11:48:02.480Z - Done responding to the client project-graph
[NX Daemon Server] - 2024-07-08T11:48:02.480Z - Handled REQUEST_PROJECT_GRAPH. Handling time: 0. Response time: 2.
[NX Daemon Server] - 2024-07-08T11:48:02.482Z - Established a connection. Number of open connections: 2
[NX Daemon Server] - 2024-07-08T11:48:05.120Z - [WATCHER]: libs/blog/src/lib/client-components/blog.tsx was modified
[NX Daemon Server] - 2024-07-08T11:48:05.121Z - [REQUEST]: Responding to the client. File watch changed
[NX Daemon Server] - 2024-07-08T11:48:05.121Z - Done responding to the client File watch changed
[NX Daemon Server] - 2024-07-08T11:48:05.121Z - Handled FILE-WATCH-CHANGED. Handling time: 0. Response time: 0.
[NX Daemon Server] - 2024-07-08T11:48:05.121Z - [WATCHER]: Processing file changes in outputs
[NX Daemon Server] - 2024-07-08T11:48:05.121Z - Time taken for 'changed-projects' 0.05379199981689453ms
[NX Daemon Server] - 2024-07-08T11:48:05.222Z - [REQUEST]: Updated workspace context based on watched changes, recomputing project graph...
[NX Daemon Server] - 2024-07-08T11:48:05.222Z - [REQUEST]: libs/blog/src/lib/client-components/blog.tsx
[NX Daemon Server] - 2024-07-08T11:48:05.222Z - [REQUEST]: 
[NX Daemon Server] - 2024-07-08T11:48:05.248Z - Time taken for 'hash changed files from watcher' 0.17733299732208252ms
[NX Daemon Server] - 2024-07-08T11:48:05.260Z - [WATCHER]: Processing file changes in outputs
[NX Daemon Server] - 2024-07-08T11:48:05.366Z - [WATCHER]: Processing file changes in outputs
[NX Daemon Server] - 2024-07-08T11:48:06.123Z - [REQUEST]: Client Request for Project Graph Received
[NX Daemon Server] - 2024-07-08T11:48:06.123Z - [REQUEST]: Responding to the client. project-graph
[NX Daemon Server] - 2024-07-08T11:48:06.125Z - Time taken for 'total for creating and serializing project graph' 0.07420796155929565ms
[NX Daemon Server] - 2024-07-08T11:48:06.125Z - Done responding to the client project-graph
[NX Daemon Server] - 2024-07-08T11:48:06.125Z - Handled REQUEST_PROJECT_GRAPH. Handling time: 0. Response time: 2.
[NX Daemon Server] - 2024-07-08T11:48:06.127Z - [REQUEST]: Responding to the client. handleContextFileData
[NX Daemon Server] - 2024-07-08T11:48:06.127Z - Done responding to the client handleContextFileData
[NX Daemon Server] - 2024-07-08T11:48:06.127Z - Handled GET_CONTEXT_FILE_DATA. Handling time: 0. Response time: 0.
[NX Daemon Server] - 2024-07-08T11:48:06.128Z - Closed a connection. Number of open connections: 1
[NX Daemon Server] - 2024-07-08T11:48:06.131Z - Closed a connection. Number of open connections: 0
[NX Daemon Server] - 2024-07-08T11:48:06.131Z - Established a connection. Number of open connections: 1
[NX Daemon Server] - 2024-07-08T11:48:06.131Z - Established a connection. Number of open connections: 2
[NX Daemon Server] - 2024-07-08T11:48:06.131Z - Closed a connection. Number of open connections: 1
[NX Daemon Server] - 2024-07-08T11:48:06.132Z - [REQUEST]: Client Request for Project Graph Received
[NX Daemon Server] - 2024-07-08T11:48:06.132Z - [REQUEST]: Responding to the client. project-graph
[NX Daemon Server] - 2024-07-08T11:48:06.133Z - Time taken for 'total for creating and serializing project graph' 0.03154200315475464ms
[NX Daemon Server] - 2024-07-08T11:48:06.134Z - Done responding to the client project-graph
[NX Daemon Server] - 2024-07-08T11:48:06.134Z - Handled REQUEST_PROJECT_GRAPH. Handling time: 0. Response time: 2.
[NX Daemon Server] - 2024-07-08T11:48:06.137Z - [REQUEST]: Client Request for Project Graph Received
[NX Daemon Server] - 2024-07-08T11:48:06.137Z - [REQUEST]: Responding to the client. project-graph
[NX Daemon Server] - 2024-07-08T11:48:06.138Z - Time taken for 'total for creating and serializing project graph' 0.07795798778533936ms
[NX Daemon Server] - 2024-07-08T11:48:06.138Z - Done responding to the client project-graph
[NX Daemon Server] - 2024-07-08T11:48:06.138Z - Handled REQUEST_PROJECT_GRAPH. Handling time: 0. Response time: 1.
[NX Daemon Server] - 2024-07-08T11:48:06.140Z - Established a connection. Number of open connections: 2
[NX Daemon Server] - 2024-07-08T11:48:10.906Z - [WATCHER]: libs/blog/src/lib/client-components/blog.tsx was modified
[NX Daemon Server] - 2024-07-08T11:48:10.906Z - [REQUEST]: Responding to the client. File watch changed
[NX Daemon Server] - 2024-07-08T11:48:10.906Z - Done responding to the client File watch changed
[NX Daemon Server] - 2024-07-08T11:48:10.906Z - Handled FILE-WATCH-CHANGED. Handling time: 0. Response time: 0.
[NX Daemon Server] - 2024-07-08T11:48:10.906Z - [WATCHER]: Processing file changes in outputs
[NX Daemon Server] - 2024-07-08T11:48:10.906Z - Time taken for 'changed-projects' 0.030582964420318604ms
[NX Daemon Server] - 2024-07-08T11:48:11.008Z - [REQUEST]: Updated workspace context based on watched changes, recomputing project graph...
[NX Daemon Server] - 2024-07-08T11:48:11.008Z - [REQUEST]: libs/blog/src/lib/client-components/blog.tsx
[NX Daemon Server] - 2024-07-08T11:48:11.008Z - [REQUEST]: 
[NX Daemon Server] - 2024-07-08T11:48:11.043Z - [WATCHER]: Processing file changes in outputs
[NX Daemon Server] - 2024-07-08T11:48:11.043Z - Time taken for 'hash changed files from watcher' 0.17683297395706177ms
[NX Daemon Server] - 2024-07-08T11:48:11.142Z - [WATCHER]: Processing file changes in outputs
[NX Daemon Server] - 2024-07-08T11:48:11.907Z - [REQUEST]: Client Request for Project Graph Received
[NX Daemon Server] - 2024-07-08T11:48:11.908Z - [REQUEST]: Responding to the client. project-graph
[NX Daemon Server] - 2024-07-08T11:48:11.909Z - Time taken for 'total for creating and serializing project graph' 0.07287496328353882ms
[NX Daemon Server] - 2024-07-08T11:48:11.909Z - Done responding to the client project-graph
[NX Daemon Server] - 2024-07-08T11:48:11.909Z - Handled REQUEST_PROJECT_GRAPH. Handling time: 1. Response time: 1.
[NX Daemon Server] - 2024-07-08T11:48:11.912Z - [REQUEST]: Responding to the client. handleContextFileData
[NX Daemon Server] - 2024-07-08T11:48:11.912Z - Done responding to the client handleContextFileData
[NX Daemon Server] - 2024-07-08T11:48:11.912Z - Handled GET_CONTEXT_FILE_DATA. Handling time: 1. Response time: 0.
[NX Daemon Server] - 2024-07-08T11:48:11.913Z - Closed a connection. Number of open connections: 1
[NX Daemon Server] - 2024-07-08T11:48:11.918Z - Closed a connection. Number of open connections: 0
[NX Daemon Server] - 2024-07-08T11:48:11.918Z - Established a connection. Number of open connections: 1
[NX Daemon Server] - 2024-07-08T11:48:11.918Z - Established a connection. Number of open connections: 2
[NX Daemon Server] - 2024-07-08T11:48:11.918Z - Closed a connection. Number of open connections: 1
[NX Daemon Server] - 2024-07-08T11:48:11.918Z - [REQUEST]: Client Request for Project Graph Received
[NX Daemon Server] - 2024-07-08T11:48:11.918Z - [REQUEST]: Responding to the client. project-graph
[NX Daemon Server] - 2024-07-08T11:48:11.919Z - Time taken for 'total for creating and serializing project graph' 0.03312498331069946ms
[NX Daemon Server] - 2024-07-08T11:48:11.920Z - Done responding to the client project-graph
[NX Daemon Server] - 2024-07-08T11:48:11.920Z - Handled REQUEST_PROJECT_GRAPH. Handling time: 0. Response time: 2.
[NX Daemon Server] - 2024-07-08T11:48:11.922Z - [REQUEST]: Client Request for Project Graph Received
[NX Daemon Server] - 2024-07-08T11:48:11.922Z - [REQUEST]: Responding to the client. project-graph
[NX Daemon Server] - 2024-07-08T11:48:11.923Z - Time taken for 'total for creating and serializing project graph' 0.041292011737823486ms
[NX Daemon Server] - 2024-07-08T11:48:11.923Z - Done responding to the client project-graph
[NX Daemon Server] - 2024-07-08T11:48:11.923Z - Handled REQUEST_PROJECT_GRAPH. Handling time: 0. Response time: 1.
[NX Daemon Server] - 2024-07-08T11:48:11.925Z - Established a connection. Number of open connections: 2
[NX Daemon Server] - 2024-07-08T11:48:15.005Z - [WATCHER]: libs/blog/src/lib/client-components/blog.tsx was modified
[NX Daemon Server] - 2024-07-08T11:48:15.005Z - [REQUEST]: Responding to the client. File watch changed
[NX Daemon Server] - 2024-07-08T11:48:15.005Z - Done responding to the client File watch changed
[NX Daemon Server] - 2024-07-08T11:48:15.005Z - Handled FILE-WATCH-CHANGED. Handling time: 0. Response time: 0.
[NX Daemon Server] - 2024-07-08T11:48:15.005Z - [WATCHER]: Processing file changes in outputs
[NX Daemon Server] - 2024-07-08T11:48:15.005Z - Time taken for 'changed-projects' 0.028666973114013672ms
[NX Daemon Server] - 2024-07-08T11:48:15.106Z - [REQUEST]: Updated workspace context based on watched changes, recomputing project graph...
[NX Daemon Server] - 2024-07-08T11:48:15.107Z - [REQUEST]: libs/blog/src/lib/client-components/blog.tsx
[NX Daemon Server] - 2024-07-08T11:48:15.107Z - [REQUEST]: 
[NX Daemon Server] - 2024-07-08T11:48:15.143Z - Time taken for 'hash changed files from watcher' 0.22887498140335083ms
[NX Daemon Server] - 2024-07-08T11:48:15.238Z - [WATCHER]: Processing file changes in outputs
[NX Daemon Server] - 2024-07-08T11:48:15.413Z - [WATCHER]: Processing file changes in outputs
[NX Daemon Server] - 2024-07-08T11:48:15.519Z - [WATCHER]: Processing file changes in outputs
[NX Daemon Server] - 2024-07-08T11:48:16.006Z - [REQUEST]: Client Request for Project Graph Received
[NX Daemon Server] - 2024-07-08T11:48:16.006Z - [REQUEST]: Responding to the client. project-graph
[NX Daemon Server] - 2024-07-08T11:48:16.007Z - Time taken for 'total for creating and serializing project graph' 0.06379097700119019ms
[NX Daemon Server] - 2024-07-08T11:48:16.008Z - Done responding to the client project-graph
[NX Daemon Server] - 2024-07-08T11:48:16.008Z - Handled REQUEST_PROJECT_GRAPH. Handling time: 0. Response time: 2.
[NX Daemon Server] - 2024-07-08T11:48:16.010Z - [REQUEST]: Responding to the client. handleContextFileData
[NX Daemon Server] - 2024-07-08T11:48:16.010Z - Done responding to the client handleContextFileData
[NX Daemon Server] - 2024-07-08T11:48:16.010Z - Handled GET_CONTEXT_FILE_DATA. Handling time: 0. Response time: 0.
[NX Daemon Server] - 2024-07-08T11:48:16.011Z - Closed a connection. Number of open connections: 1
[NX Daemon Server] - 2024-07-08T11:48:16.013Z - Closed a connection. Number of open connections: 0
[NX Daemon Server] - 2024-07-08T11:48:16.014Z - Established a connection. Number of open connections: 1
[NX Daemon Server] - 2024-07-08T11:48:16.014Z - Established a connection. Number of open connections: 2
[NX Daemon Server] - 2024-07-08T11:48:16.014Z - Closed a connection. Number of open connections: 1
[NX Daemon Server] - 2024-07-08T11:48:16.014Z - [REQUEST]: Client Request for Project Graph Received
[NX Daemon Server] - 2024-07-08T11:48:16.014Z - [REQUEST]: Responding to the client. project-graph
[NX Daemon Server] - 2024-07-08T11:48:16.015Z - Time taken for 'total for creating and serializing project graph' 0.030125021934509277ms
[NX Daemon Server] - 2024-07-08T11:48:16.015Z - Done responding to the client project-graph
[NX Daemon Server] - 2024-07-08T11:48:16.015Z - Handled REQUEST_PROJECT_GRAPH. Handling time: 0. Response time: 1.
[NX Daemon Server] - 2024-07-08T11:48:16.017Z - [REQUEST]: Client Request for Project Graph Received
[NX Daemon Server] - 2024-07-08T11:48:16.017Z - [REQUEST]: Responding to the client. project-graph
[NX Daemon Server] - 2024-07-08T11:48:16.018Z - Time taken for 'total for creating and serializing project graph' 0.02766597270965576ms
[NX Daemon Server] - 2024-07-08T11:48:16.019Z - Done responding to the client project-graph
[NX Daemon Server] - 2024-07-08T11:48:16.019Z - Handled REQUEST_PROJECT_GRAPH. Handling time: 0. Response time: 2.
[NX Daemon Server] - 2024-07-08T11:48:16.020Z - Established a connection. Number of open connections: 2
[NX Daemon Server] - 2024-07-08T11:48:26.677Z - [WATCHER]: apps/spawntech-io/src/app/global.css was modified
[NX Daemon Server] - 2024-07-08T11:48:26.678Z - [REQUEST]: Responding to the client. File watch changed
[NX Daemon Server] - 2024-07-08T11:48:26.678Z - Done responding to the client File watch changed
[NX Daemon Server] - 2024-07-08T11:48:26.678Z - Handled FILE-WATCH-CHANGED. Handling time: 0. Response time: 0.
[NX Daemon Server] - 2024-07-08T11:48:26.678Z - [WATCHER]: Processing file changes in outputs
[NX Daemon Server] - 2024-07-08T11:48:26.678Z - Time taken for 'changed-projects' 0.25883299112319946ms
[NX Daemon Server] - 2024-07-08T11:48:26.779Z - [REQUEST]: Updated workspace context based on watched changes, recomputing project graph...
[NX Daemon Server] - 2024-07-08T11:48:26.779Z - [REQUEST]: apps/spawntech-io/src/app/global.css
[NX Daemon Server] - 2024-07-08T11:48:26.779Z - [REQUEST]: 
[NX Daemon Server] - 2024-07-08T11:48:26.824Z - Time taken for 'hash changed files from watcher' 0.2082499861717224ms
[NX Daemon Server] - 2024-07-08T11:48:26.829Z - [WATCHER]: Processing file changes in outputs
[NX Daemon Server] - 2024-07-08T11:48:27.108Z - [WATCHER]: Processing file changes in outputs
[NX Daemon Server] - 2024-07-08T11:48:27.680Z - [REQUEST]: Client Request for Project Graph Received
[NX Daemon Server] - 2024-07-08T11:48:27.680Z - [REQUEST]: Responding to the client. project-graph
[NX Daemon Server] - 2024-07-08T11:48:27.682Z - Time taken for 'total for creating and serializing project graph' 0.06895804405212402ms
[NX Daemon Server] - 2024-07-08T11:48:27.683Z - Done responding to the client project-graph
[NX Daemon Server] - 2024-07-08T11:48:27.683Z - Handled REQUEST_PROJECT_GRAPH. Handling time: 0. Response time: 3.
[NX Daemon Server] - 2024-07-08T11:48:27.686Z - [REQUEST]: Responding to the client. handleContextFileData
[NX Daemon Server] - 2024-07-08T11:48:27.686Z - Done responding to the client handleContextFileData
[NX Daemon Server] - 2024-07-08T11:48:27.686Z - Handled GET_CONTEXT_FILE_DATA. Handling time: 0. Response time: 0.
[NX Daemon Server] - 2024-07-08T11:48:27.686Z - Closed a connection. Number of open connections: 1
[NX Daemon Server] - 2024-07-08T11:48:27.690Z - Closed a connection. Number of open connections: 0
[NX Daemon Server] - 2024-07-08T11:48:27.690Z - Established a connection. Number of open connections: 1
[NX Daemon Server] - 2024-07-08T11:48:27.690Z - Established a connection. Number of open connections: 2
[NX Daemon Server] - 2024-07-08T11:48:27.690Z - Closed a connection. Number of open connections: 1
[NX Daemon Server] - 2024-07-08T11:48:27.690Z - [REQUEST]: Client Request for Project Graph Received
[NX Daemon Server] - 2024-07-08T11:48:27.690Z - [REQUEST]: Responding to the client. project-graph
[NX Daemon Server] - 2024-07-08T11:48:27.691Z - Time taken for 'total for creating and serializing project graph' 0.026916980743408203ms
[NX Daemon Server] - 2024-07-08T11:48:27.692Z - Done responding to the client project-graph
[NX Daemon Server] - 2024-07-08T11:48:27.692Z - Handled REQUEST_PROJECT_GRAPH. Handling time: 0. Response time: 2.
[NX Daemon Server] - 2024-07-08T11:48:27.694Z - [REQUEST]: Client Request for Project Graph Received
[NX Daemon Server] - 2024-07-08T11:48:27.694Z - [REQUEST]: Responding to the client. project-graph
[NX Daemon Server] - 2024-07-08T11:48:27.695Z - Time taken for 'total for creating and serializing project graph' 0.028457999229431152ms
[NX Daemon Server] - 2024-07-08T11:48:27.696Z - Done responding to the client project-graph
[NX Daemon Server] - 2024-07-08T11:48:27.696Z - Handled REQUEST_PROJECT_GRAPH. Handling time: 0. Response time: 2.
[NX Daemon Server] - 2024-07-08T11:48:27.698Z - Established a connection. Number of open connections: 2
[NX Daemon Server] - 2024-07-08T11:48:35.937Z - Established a connection. Number of open connections: 3
[NX Daemon Server] - 2024-07-08T11:48:35.937Z - Established a connection. Number of open connections: 4
[NX Daemon Server] - 2024-07-08T11:48:35.937Z - Closed a connection. Number of open connections: 3
[NX Daemon Server] - 2024-07-08T11:48:35.938Z - [REQUEST]: Responding to the client. recordOutputsHash
[NX Daemon Server] - 2024-07-08T11:48:35.938Z - Done responding to the client recordOutputsHash
[NX Daemon Server] - 2024-07-08T11:48:35.938Z - Handled RECORD_OUTPUTS_HASH. Handling time: 1. Response time: 0.
[NX Daemon Server] - 2024-07-08T11:48:35.941Z - Closed a connection. Number of open connections: 2
[NX Daemon Server] - 2024-07-08T11:48:35.989Z - [WATCHER]: Processing file changes in outputs
[NX Daemon Server] - 2024-07-08T11:48:36.296Z - Established a connection. Number of open connections: 3
[NX Daemon Server] - 2024-07-08T11:48:36.296Z - Closed a connection. Number of open connections: 2
[NX Daemon Server] - 2024-07-08T11:48:36.296Z - Established a connection. Number of open connections: 3
[NX Daemon Server] - 2024-07-08T11:48:36.297Z - [REQUEST]: Client Request for Project Graph Received
[NX Daemon Server] - 2024-07-08T11:48:36.297Z - [REQUEST]: Responding to the client. project-graph
[NX Daemon Server] - 2024-07-08T11:48:36.298Z - Time taken for 'total for creating and serializing project graph' 0.034667015075683594ms
[NX Daemon Server] - 2024-07-08T11:48:36.299Z - Done responding to the client project-graph
[NX Daemon Server] - 2024-07-08T11:48:36.299Z - Handled REQUEST_PROJECT_GRAPH. Handling time: 0. Response time: 2.
[NX Daemon Server] - 2024-07-08T11:48:36.946Z - Closed a connection. Number of open connections: 2
[NX Daemon Server] - 2024-07-08T11:48:37.002Z - [WATCHER]: Processing file changes in outputs
[NX Daemon Server] - 2024-07-08T11:48:46.323Z - [WATCHER]: _tmp_85847_6fc71d62c2caf448b462a0d1e1aa80df was deleted
[NX Daemon Server] - 2024-07-08T11:48:46.323Z - [REQUEST]: Responding to the client. File watch changed
[NX Daemon Server] - 2024-07-08T11:48:46.323Z - Done responding to the client File watch changed
[NX Daemon Server] - 2024-07-08T11:48:46.323Z - Handled FILE-WATCH-CHANGED. Handling time: 0. Response time: 0.
[NX Daemon Server] - 2024-07-08T11:48:46.323Z - [WATCHER]: Processing file changes in outputs
[NX Daemon Server] - 2024-07-08T11:48:46.324Z - Time taken for 'changed-projects' 0.061874985694885254ms
[NX Daemon Server] - 2024-07-08T11:48:46.425Z - [REQUEST]: Updated workspace context based on watched changes, recomputing project graph...
[NX Daemon Server] - 2024-07-08T11:48:46.425Z - [REQUEST]: 
[NX Daemon Server] - 2024-07-08T11:48:46.425Z - [REQUEST]: _tmp_85847_6fc71d62c2caf448b462a0d1e1aa80df
[NX Daemon Server] - 2024-07-08T11:48:46.453Z - Time taken for 'hash changed files from watcher' 0.1437090039253235ms
[NX Daemon Server] - 2024-07-08T11:48:47.325Z - [REQUEST]: Client Request for Project Graph Received
[NX Daemon Server] - 2024-07-08T11:48:47.325Z - [REQUEST]: Responding to the client. project-graph
[NX Daemon Server] - 2024-07-08T11:48:47.326Z - Time taken for 'total for creating and serializing project graph' 0.08233296871185303ms
[NX Daemon Server] - 2024-07-08T11:48:47.327Z - Done responding to the client project-graph
[NX Daemon Server] - 2024-07-08T11:48:47.327Z - Handled REQUEST_PROJECT_GRAPH. Handling time: 0. Response time: 2.
[NX Daemon Server] - 2024-07-08T11:48:47.329Z - [REQUEST]: Responding to the client. handleContextFileData
[NX Daemon Server] - 2024-07-08T11:48:47.329Z - Done responding to the client handleContextFileData
[NX Daemon Server] - 2024-07-08T11:48:47.329Z - Handled GET_CONTEXT_FILE_DATA. Handling time: 0. Response time: 0.
[NX Daemon Server] - 2024-07-08T11:48:47.329Z - Closed a connection. Number of open connections: 1
[NX Daemon Server] - 2024-07-08T11:48:47.333Z - Closed a connection. Number of open connections: 0
[NX Daemon Server] - 2024-07-08T11:48:47.333Z - Established a connection. Number of open connections: 1
[NX Daemon Server] - 2024-07-08T11:48:47.333Z - Established a connection. Number of open connections: 2
[NX Daemon Server] - 2024-07-08T11:48:47.333Z - Closed a connection. Number of open connections: 1
[NX Daemon Server] - 2024-07-08T11:48:47.333Z - [REQUEST]: Client Request for Project Graph Received
[NX Daemon Server] - 2024-07-08T11:48:47.333Z - [REQUEST]: Responding to the client. project-graph
[NX Daemon Server] - 2024-07-08T11:48:47.334Z - Time taken for 'total for creating and serializing project graph' 0.026583969593048096ms
[NX Daemon Server] - 2024-07-08T11:48:47.335Z - Done responding to the client project-graph
[NX Daemon Server] - 2024-07-08T11:48:47.335Z - Handled REQUEST_PROJECT_GRAPH. Handling time: 0. Response time: 2.
[NX Daemon Server] - 2024-07-08T11:48:47.337Z - [REQUEST]: Client Request for Project Graph Received
[NX Daemon Server] - 2024-07-08T11:48:47.337Z - [REQUEST]: Responding to the client. project-graph
[NX Daemon Server] - 2024-07-08T11:48:47.338Z - Time taken for 'total for creating and serializing project graph' 0.02654200792312622ms
[NX Daemon Server] - 2024-07-08T11:48:47.339Z - Done responding to the client project-graph
[NX Daemon Server] - 2024-07-08T11:48:47.339Z - Handled REQUEST_PROJECT_GRAPH. Handling time: 0. Response time: 2.
[NX Daemon Server] - 2024-07-08T11:48:47.341Z - Established a connection. Number of open connections: 2
[NX Daemon Server] - 2024-07-08T11:48:50.242Z - Established a connection. Number of open connections: 3
[NX Daemon Server] - 2024-07-08T11:48:50.242Z - Closed a connection. Number of open connections: 2
[NX Daemon Server] - 2024-07-08T11:48:50.242Z - Established a connection. Number of open connections: 3
[NX Daemon Server] - 2024-07-08T11:48:50.243Z - [REQUEST]: Client Request for Project Graph Received
[NX Daemon Server] - 2024-07-08T11:48:50.243Z - [REQUEST]: Responding to the client. project-graph
[NX Daemon Server] - 2024-07-08T11:48:50.245Z - Time taken for 'total for creating and serializing project graph' 0.04658401012420654ms
[NX Daemon Server] - 2024-07-08T11:48:50.246Z - Done responding to the client project-graph
[NX Daemon Server] - 2024-07-08T11:48:50.246Z - Handled REQUEST_PROJECT_GRAPH. Handling time: 0. Response time: 3.
[NX Daemon Server] - 2024-07-08T11:48:50.261Z - [REQUEST]: Responding to the client. handleHashTasks
[NX Daemon Server] - 2024-07-08T11:48:50.261Z - Done responding to the client handleHashTasks
[NX Daemon Server] - 2024-07-08T11:48:50.261Z - Handled HASH_TASKS. Handling time: 9. Response time: 0.
[NX Daemon Server] - 2024-07-08T11:48:50.725Z - Established a connection. Number of open connections: 4
[NX Daemon Server] - 2024-07-08T11:48:50.725Z - Closed a connection. Number of open connections: 3
[NX Daemon Server] - 2024-07-08T11:48:50.726Z - Established a connection. Number of open connections: 4
[NX Daemon Server] - 2024-07-08T11:48:50.726Z - [REQUEST]: Client Request for Project Graph Received
[NX Daemon Server] - 2024-07-08T11:48:50.726Z - [REQUEST]: Responding to the client. project-graph
[NX Daemon Server] - 2024-07-08T11:48:50.727Z - Time taken for 'total for creating and serializing project graph' 0.03566700220108032ms
[NX Daemon Server] - 2024-07-08T11:48:50.729Z - Done responding to the client project-graph
[NX Daemon Server] - 2024-07-08T11:48:50.729Z - Handled REQUEST_PROJECT_GRAPH. Handling time: 0. Response time: 3.
[NX Daemon Server] - 2024-07-08T11:48:50.782Z - [REQUEST]: Client Request for Project Graph Received
[NX Daemon Server] - 2024-07-08T11:48:50.782Z - [REQUEST]: Responding to the client. project-graph
[NX Daemon Server] - 2024-07-08T11:48:50.784Z - Time taken for 'total for creating and serializing project graph' 0.10545903444290161ms
[NX Daemon Server] - 2024-07-08T11:48:50.784Z - Done responding to the client project-graph
[NX Daemon Server] - 2024-07-08T11:48:50.784Z - Handled REQUEST_PROJECT_GRAPH. Handling time: 0. Response time: 2.
[NX Daemon Server] - 2024-07-08T11:48:50.875Z - [WATCHER]: Processing file changes in outputs
[NX Daemon Server] - 2024-07-08T11:48:51.208Z - [WATCHER]: Processing file changes in outputs
[NX Daemon Server] - 2024-07-08T11:48:52.757Z - [WATCHER]: Processing file changes in outputs
[NX Daemon Server] - 2024-07-08T11:48:53.090Z - [WATCHER]: Processing file changes in outputs
[NX Daemon Server] - 2024-07-08T11:48:53.968Z - [WATCHER]: Processing file changes in outputs
[NX Daemon Server] - 2024-07-08T11:48:54.025Z - [WATCHER]: Processing file changes in outputs
[NX Daemon Server] - 2024-07-08T11:48:54.420Z - [WATCHER]: Processing file changes in outputs
[NX Daemon Server] - 2024-07-08T11:48:56.429Z - [WATCHER]: Processing file changes in outputs
[NX Daemon Server] - 2024-07-08T11:48:57.436Z - [WATCHER]: Processing file changes in outputs
[NX Daemon Server] - 2024-07-08T11:48:58.525Z - [WATCHER]: Processing file changes in outputs
[NX Daemon Server] - 2024-07-08T11:48:58.833Z - [WATCHER]: Processing file changes in outputs
[NX Daemon Server] - 2024-07-08T11:48:59.001Z - [WATCHER]: Processing file changes in outputs
[NX Daemon Server] - 2024-07-08T11:48:59.053Z - [WATCHER]: Processing file changes in outputs
[NX Daemon Server] - 2024-07-08T11:48:59.155Z - [WATCHER]: Processing file changes in outputs
[NX Daemon Server] - 2024-07-08T11:48:59.279Z - [WATCHER]: Processing file changes in outputs
[NX Daemon Server] - 2024-07-08T11:48:59.376Z - [WATCHER]: Processing file changes in outputs
[NX Daemon Server] - 2024-07-08T11:48:59.432Z - [WATCHER]: Processing file changes in outputs
[NX Daemon Server] - 2024-07-08T11:48:59.488Z - [WATCHER]: Processing file changes in outputs
[NX Daemon Server] - 2024-07-08T11:49:03.846Z - [WATCHER]: Processing file changes in outputs
[NX Daemon Server] - 2024-07-08T11:49:03.901Z - Closed a connection. Number of open connections: 3
[NX Daemon Server] - 2024-07-08T11:49:03.907Z - [REQUEST]: Responding to the client. recordOutputsHash
[NX Daemon Server] - 2024-07-08T11:49:03.907Z - Done responding to the client recordOutputsHash
[NX Daemon Server] - 2024-07-08T11:49:03.907Z - Handled RECORD_OUTPUTS_HASH. Handling time: 5. Response time: 0.
[NX Daemon Server] - 2024-07-08T11:49:03.938Z - [WATCHER]: Processing file changes in outputs
[NX Daemon Server] - 2024-07-08T11:49:04.178Z - [WATCHER]: Processing file changes in outputs
[NX Daemon Server] - 2024-07-08T11:49:04.186Z - Closed a connection. Number of open connections: 2
[NX Daemon Server] - 2024-07-08T11:49:18.512Z - [WATCHER]: Processing file changes in outputs
[NX Daemon Server] - 2024-07-08T11:49:18.512Z - [WATCHER]: _tmp_85930_f52caa309a4dbd9d6450bc7ebce10441 was deleted
[NX Daemon Server] - 2024-07-08T11:49:18.513Z - [REQUEST]: Responding to the client. File watch changed
[NX Daemon Server] - 2024-07-08T11:49:18.513Z - Done responding to the client File watch changed
[NX Daemon Server] - 2024-07-08T11:49:18.513Z - Handled FILE-WATCH-CHANGED. Handling time: 0. Response time: 0.
[NX Daemon Server] - 2024-07-08T11:49:18.513Z - Time taken for 'changed-projects' 0.046207964420318604ms
[NX Daemon Server] - 2024-07-08T11:49:18.614Z - [REQUEST]: Updated workspace context based on watched changes, recomputing project graph...
[NX Daemon Server] - 2024-07-08T11:49:18.614Z - [REQUEST]: 
[NX Daemon Server] - 2024-07-08T11:49:18.614Z - [REQUEST]: _tmp_85930_f52caa309a4dbd9d6450bc7ebce10441
[NX Daemon Server] - 2024-07-08T11:49:18.643Z - Time taken for 'hash changed files from watcher' 0.15825003385543823ms
[NX Daemon Server] - 2024-07-08T11:49:19.515Z - [REQUEST]: Client Request for Project Graph Received
[NX Daemon Server] - 2024-07-08T11:49:19.515Z - [REQUEST]: Responding to the client. project-graph
[NX Daemon Server] - 2024-07-08T11:49:19.516Z - Time taken for 'total for creating and serializing project graph' 0.06908303499221802ms
[NX Daemon Server] - 2024-07-08T11:49:19.517Z - Done responding to the client project-graph
[NX Daemon Server] - 2024-07-08T11:49:19.517Z - Handled REQUEST_PROJECT_GRAPH. Handling time: 0. Response time: 2.
[NX Daemon Server] - 2024-07-08T11:49:19.519Z - [REQUEST]: Responding to the client. handleContextFileData
[NX Daemon Server] - 2024-07-08T11:49:19.520Z - Done responding to the client handleContextFileData
[NX Daemon Server] - 2024-07-08T11:49:19.520Z - Handled GET_CONTEXT_FILE_DATA. Handling time: 0. Response time: 1.
[NX Daemon Server] - 2024-07-08T11:49:19.520Z - Closed a connection. Number of open connections: 1
[NX Daemon Server] - 2024-07-08T11:49:19.523Z - Closed a connection. Number of open connections: 0
[NX Daemon Server] - 2024-07-08T11:49:19.524Z - Established a connection. Number of open connections: 1
[NX Daemon Server] - 2024-07-08T11:49:19.524Z - Established a connection. Number of open connections: 2
[NX Daemon Server] - 2024-07-08T11:49:19.524Z - Closed a connection. Number of open connections: 1
[NX Daemon Server] - 2024-07-08T11:49:19.524Z - [REQUEST]: Client Request for Project Graph Received
[NX Daemon Server] - 2024-07-08T11:49:19.524Z - [REQUEST]: Responding to the client. project-graph
[NX Daemon Server] - 2024-07-08T11:49:19.525Z - Time taken for 'total for creating and serializing project graph' 0.030500054359436035ms
[NX Daemon Server] - 2024-07-08T11:49:19.526Z - Done responding to the client project-graph
[NX Daemon Server] - 2024-07-08T11:49:19.526Z - Handled REQUEST_PROJECT_GRAPH. Handling time: 0. Response time: 2.
[NX Daemon Server] - 2024-07-08T11:49:19.528Z - [REQUEST]: Client Request for Project Graph Received
[NX Daemon Server] - 2024-07-08T11:49:19.528Z - [REQUEST]: Responding to the client. project-graph
[NX Daemon Server] - 2024-07-08T11:49:19.529Z - Time taken for 'total for creating and serializing project graph' 0.019917011260986328ms
[NX Daemon Server] - 2024-07-08T11:49:19.530Z - Done responding to the client project-graph
[NX Daemon Server] - 2024-07-08T11:49:19.530Z - Handled REQUEST_PROJECT_GRAPH. Handling time: 0. Response time: 2.
[NX Daemon Server] - 2024-07-08T11:49:19.532Z - Established a connection. Number of open connections: 2
[NX Daemon Server] - 2024-07-08T11:49:20.662Z - Established a connection. Number of open connections: 3
[NX Daemon Server] - 2024-07-08T11:49:20.663Z - Closed a connection. Number of open connections: 2
[NX Daemon Server] - 2024-07-08T11:49:20.663Z - Established a connection. Number of open connections: 3
[NX Daemon Server] - 2024-07-08T11:49:20.664Z - [REQUEST]: Client Request for Project Graph Received
[NX Daemon Server] - 2024-07-08T11:49:20.664Z - [REQUEST]: Responding to the client. project-graph
[NX Daemon Server] - 2024-07-08T11:49:20.665Z - Time taken for 'total for creating and serializing project graph' 0.05916702747344971ms
[NX Daemon Server] - 2024-07-08T11:49:20.667Z - Done responding to the client project-graph
[NX Daemon Server] - 2024-07-08T11:49:20.667Z - Handled REQUEST_PROJECT_GRAPH. Handling time: 0. Response time: 3.
[NX Daemon Server] - 2024-07-08T11:49:20.680Z - [REQUEST]: Responding to the client. handleHashTasks
[NX Daemon Server] - 2024-07-08T11:49:20.681Z - Done responding to the client handleHashTasks
[NX Daemon Server] - 2024-07-08T11:49:20.681Z - Handled HASH_TASKS. Handling time: 9. Response time: 1.
[NX Daemon Server] - 2024-07-08T11:49:20.984Z - Established a connection. Number of open connections: 4
[NX Daemon Server] - 2024-07-08T11:49:20.984Z - Closed a connection. Number of open connections: 3
[NX Daemon Server] - 2024-07-08T11:49:20.984Z - Established a connection. Number of open connections: 4
[NX Daemon Server] - 2024-07-08T11:49:20.985Z - [REQUEST]: Client Request for Project Graph Received
[NX Daemon Server] - 2024-07-08T11:49:20.985Z - [REQUEST]: Responding to the client. project-graph
[NX Daemon Server] - 2024-07-08T11:49:20.986Z - Time taken for 'total for creating and serializing project graph' 0.0350000262260437ms
[NX Daemon Server] - 2024-07-08T11:49:20.987Z - Done responding to the client project-graph
[NX Daemon Server] - 2024-07-08T11:49:20.987Z - Handled REQUEST_PROJECT_GRAPH. Handling time: 0. Response time: 2.
[NX Daemon Server] - 2024-07-08T11:49:21.461Z - Established a connection. Number of open connections: 5
[NX Daemon Server] - 2024-07-08T11:49:21.461Z - Closed a connection. Number of open connections: 4
[NX Daemon Server] - 2024-07-08T11:49:21.461Z - Established a connection. Number of open connections: 5
[NX Daemon Server] - 2024-07-08T11:49:21.462Z - [REQUEST]: Client Request for Project Graph Received
[NX Daemon Server] - 2024-07-08T11:49:21.462Z - [REQUEST]: Responding to the client. project-graph
[NX Daemon Server] - 2024-07-08T11:49:21.463Z - Time taken for 'total for creating and serializing project graph' 0.05629199743270874ms
[NX Daemon Server] - 2024-07-08T11:49:21.465Z - Done responding to the client project-graph
[NX Daemon Server] - 2024-07-08T11:49:21.465Z - Handled REQUEST_PROJECT_GRAPH. Handling time: 0. Response time: 3.
[NX Daemon Server] - 2024-07-08T11:49:21.494Z - [REQUEST]: Client Request for Project Graph Received
[NX Daemon Server] - 2024-07-08T11:49:21.494Z - [REQUEST]: Responding to the client. project-graph
[NX Daemon Server] - 2024-07-08T11:49:21.495Z - Time taken for 'total for creating and serializing project graph' 0.10266697406768799ms
[NX Daemon Server] - 2024-07-08T11:49:21.496Z - Done responding to the client project-graph
[NX Daemon Server] - 2024-07-08T11:49:21.496Z - Handled REQUEST_PROJECT_GRAPH. Handling time: 0. Response time: 2.
[NX Daemon Server] - 2024-07-08T11:49:22.376Z - [WATCHER]: Processing file changes in outputs
[NX Daemon Server] - 2024-07-08T11:49:22.787Z - [WATCHER]: Processing file changes in outputs
[NX Daemon Server] - 2024-07-08T11:49:23.002Z - [REQUEST]: Client Request for Project Graph Received
[NX Daemon Server] - 2024-07-08T11:49:23.002Z - [REQUEST]: Responding to the client. project-graph
[NX Daemon Server] - 2024-07-08T11:49:23.003Z - Time taken for 'total for creating and serializing project graph' 0.0855410099029541ms
[NX Daemon Server] - 2024-07-08T11:49:23.005Z - Done responding to the client project-graph
[NX Daemon Server] - 2024-07-08T11:49:23.005Z - Handled REQUEST_PROJECT_GRAPH. Handling time: 0. Response time: 3.
[NX Daemon Server] - 2024-07-08T11:49:23.033Z - [WATCHER]: Processing file changes in outputs
[NX Daemon Server] - 2024-07-08T11:49:51.609Z - [WATCHER]: Processing file changes in outputs
[NX Daemon Server] - 2024-07-08T11:49:52.377Z - [WATCHER]: Processing file changes in outputs
[NX Daemon Server] - 2024-07-08T11:49:52.607Z - [WATCHER]: Processing file changes in outputs
[NX Daemon Server] - 2024-07-08T11:49:52.748Z - [WATCHER]: Processing file changes in outputs
[NX Daemon Server] - 2024-07-08T11:49:52.852Z - [WATCHER]: Processing file changes in outputs
[NX Daemon Server] - 2024-07-08T11:49:53.091Z - [WATCHER]: Processing file changes in outputs
[NX Daemon Server] - 2024-07-08T11:49:53.705Z - [WATCHER]: Processing file changes in outputs
[NX Daemon Server] - 2024-07-08T11:49:53.829Z - [WATCHER]: Processing file changes in outputs
[NX Daemon Server] - 2024-07-08T11:49:53.912Z - [WATCHER]: Processing file changes in outputs
[NX Daemon Server] - 2024-07-08T11:50:21.367Z - [WATCHER]: apps/spawntech-io/src/app/global.css was modified
[NX Daemon Server] - 2024-07-08T11:50:21.367Z - [REQUEST]: Responding to the client. File watch changed
[NX Daemon Server] - 2024-07-08T11:50:21.367Z - Done responding to the client File watch changed
[NX Daemon Server] - 2024-07-08T11:50:21.367Z - Handled FILE-WATCH-CHANGED. Handling time: 0. Response time: 0.
[NX Daemon Server] - 2024-07-08T11:50:21.367Z - [WATCHER]: Processing file changes in outputs
[NX Daemon Server] - 2024-07-08T11:50:21.367Z - Time taken for 'changed-projects' 0.034166038036346436ms
[NX Daemon Server] - 2024-07-08T11:50:21.469Z - [REQUEST]: Updated workspace context based on watched changes, recomputing project graph...
[NX Daemon Server] - 2024-07-08T11:50:21.469Z - [REQUEST]: apps/spawntech-io/src/app/global.css
[NX Daemon Server] - 2024-07-08T11:50:21.469Z - [REQUEST]: 
[NX Daemon Server] - 2024-07-08T11:50:21.512Z - Time taken for 'hash changed files from watcher' 0.2104170322418213ms
[NX Daemon Server] - 2024-07-08T11:50:21.561Z - [WATCHER]: Processing file changes in outputs
[NX Daemon Server] - 2024-07-08T11:50:21.781Z - [WATCHER]: Processing file changes in outputs
[NX Daemon Server] - 2024-07-08T11:50:22.369Z - [REQUEST]: Client Request for Project Graph Received
[NX Daemon Server] - 2024-07-08T11:50:22.369Z - [REQUEST]: Responding to the client. project-graph
[NX Daemon Server] - 2024-07-08T11:50:22.370Z - Time taken for 'total for creating and serializing project graph' 0.1449580192565918ms
[NX Daemon Server] - 2024-07-08T11:50:22.379Z - Done responding to the client project-graph
[NX Daemon Server] - 2024-07-08T11:50:22.379Z - Handled REQUEST_PROJECT_GRAPH. Handling time: 0. Response time: 10.
[NX Daemon Server] - 2024-07-08T11:50:22.382Z - [REQUEST]: Responding to the client. handleContextFileData
[NX Daemon Server] - 2024-07-08T11:50:22.386Z - Done responding to the client handleContextFileData
[NX Daemon Server] - 2024-07-08T11:50:22.386Z - Handled GET_CONTEXT_FILE_DATA. Handling time: 0. Response time: 4.
[NX Daemon Server] - 2024-07-08T11:50:22.387Z - Closed a connection. Number of open connections: 4
[NX Daemon Server] - 2024-07-08T11:50:22.390Z - Closed a connection. Number of open connections: 3
[NX Daemon Server] - 2024-07-08T11:50:22.390Z - Established a connection. Number of open connections: 4
[NX Daemon Server] - 2024-07-08T11:50:22.390Z - Established a connection. Number of open connections: 5
[NX Daemon Server] - 2024-07-08T11:50:22.390Z - Closed a connection. Number of open connections: 4
[NX Daemon Server] - 2024-07-08T11:50:22.391Z - [REQUEST]: Client Request for Project Graph Received
[NX Daemon Server] - 2024-07-08T11:50:22.391Z - [REQUEST]: Responding to the client. project-graph
[NX Daemon Server] - 2024-07-08T11:50:22.392Z - Time taken for 'total for creating and serializing project graph' 0.047125041484832764ms
[NX Daemon Server] - 2024-07-08T11:50:22.393Z - Done responding to the client project-graph
[NX Daemon Server] - 2024-07-08T11:50:22.393Z - Handled REQUEST_PROJECT_GRAPH. Handling time: 0. Response time: 2.
[NX Daemon Server] - 2024-07-08T11:50:22.395Z - [REQUEST]: Client Request for Project Graph Received
[NX Daemon Server] - 2024-07-08T11:50:22.395Z - [REQUEST]: Responding to the client. project-graph
[NX Daemon Server] - 2024-07-08T11:50:22.397Z - Time taken for 'total for creating and serializing project graph' 0.04029202461242676ms
[NX Daemon Server] - 2024-07-08T11:50:22.398Z - Done responding to the client project-graph
[NX Daemon Server] - 2024-07-08T11:50:22.398Z - Handled REQUEST_PROJECT_GRAPH. Handling time: 0. Response time: 3.
[NX Daemon Server] - 2024-07-08T11:50:22.400Z - Established a connection. Number of open connections: 5
[NX Daemon Server] - 2024-07-08T11:50:31.647Z - [WATCHER]: libs/blog/src/lib/client-components/post.tsx was modified
[NX Daemon Server] - 2024-07-08T11:50:31.647Z - [REQUEST]: Responding to the client. File watch changed
[NX Daemon Server] - 2024-07-08T11:50:31.647Z - Done responding to the client File watch changed
[NX Daemon Server] - 2024-07-08T11:50:31.647Z - Handled FILE-WATCH-CHANGED. Handling time: 0. Response time: 0.
[NX Daemon Server] - 2024-07-08T11:50:31.647Z - [WATCHER]: Processing file changes in outputs
[NX Daemon Server] - 2024-07-08T11:50:31.647Z - Time taken for 'changed-projects' 0.13362497091293335ms
[NX Daemon Server] - 2024-07-08T11:50:31.736Z - [WATCHER]: Processing file changes in outputs
[NX Daemon Server] - 2024-07-08T11:50:31.748Z - [REQUEST]: Updated workspace context based on watched changes, recomputing project graph...
[NX Daemon Server] - 2024-07-08T11:50:31.749Z - [REQUEST]: libs/blog/src/lib/client-components/post.tsx
[NX Daemon Server] - 2024-07-08T11:50:31.749Z - [REQUEST]: 
[NX Daemon Server] - 2024-07-08T11:50:31.805Z - [WATCHER]: Processing file changes in outputs
[NX Daemon Server] - 2024-07-08T11:50:31.805Z - Time taken for 'hash changed files from watcher' 0.3343750238418579ms
[NX Daemon Server] - 2024-07-08T11:50:32.649Z - [REQUEST]: Client Request for Project Graph Received
[NX Daemon Server] - 2024-07-08T11:50:32.649Z - [REQUEST]: Responding to the client. project-graph
[NX Daemon Server] - 2024-07-08T11:50:32.651Z - Time taken for 'total for creating and serializing project graph' 0.07941704988479614ms
[NX Daemon Server] - 2024-07-08T11:50:32.652Z - Done responding to the client project-graph
[NX Daemon Server] - 2024-07-08T11:50:32.652Z - Handled REQUEST_PROJECT_GRAPH. Handling time: 0. Response time: 3.
[NX Daemon Server] - 2024-07-08T11:50:32.654Z - [REQUEST]: Responding to the client. handleContextFileData
[NX Daemon Server] - 2024-07-08T11:50:32.654Z - Done responding to the client handleContextFileData
[NX Daemon Server] - 2024-07-08T11:50:32.654Z - Handled GET_CONTEXT_FILE_DATA. Handling time: 0. Response time: 0.
[NX Daemon Server] - 2024-07-08T11:50:32.654Z - Closed a connection. Number of open connections: 4
[NX Daemon Server] - 2024-07-08T11:50:32.658Z - Closed a connection. Number of open connections: 3
[NX Daemon Server] - 2024-07-08T11:50:32.658Z - Established a connection. Number of open connections: 4
[NX Daemon Server] - 2024-07-08T11:50:32.658Z - Established a connection. Number of open connections: 5
[NX Daemon Server] - 2024-07-08T11:50:32.658Z - Closed a connection. Number of open connections: 4
[NX Daemon Server] - 2024-07-08T11:50:32.658Z - [REQUEST]: Client Request for Project Graph Received
[NX Daemon Server] - 2024-07-08T11:50:32.658Z - [REQUEST]: Responding to the client. project-graph
[NX Daemon Server] - 2024-07-08T11:50:32.659Z - Time taken for 'total for creating and serializing project graph' 0.03129100799560547ms
[NX Daemon Server] - 2024-07-08T11:50:32.660Z - Done responding to the client project-graph
[NX Daemon Server] - 2024-07-08T11:50:32.660Z - Handled REQUEST_PROJECT_GRAPH. Handling time: 0. Response time: 2.
[NX Daemon Server] - 2024-07-08T11:50:32.662Z - [REQUEST]: Client Request for Project Graph Received
[NX Daemon Server] - 2024-07-08T11:50:32.662Z - [REQUEST]: Responding to the client. project-graph
[NX Daemon Server] - 2024-07-08T11:50:32.663Z - Time taken for 'total for creating and serializing project graph' 0.030041992664337158ms
[NX Daemon Server] - 2024-07-08T11:50:32.666Z - Done responding to the client project-graph
[NX Daemon Server] - 2024-07-08T11:50:32.666Z - Handled REQUEST_PROJECT_GRAPH. Handling time: 0. Response time: 4.
[NX Daemon Server] - 2024-07-08T11:50:32.668Z - Established a connection. Number of open connections: 5
[NX Daemon Server] - 2024-07-08T11:50:34.625Z - [WATCHER]: Processing file changes in outputs
[NX Daemon Server] - 2024-07-08T11:50:34.626Z - [WATCHER]: libs/blog/src/lib/client-components/post.tsx was modified
[NX Daemon Server] - 2024-07-08T11:50:34.626Z - [REQUEST]: Responding to the client. File watch changed
[NX Daemon Server] - 2024-07-08T11:50:34.626Z - Done responding to the client File watch changed
[NX Daemon Server] - 2024-07-08T11:50:34.626Z - Handled FILE-WATCH-CHANGED. Handling time: 0. Response time: 0.
[NX Daemon Server] - 2024-07-08T11:50:34.626Z - Time taken for 'changed-projects' 0.028958022594451904ms
[NX Daemon Server] - 2024-07-08T11:50:34.727Z - [REQUEST]: Updated workspace context based on watched changes, recomputing project graph...
[NX Daemon Server] - 2024-07-08T11:50:34.727Z - [REQUEST]: libs/blog/src/lib/client-components/post.tsx
[NX Daemon Server] - 2024-07-08T11:50:34.727Z - [REQUEST]: 
[NX Daemon Server] - 2024-07-08T11:50:34.763Z - [WATCHER]: Processing file changes in outputs
[NX Daemon Server] - 2024-07-08T11:50:34.764Z - Time taken for 'hash changed files from watcher' 0.24287497997283936ms
[NX Daemon Server] - 2024-07-08T11:50:35.627Z - [REQUEST]: Client Request for Project Graph Received
[NX Daemon Server] - 2024-07-08T11:50:35.627Z - [REQUEST]: Responding to the client. project-graph
[NX Daemon Server] - 2024-07-08T11:50:35.628Z - Time taken for 'total for creating and serializing project graph' 0.08687496185302734ms
[NX Daemon Server] - 2024-07-08T11:50:35.629Z - Done responding to the client project-graph
[NX Daemon Server] - 2024-07-08T11:50:35.629Z - Handled REQUEST_PROJECT_GRAPH. Handling time: 0. Response time: 2.
[NX Daemon Server] - 2024-07-08T11:50:35.631Z - [REQUEST]: Responding to the client. handleContextFileData
[NX Daemon Server] - 2024-07-08T11:50:35.631Z - Done responding to the client handleContextFileData
[NX Daemon Server] - 2024-07-08T11:50:35.631Z - Handled GET_CONTEXT_FILE_DATA. Handling time: 0. Response time: 0.
[NX Daemon Server] - 2024-07-08T11:50:35.632Z - Closed a connection. Number of open connections: 4
[NX Daemon Server] - 2024-07-08T11:50:35.635Z - Closed a connection. Number of open connections: 3
[NX Daemon Server] - 2024-07-08T11:50:35.635Z - Established a connection. Number of open connections: 4
[NX Daemon Server] - 2024-07-08T11:50:35.635Z - Established a connection. Number of open connections: 5
[NX Daemon Server] - 2024-07-08T11:50:35.635Z - Closed a connection. Number of open connections: 4
[NX Daemon Server] - 2024-07-08T11:50:35.635Z - [REQUEST]: Client Request for Project Graph Received
[NX Daemon Server] - 2024-07-08T11:50:35.635Z - [REQUEST]: Responding to the client. project-graph
[NX Daemon Server] - 2024-07-08T11:50:35.636Z - Time taken for 'total for creating and serializing project graph' 0.031417012214660645ms
[NX Daemon Server] - 2024-07-08T11:50:35.637Z - Done responding to the client project-graph
[NX Daemon Server] - 2024-07-08T11:50:35.637Z - Handled REQUEST_PROJECT_GRAPH. Handling time: 0. Response time: 2.
[NX Daemon Server] - 2024-07-08T11:50:35.639Z - [REQUEST]: Client Request for Project Graph Received
[NX Daemon Server] - 2024-07-08T11:50:35.639Z - [REQUEST]: Responding to the client. project-graph
[NX Daemon Server] - 2024-07-08T11:50:35.640Z - Time taken for 'total for creating and serializing project graph' 0.021209001541137695ms
[NX Daemon Server] - 2024-07-08T11:50:35.640Z - Done responding to the client project-graph
[NX Daemon Server] - 2024-07-08T11:50:35.640Z - Handled REQUEST_PROJECT_GRAPH. Handling time: 0. Response time: 1.
[NX Daemon Server] - 2024-07-08T11:50:35.642Z - Established a connection. Number of open connections: 5
[NX Daemon Server] - 2024-07-08T11:50:36.383Z - [WATCHER]: libs/blog/src/lib/client-components/post.tsx was modified
[NX Daemon Server] - 2024-07-08T11:50:36.383Z - [REQUEST]: Responding to the client. File watch changed
[NX Daemon Server] - 2024-07-08T11:50:36.383Z - Done responding to the client File watch changed
[NX Daemon Server] - 2024-07-08T11:50:36.383Z - Handled FILE-WATCH-CHANGED. Handling time: 0. Response time: 0.
[NX Daemon Server] - 2024-07-08T11:50:36.383Z - [WATCHER]: Processing file changes in outputs
[NX Daemon Server] - 2024-07-08T11:50:36.383Z - Time taken for 'changed-projects' 0.05649995803833008ms
[NX Daemon Server] - 2024-07-08T11:50:36.445Z - [WATCHER]: Processing file changes in outputs
[NX Daemon Server] - 2024-07-08T11:50:36.484Z - [REQUEST]: Updated workspace context based on watched changes, recomputing project graph...
[NX Daemon Server] - 2024-07-08T11:50:36.484Z - [REQUEST]: libs/blog/src/lib/client-components/post.tsx
[NX Daemon Server] - 2024-07-08T11:50:36.485Z - [REQUEST]: 
[NX Daemon Server] - 2024-07-08T11:50:36.518Z - Time taken for 'hash changed files from watcher' 0.22887498140335083ms
[NX Daemon Server] - 2024-07-08T11:50:37.385Z - [REQUEST]: Client Request for Project Graph Received
[NX Daemon Server] - 2024-07-08T11:50:37.385Z - [REQUEST]: Responding to the client. project-graph
[NX Daemon Server] - 2024-07-08T11:50:37.386Z - Time taken for 'total for creating and serializing project graph' 0.0652499794960022ms
[NX Daemon Server] - 2024-07-08T11:50:37.387Z - Done responding to the client project-graph
[NX Daemon Server] - 2024-07-08T11:50:37.387Z - Handled REQUEST_PROJECT_GRAPH. Handling time: 0. Response time: 2.
[NX Daemon Server] - 2024-07-08T11:50:37.390Z - [REQUEST]: Responding to the client. handleContextFileData
[NX Daemon Server] - 2024-07-08T11:50:37.390Z - Done responding to the client handleContextFileData
[NX Daemon Server] - 2024-07-08T11:50:37.390Z - Handled GET_CONTEXT_FILE_DATA. Handling time: 1. Response time: 0.
[NX Daemon Server] - 2024-07-08T11:50:37.390Z - Closed a connection. Number of open connections: 4
[NX Daemon Server] - 2024-07-08T11:50:37.395Z - Closed a connection. Number of open connections: 3
[NX Daemon Server] - 2024-07-08T11:50:37.396Z - Established a connection. Number of open connections: 4
[NX Daemon Server] - 2024-07-08T11:50:37.396Z - Established a connection. Number of open connections: 5
[NX Daemon Server] - 2024-07-08T11:50:37.396Z - Closed a connection. Number of open connections: 4
[NX Daemon Server] - 2024-07-08T11:50:37.396Z - [REQUEST]: Client Request for Project Graph Received
[NX Daemon Server] - 2024-07-08T11:50:37.396Z - [REQUEST]: Responding to the client. project-graph
[NX Daemon Server] - 2024-07-08T11:50:37.397Z - Time taken for 'total for creating and serializing project graph' 0.03316599130630493ms
[NX Daemon Server] - 2024-07-08T11:50:37.398Z - Done responding to the client project-graph
[NX Daemon Server] - 2024-07-08T11:50:37.398Z - Handled REQUEST_PROJECT_GRAPH. Handling time: 0. Response time: 2.
[NX Daemon Server] - 2024-07-08T11:50:37.399Z - [REQUEST]: Client Request for Project Graph Received
[NX Daemon Server] - 2024-07-08T11:50:37.399Z - [REQUEST]: Responding to the client. project-graph
[NX Daemon Server] - 2024-07-08T11:50:37.401Z - Time taken for 'total for creating and serializing project graph' 0.030999958515167236ms
[NX Daemon Server] - 2024-07-08T11:50:37.402Z - Done responding to the client project-graph
[NX Daemon Server] - 2024-07-08T11:50:37.402Z - Handled REQUEST_PROJECT_GRAPH. Handling time: 0. Response time: 3.
[NX Daemon Server] - 2024-07-08T11:50:37.403Z - Established a connection. Number of open connections: 5
[NX Daemon Server] - 2024-07-08T11:50:38.678Z - [WATCHER]: libs/blog/src/lib/client-components/post.tsx was modified
[NX Daemon Server] - 2024-07-08T11:50:38.678Z - [REQUEST]: Responding to the client. File watch changed
[NX Daemon Server] - 2024-07-08T11:50:38.678Z - Done responding to the client File watch changed
[NX Daemon Server] - 2024-07-08T11:50:38.678Z - Handled FILE-WATCH-CHANGED. Handling time: 0. Response time: 0.
[NX Daemon Server] - 2024-07-08T11:50:38.678Z - [WATCHER]: Processing file changes in outputs
[NX Daemon Server] - 2024-07-08T11:50:38.678Z - Time taken for 'changed-projects' 0.030832946300506592ms
[NX Daemon Server] - 2024-07-08T11:50:38.738Z - [WATCHER]: Processing file changes in outputs
[NX Daemon Server] - 2024-07-08T11:50:38.780Z - [REQUEST]: Updated workspace context based on watched changes, recomputing project graph...
[NX Daemon Server] - 2024-07-08T11:50:38.780Z - [REQUEST]: libs/blog/src/lib/client-components/post.tsx
[NX Daemon Server] - 2024-07-08T11:50:38.780Z - [REQUEST]: 
[NX Daemon Server] - 2024-07-08T11:50:38.812Z - Time taken for 'hash changed files from watcher' 0.20091700553894043ms
[NX Daemon Server] - 2024-07-08T11:50:39.680Z - [REQUEST]: Client Request for Project Graph Received
[NX Daemon Server] - 2024-07-08T11:50:39.681Z - [REQUEST]: Responding to the client. project-graph
[NX Daemon Server] - 2024-07-08T11:50:39.682Z - Time taken for 'total for creating and serializing project graph' 0.08362501859664917ms
[NX Daemon Server] - 2024-07-08T11:50:39.682Z - Done responding to the client project-graph
[NX Daemon Server] - 2024-07-08T11:50:39.682Z - Handled REQUEST_PROJECT_GRAPH. Handling time: 1. Response time: 1.
[NX Daemon Server] - 2024-07-08T11:50:39.684Z - [REQUEST]: Responding to the client. handleContextFileData
[NX Daemon Server] - 2024-07-08T11:50:39.685Z - Done responding to the client handleContextFileData
[NX Daemon Server] - 2024-07-08T11:50:39.685Z - Handled GET_CONTEXT_FILE_DATA. Handling time: 0. Response time: 1.
[NX Daemon Server] - 2024-07-08T11:50:39.685Z - Closed a connection. Number of open connections: 4
[NX Daemon Server] - 2024-07-08T11:50:39.688Z - Closed a connection. Number of open connections: 3
[NX Daemon Server] - 2024-07-08T11:50:39.688Z - Established a connection. Number of open connections: 4
[NX Daemon Server] - 2024-07-08T11:50:39.688Z - Established a connection. Number of open connections: 5
[NX Daemon Server] - 2024-07-08T11:50:39.688Z - Closed a connection. Number of open connections: 4
[NX Daemon Server] - 2024-07-08T11:50:39.688Z - [REQUEST]: Client Request for Project Graph Received
[NX Daemon Server] - 2024-07-08T11:50:39.688Z - [REQUEST]: Responding to the client. project-graph
[NX Daemon Server] - 2024-07-08T11:50:39.689Z - Time taken for 'total for creating and serializing project graph' 0.02804100513458252ms
[NX Daemon Server] - 2024-07-08T11:50:39.690Z - Done responding to the client project-graph
[NX Daemon Server] - 2024-07-08T11:50:39.690Z - Handled REQUEST_PROJECT_GRAPH. Handling time: 0. Response time: 2.
[NX Daemon Server] - 2024-07-08T11:50:39.691Z - [REQUEST]: Client Request for Project Graph Received
[NX Daemon Server] - 2024-07-08T11:50:39.692Z - [REQUEST]: Responding to the client. project-graph
[NX Daemon Server] - 2024-07-08T11:50:39.692Z - Time taken for 'total for creating and serializing project graph' 0.020916998386383057ms
[NX Daemon Server] - 2024-07-08T11:50:39.693Z - Done responding to the client project-graph
[NX Daemon Server] - 2024-07-08T11:50:39.693Z - Handled REQUEST_PROJECT_GRAPH. Handling time: 1. Response time: 1.
[NX Daemon Server] - 2024-07-08T11:50:39.695Z - Established a connection. Number of open connections: 5
[NX Daemon Server] - 2024-07-08T11:50:43.674Z - [WATCHER]: libs/blog/src/lib/client-components/post.tsx was modified
[NX Daemon Server] - 2024-07-08T11:50:43.674Z - [REQUEST]: Responding to the client. File watch changed
[NX Daemon Server] - 2024-07-08T11:50:43.674Z - Done responding to the client File watch changed
[NX Daemon Server] - 2024-07-08T11:50:43.674Z - Handled FILE-WATCH-CHANGED. Handling time: 0. Response time: 0.
[NX Daemon Server] - 2024-07-08T11:50:43.674Z - [WATCHER]: Processing file changes in outputs
[NX Daemon Server] - 2024-07-08T11:50:43.674Z - Time taken for 'changed-projects' 0.051708996295928955ms
[NX Daemon Server] - 2024-07-08T11:50:43.772Z - [WATCHER]: Processing file changes in outputs
[NX Daemon Server] - 2024-07-08T11:50:43.774Z - [REQUEST]: Updated workspace context based on watched changes, recomputing project graph...
[NX Daemon Server] - 2024-07-08T11:50:43.774Z - [REQUEST]: libs/blog/src/lib/client-components/post.tsx
[NX Daemon Server] - 2024-07-08T11:50:43.774Z - [REQUEST]: 
[NX Daemon Server] - 2024-07-08T11:50:43.821Z - Time taken for 'hash changed files from watcher' 0.17845898866653442ms
[NX Daemon Server] - 2024-07-08T11:50:43.856Z - [WATCHER]: Processing file changes in outputs
[NX Daemon Server] - 2024-07-08T11:50:44.676Z - [REQUEST]: Client Request for Project Graph Received
[NX Daemon Server] - 2024-07-08T11:50:44.676Z - [REQUEST]: Responding to the client. project-graph
[NX Daemon Server] - 2024-07-08T11:50:44.677Z - Time taken for 'total for creating and serializing project graph' 0.19975000619888306ms
[NX Daemon Server] - 2024-07-08T11:50:44.679Z - Done responding to the client project-graph
[NX Daemon Server] - 2024-07-08T11:50:44.679Z - Handled REQUEST_PROJECT_GRAPH. Handling time: 0. Response time: 3.
[NX Daemon Server] - 2024-07-08T11:50:44.681Z - [REQUEST]: Responding to the client. handleContextFileData
[NX Daemon Server] - 2024-07-08T11:50:44.681Z - Done responding to the client handleContextFileData
[NX Daemon Server] - 2024-07-08T11:50:44.681Z - Handled GET_CONTEXT_FILE_DATA. Handling time: 0. Response time: 0.
[NX Daemon Server] - 2024-07-08T11:50:44.681Z - Closed a connection. Number of open connections: 4
[NX Daemon Server] - 2024-07-08T11:50:44.683Z - Closed a connection. Number of open connections: 3
[NX Daemon Server] - 2024-07-08T11:50:44.683Z - Established a connection. Number of open connections: 4
[NX Daemon Server] - 2024-07-08T11:50:44.683Z - Established a connection. Number of open connections: 5
[NX Daemon Server] - 2024-07-08T11:50:44.683Z - Closed a connection. Number of open connections: 4
[NX Daemon Server] - 2024-07-08T11:50:44.684Z - [REQUEST]: Client Request for Project Graph Received
[NX Daemon Server] - 2024-07-08T11:50:44.684Z - [REQUEST]: Responding to the client. project-graph
[NX Daemon Server] - 2024-07-08T11:50:44.685Z - Time taken for 'total for creating and serializing project graph' 0.03125ms
[NX Daemon Server] - 2024-07-08T11:50:44.685Z - Done responding to the client project-graph
[NX Daemon Server] - 2024-07-08T11:50:44.685Z - Handled REQUEST_PROJECT_GRAPH. Handling time: 0. Response time: 1.
[NX Daemon Server] - 2024-07-08T11:50:44.687Z - [REQUEST]: Client Request for Project Graph Received
[NX Daemon Server] - 2024-07-08T11:50:44.687Z - [REQUEST]: Responding to the client. project-graph
[NX Daemon Server] - 2024-07-08T11:50:44.688Z - Time taken for 'total for creating and serializing project graph' 0.022666990756988525ms
[NX Daemon Server] - 2024-07-08T11:50:44.688Z - Done responding to the client project-graph
[NX Daemon Server] - 2024-07-08T11:50:44.688Z - Handled REQUEST_PROJECT_GRAPH. Handling time: 0. Response time: 1.
[NX Daemon Server] - 2024-07-08T11:50:44.690Z - Established a connection. Number of open connections: 5
[NX Daemon Server] - 2024-07-08T11:50:46.871Z - [WATCHER]: Processing file changes in outputs
[NX Daemon Server] - 2024-07-08T11:51:47.008Z - [WATCHER]: Processing file changes in outputs
[NX Daemon Server] - 2024-07-08T11:51:47.061Z - [WATCHER]: Processing file changes in outputs
[NX Daemon Server] - 2024-07-08T11:51:47.150Z - [WATCHER]: Processing file changes in outputs
[NX Daemon Server] - 2024-07-08T11:51:47.228Z - [WATCHER]: Processing file changes in outputs
[NX Daemon Server] - 2024-07-08T11:51:47.316Z - [WATCHER]: Processing file changes in outputs
[NX Daemon Server] - 2024-07-08T11:52:26.690Z - [WATCHER]: Processing file changes in outputs
[NX Daemon Server] - 2024-07-08T11:52:26.888Z - [WATCHER]: Processing file changes in outputs
[NX Daemon Server] - 2024-07-08T11:52:30.717Z - [WATCHER]: Processing file changes in outputs
[NX Daemon Server] - 2024-07-08T11:52:31.312Z - [WATCHER]: Processing file changes in outputs
[NX Daemon Server] - 2024-07-08T11:52:32.526Z - [WATCHER]: Processing file changes in outputs
[NX Daemon Server] - 2024-07-08T11:52:32.579Z - [WATCHER]: Processing file changes in outputs
[NX Daemon Server] - 2024-07-08T11:52:32.632Z - [WATCHER]: Processing file changes in outputs
[NX Daemon Server] - 2024-07-08T11:52:32.717Z - [WATCHER]: Processing file changes in outputs
[NX Daemon Server] - 2024-07-08T11:52:32.783Z - [WATCHER]: Processing file changes in outputs
[NX Daemon Server] - 2024-07-08T11:53:30.968Z - [WATCHER]: Processing file changes in outputs
[NX Daemon Server] - 2024-07-08T11:53:31.025Z - [WATCHER]: Processing file changes in outputs
[NX Daemon Server] - 2024-07-08T11:53:31.161Z - [WATCHER]: Processing file changes in outputs
[NX Daemon Server] - 2024-07-08T13:35:23.216Z - Closed a connection. Number of open connections: 4
[NX Daemon Server] - 2024-07-08T13:35:23.224Z - Closed a connection. Number of open connections: 3
[NX Daemon Server] - 2024-07-08T13:35:23.231Z - [REQUEST]: Responding to the client. recordOutputsHash
[NX Daemon Server] - 2024-07-08T13:35:23.232Z - Done responding to the client recordOutputsHash
[NX Daemon Server] - 2024-07-08T13:35:23.232Z - Handled RECORD_OUTPUTS_HASH. Handling time: 0. Response time: 1.
[NX Daemon Server] - 2024-07-08T13:35:23.236Z - Closed a connection. Number of open connections: 2
[NX Daemon Server] - 2024-07-08T13:35:23.283Z - [WATCHER]: Processing file changes in outputs
[NX Daemon Server] - 2024-07-08T13:35:23.642Z - Established a connection. Number of open connections: 3
[NX Daemon Server] - 2024-07-08T13:35:23.643Z - Closed a connection. Number of open connections: 2
[NX Daemon Server] - 2024-07-08T13:35:23.643Z - Established a connection. Number of open connections: 3
[NX Daemon Server] - 2024-07-08T13:35:23.644Z - [REQUEST]: Client Request for Project Graph Received
[NX Daemon Server] - 2024-07-08T13:35:23.645Z - [REQUEST]: Responding to the client. project-graph
[NX Daemon Server] - 2024-07-08T13:35:23.648Z - Time taken for 'total for creating and serializing project graph' 0.594959020614624ms
[NX Daemon Server] - 2024-07-08T13:35:23.650Z - Done responding to the client project-graph
[NX Daemon Server] - 2024-07-08T13:35:23.650Z - Handled REQUEST_PROJECT_GRAPH. Handling time: 1. Response time: 5.
[NX Daemon Server] - 2024-07-08T13:35:24.239Z - Closed a connection. Number of open connections: 2
[NX Daemon Server] - 2024-07-08T13:35:24.296Z - [WATCHER]: Processing file changes in outputs
[NX Daemon Server] - 2024-07-08T13:39:14.772Z - [WATCHER]: Processing file changes in outputs
[NX Daemon Server] - 2024-07-08T13:39:14.782Z - [WATCHER]: _tmp_90043_db72bf1029b5afac1957bda9d45900db was deleted
[NX Daemon Server] - 2024-07-08T13:39:14.783Z - [REQUEST]: Responding to the client. File watch changed
[NX Daemon Server] - 2024-07-08T13:39:14.783Z - Done responding to the client File watch changed
[NX Daemon Server] - 2024-07-08T13:39:14.783Z - Handled FILE-WATCH-CHANGED. Handling time: 0. Response time: 0.
[NX Daemon Server] - 2024-07-08T13:39:14.783Z - Time taken for 'changed-projects' 0.33058398962020874ms
[NX Daemon Server] - 2024-07-08T13:39:14.887Z - [REQUEST]: Updated workspace context based on watched changes, recomputing project graph...
[NX Daemon Server] - 2024-07-08T13:39:14.887Z - [REQUEST]: 
[NX Daemon Server] - 2024-07-08T13:39:14.887Z - [REQUEST]: _tmp_90043_db72bf1029b5afac1957bda9d45900db
[NX Daemon Server] - 2024-07-08T13:39:14.968Z - Time taken for 'hash changed files from watcher' 3.342167019844055ms
[NX Daemon Server] - 2024-07-08T13:39:15.788Z - [REQUEST]: Client Request for Project Graph Received
[NX Daemon Server] - 2024-07-08T13:39:15.788Z - [REQUEST]: Responding to the client. project-graph
[NX Daemon Server] - 2024-07-08T13:39:15.790Z - Time taken for 'total for creating and serializing project graph' 0.07429099082946777ms
[NX Daemon Server] - 2024-07-08T13:39:15.790Z - Done responding to the client project-graph
[NX Daemon Server] - 2024-07-08T13:39:15.790Z - Handled REQUEST_PROJECT_GRAPH. Handling time: 0. Response time: 2.
[NX Daemon Server] - 2024-07-08T13:39:15.793Z - [REQUEST]: Responding to the client. handleContextFileData
[NX Daemon Server] - 2024-07-08T13:39:15.793Z - Done responding to the client handleContextFileData
[NX Daemon Server] - 2024-07-08T13:39:15.793Z - Handled GET_CONTEXT_FILE_DATA. Handling time: 0. Response time: 0.
[NX Daemon Server] - 2024-07-08T13:39:15.793Z - Closed a connection. Number of open connections: 1
[NX Daemon Server] - 2024-07-08T13:39:15.803Z - Closed a connection. Number of open connections: 0
[NX Daemon Server] - 2024-07-08T13:39:15.803Z - Established a connection. Number of open connections: 1
[NX Daemon Server] - 2024-07-08T13:39:15.803Z - Established a connection. Number of open connections: 2
[NX Daemon Server] - 2024-07-08T13:39:15.803Z - Closed a connection. Number of open connections: 1
[NX Daemon Server] - 2024-07-08T13:39:15.804Z - [REQUEST]: Client Request for Project Graph Received
[NX Daemon Server] - 2024-07-08T13:39:15.804Z - [REQUEST]: Responding to the client. project-graph
[NX Daemon Server] - 2024-07-08T13:39:15.805Z - Time taken for 'total for creating and serializing project graph' 0.03308296203613281ms
[NX Daemon Server] - 2024-07-08T13:39:15.806Z - Done responding to the client project-graph
[NX Daemon Server] - 2024-07-08T13:39:15.806Z - Handled REQUEST_PROJECT_GRAPH. Handling time: 0. Response time: 2.
[NX Daemon Server] - 2024-07-08T13:39:15.808Z - [REQUEST]: Client Request for Project Graph Received
[NX Daemon Server] - 2024-07-08T13:39:15.809Z - [REQUEST]: Responding to the client. project-graph
[NX Daemon Server] - 2024-07-08T13:39:15.810Z - Time taken for 'total for creating and serializing project graph' 0.07262498140335083ms
[NX Daemon Server] - 2024-07-08T13:39:15.815Z - Done responding to the client project-graph
[NX Daemon Server] - 2024-07-08T13:39:15.815Z - Handled REQUEST_PROJECT_GRAPH. Handling time: 1. Response time: 6.
[NX Daemon Server] - 2024-07-08T13:39:15.819Z - Established a connection. Number of open connections: 2
[NX Daemon Server] - 2024-07-08T13:42:44.822Z - [WATCHER]: Processing file changes in outputs
[NX Daemon Server] - 2024-07-08T13:42:44.822Z - [WATCHER]: Stopping the watcher for /Users/zpydee/Documents/Github/spwntch/workspace (sources)
[NX Daemon Server] - 2024-07-08T13:42:44.822Z - [WATCHER]: Stopping the watcher for /Users/zpydee/Documents/Github/spwntch/workspace (outputs)
[NX Daemon Server] - 2024-07-08T13:42:44.822Z - Server stopped because: "NX_VERSION_CHANGED"
[NX Daemon Server] - 2024-07-08T13:43:39.089Z - Started listening on: /var/folders/tc/wk467jc11zqc2dd4mxl2bc1h0000gn/T/2fdebc5bb397ac766608/d.sock
[NX Daemon Server] - 2024-07-08T13:43:39.091Z - [WATCHER]: Subscribed to changes within: /Users/zpydee/Documents/Github/spwntch/workspace (native)
[NX Daemon Server] - 2024-07-08T13:43:39.091Z - Established a connection. Number of open connections: 1
[NX Daemon Server] - 2024-07-08T13:43:39.092Z - Established a connection. Number of open connections: 2
[NX Daemon Server] - 2024-07-08T13:43:39.092Z - Closed a connection. Number of open connections: 1
[NX Daemon Server] - 2024-07-08T13:43:39.093Z - [REQUEST]: Client Request for Project Graph Received
[NX Daemon Server] - 2024-07-08T13:43:39.148Z - [REQUEST]: Updated workspace context based on watched changes, recomputing project graph...
[NX Daemon Server] - 2024-07-08T13:43:39.148Z - [REQUEST]: 
[NX Daemon Server] - 2024-07-08T13:43:39.149Z - [REQUEST]: 
[NX Daemon Server] - 2024-07-08T13:43:40.133Z - [REQUEST]: Responding to the client. project-graph
[NX Daemon Server] - 2024-07-08T13:43:40.134Z - Time taken for 'total for creating and serializing project graph' 1040.7479170000001ms
[NX Daemon Server] - 2024-07-08T13:43:40.135Z - Done responding to the client project-graph
[NX Daemon Server] - 2024-07-08T13:43:40.135Z - Handled REQUEST_PROJECT_GRAPH. Handling time: 1040. Response time: 2.
[NX Daemon Server] - 2024-07-08T13:43:40.149Z - [REQUEST]: Responding to the client. handleHashTasks
[NX Daemon Server] - 2024-07-08T13:43:40.149Z - Done responding to the client handleHashTasks
[NX Daemon Server] - 2024-07-08T13:43:40.149Z - Handled HASH_TASKS. Handling time: 9. Response time: 0.
[NX Daemon Server] - 2024-07-08T13:43:40.746Z - Established a connection. Number of open connections: 2
[NX Daemon Server] - 2024-07-08T13:43:40.746Z - Closed a connection. Number of open connections: 1
[NX Daemon Server] - 2024-07-08T13:43:40.746Z - Established a connection. Number of open connections: 2
[NX Daemon Server] - 2024-07-08T13:43:40.747Z - [REQUEST]: Client Request for Project Graph Received
[NX Daemon Server] - 2024-07-08T13:43:40.747Z - [REQUEST]: Responding to the client. project-graph
[NX Daemon Server] - 2024-07-08T13:43:40.748Z - Time taken for 'total for creating and serializing project graph' 0.06112499999994725ms
[NX Daemon Server] - 2024-07-08T13:43:40.749Z - Done responding to the client project-graph
[NX Daemon Server] - 2024-07-08T13:43:40.749Z - Handled REQUEST_PROJECT_GRAPH. Handling time: 0. Response time: 2.
[NX Daemon Server] - 2024-07-08T13:43:41.148Z - Established a connection. Number of open connections: 3
[NX Daemon Server] - 2024-07-08T13:43:41.148Z - Closed a connection. Number of open connections: 2
[NX Daemon Server] - 2024-07-08T13:43:41.148Z - Established a connection. Number of open connections: 3
[NX Daemon Server] - 2024-07-08T13:43:41.149Z - [REQUEST]: Client Request for Project Graph Received
[NX Daemon Server] - 2024-07-08T13:43:41.149Z - [REQUEST]: Responding to the client. project-graph
[NX Daemon Server] - 2024-07-08T13:43:41.149Z - Time taken for 'total for creating and serializing project graph' 0.11487499999975626ms
[NX Daemon Server] - 2024-07-08T13:43:41.150Z - Done responding to the client project-graph
[NX Daemon Server] - 2024-07-08T13:43:41.150Z - Handled REQUEST_PROJECT_GRAPH. Handling time: 0. Response time: 1.
[NX Daemon Server] - 2024-07-08T13:43:41.178Z - [REQUEST]: Client Request for Project Graph Received
[NX Daemon Server] - 2024-07-08T13:43:41.178Z - [REQUEST]: Responding to the client. project-graph
[NX Daemon Server] - 2024-07-08T13:43:41.179Z - Time taken for 'total for creating and serializing project graph' 0.14033300000028248ms
[NX Daemon Server] - 2024-07-08T13:43:41.181Z - Done responding to the client project-graph
[NX Daemon Server] - 2024-07-08T13:43:41.181Z - Handled REQUEST_PROJECT_GRAPH. Handling time: 0. Response time: 3.
[NX Daemon Server] - 2024-07-08T13:43:42.027Z - [WATCHER]: Processing file changes in outputs
[NX Daemon Server] - 2024-07-08T13:43:43.354Z - [WATCHER]: Processing file changes in outputs
[NX Daemon Server] - 2024-07-08T13:43:43.555Z - [REQUEST]: Client Request for Project Graph Received
[NX Daemon Server] - 2024-07-08T13:43:43.555Z - [REQUEST]: Responding to the client. project-graph
[NX Daemon Server] - 2024-07-08T13:43:43.555Z - Time taken for 'total for creating and serializing project graph' 0.09695800000008603ms
[NX Daemon Server] - 2024-07-08T13:43:43.559Z - Done responding to the client project-graph
[NX Daemon Server] - 2024-07-08T13:43:43.559Z - Handled REQUEST_PROJECT_GRAPH. Handling time: 0. Response time: 4.
[NX Daemon Server] - 2024-07-08T13:43:43.584Z - [WATCHER]: Processing file changes in outputs
[NX Daemon Server] - 2024-07-08T13:49:50.748Z - [WATCHER]: 2 file(s) created or restored, 0 file(s) modified, 0 file(s) deleted
[NX Daemon Server] - 2024-07-08T13:49:50.750Z - [WATCHER]: Processing file changes in outputs
[NX Daemon Server] - 2024-07-08T13:49:50.852Z - [REQUEST]: Updated workspace context based on watched changes, recomputing project graph...
[NX Daemon Server] - 2024-07-08T13:49:50.852Z - [REQUEST]: assets/txb/brand/logo-dark.png,assets/txb/brand/logo-primary.png
[NX Daemon Server] - 2024-07-08T13:49:50.852Z - [REQUEST]: 
[NX Daemon Server] - 2024-07-08T13:49:50.938Z - Time taken for 'hash changed files from watcher' 0.9967089999699965ms
[NX Daemon Server] - 2024-07-08T13:49:57.480Z - Closed a connection. Number of open connections: 2
[NX Daemon Server] - 2024-07-08T13:49:57.490Z - Closed a connection. Number of open connections: 1
[NX Daemon Server] - 2024-07-08T13:49:57.492Z - [REQUEST]: Responding to the client. recordOutputsHash
[NX Daemon Server] - 2024-07-08T13:49:57.492Z - Done responding to the client recordOutputsHash
[NX Daemon Server] - 2024-07-08T13:49:57.492Z - Handled RECORD_OUTPUTS_HASH. Handling time: 0. Response time: 0.
[NX Daemon Server] - 2024-07-08T13:49:57.496Z - Closed a connection. Number of open connections: 0
[NX Daemon Server] - 2024-07-08T13:49:57.539Z - [WATCHER]: Processing file changes in outputs
[NX Daemon Server] - 2024-07-08T13:49:57.873Z - Established a connection. Number of open connections: 1
[NX Daemon Server] - 2024-07-08T13:49:57.873Z - Closed a connection. Number of open connections: 0
[NX Daemon Server] - 2024-07-08T13:49:57.873Z - Established a connection. Number of open connections: 1
[NX Daemon Server] - 2024-07-08T13:49:57.874Z - [REQUEST]: Client Request for Project Graph Received
[NX Daemon Server] - 2024-07-08T13:49:57.874Z - [REQUEST]: Responding to the client. project-graph
[NX Daemon Server] - 2024-07-08T13:49:57.875Z - Time taken for 'total for creating and serializing project graph' 0.07575000001816079ms
[NX Daemon Server] - 2024-07-08T13:49:57.876Z - Done responding to the client project-graph
[NX Daemon Server] - 2024-07-08T13:49:57.876Z - Handled REQUEST_PROJECT_GRAPH. Handling time: 0. Response time: 2.
[NX Daemon Server] - 2024-07-08T13:49:58.428Z - Closed a connection. Number of open connections: 0
[NX Daemon Server] - 2024-07-08T13:49:58.487Z - [WATCHER]: Processing file changes in outputs
[NX Daemon Server] - 2024-07-08T13:50:12.651Z - [WATCHER]: Processing file changes in outputs
[NX Daemon Server] - 2024-07-08T13:50:12.651Z - [WATCHER]: 2 file(s) created or restored, 0 file(s) modified, 0 file(s) deleted
[NX Daemon Server] - 2024-07-08T13:50:12.753Z - [REQUEST]: Updated workspace context based on watched changes, recomputing project graph...
[NX Daemon Server] - 2024-07-08T13:50:12.753Z - [REQUEST]: assets/txb/brand/public/logo-dark.webp,assets/txb/brand/public/logo-primary.webp
[NX Daemon Server] - 2024-07-08T13:50:12.753Z - [REQUEST]: 
[NX Daemon Server] - 2024-07-08T13:50:12.793Z - Time taken for 'hash changed files from watcher' 0.2383339999942109ms
[NX Daemon Server] - 2024-07-08T13:51:07.262Z - Established a connection. Number of open connections: 1
[NX Daemon Server] - 2024-07-08T13:51:07.263Z - Established a connection. Number of open connections: 2
[NX Daemon Server] - 2024-07-08T13:51:07.264Z - Closed a connection. Number of open connections: 1
[NX Daemon Server] - 2024-07-08T13:51:07.265Z - [REQUEST]: Client Request for Project Graph Received
[NX Daemon Server] - 2024-07-08T13:51:07.266Z - [REQUEST]: Responding to the client. project-graph
[NX Daemon Server] - 2024-07-08T13:51:07.269Z - Time taken for 'total for creating and serializing project graph' 0.18616599997039884ms
[NX Daemon Server] - 2024-07-08T13:51:07.272Z - Done responding to the client project-graph
[NX Daemon Server] - 2024-07-08T13:51:07.272Z - Handled REQUEST_PROJECT_GRAPH. Handling time: 1. Response time: 6.
[NX Daemon Server] - 2024-07-08T13:51:07.447Z - Closed a connection. Number of open connections: 0
[NX Daemon Server] - 2024-07-08T13:51:08.151Z - Established a connection. Number of open connections: 1
[NX Daemon Server] - 2024-07-08T13:51:08.152Z - Closed a connection. Number of open connections: 0
[NX Daemon Server] - 2024-07-08T13:51:08.152Z - Established a connection. Number of open connections: 1
[NX Daemon Server] - 2024-07-08T13:51:08.154Z - [REQUEST]: Client Request for Project Graph Received
[NX Daemon Server] - 2024-07-08T13:51:08.155Z - [REQUEST]: Responding to the client. project-graph
[NX Daemon Server] - 2024-07-08T13:51:08.156Z - Time taken for 'total for creating and serializing project graph' 0.1924579999758862ms
[NX Daemon Server] - 2024-07-08T13:51:08.158Z - Done responding to the client project-graph
[NX Daemon Server] - 2024-07-08T13:51:08.159Z - Handled REQUEST_PROJECT_GRAPH. Handling time: 1. Response time: 4.
[NX Daemon Server] - 2024-07-08T13:51:08.343Z - [REQUEST]: Client Request for Project Graph Received
[NX Daemon Server] - 2024-07-08T13:51:08.344Z - [REQUEST]: Responding to the client. project-graph
[NX Daemon Server] - 2024-07-08T13:51:08.346Z - Time taken for 'total for creating and serializing project graph' 0.6906249999883585ms
[NX Daemon Server] - 2024-07-08T13:51:08.349Z - Done responding to the client project-graph
[NX Daemon Server] - 2024-07-08T13:51:08.349Z - Handled REQUEST_PROJECT_GRAPH. Handling time: 1. Response time: 5.
[NX Daemon Server] - 2024-07-08T13:51:08.366Z - [REQUEST]: Client Request for Project Graph Received
[NX Daemon Server] - 2024-07-08T13:51:08.367Z - [REQUEST]: Responding to the client. project-graph
[NX Daemon Server] - 2024-07-08T13:51:08.369Z - Time taken for 'total for creating and serializing project graph' 1.8092910000123084ms
[NX Daemon Server] - 2024-07-08T13:51:08.371Z - Done responding to the client project-graph
[NX Daemon Server] - 2024-07-08T13:51:08.371Z - Handled REQUEST_PROJECT_GRAPH. Handling time: 2. Response time: 4.
[NX Daemon Server] - 2024-07-08T13:51:08.492Z - [REQUEST]: Client Request for Project Graph Received
[NX Daemon Server] - 2024-07-08T13:51:08.492Z - [REQUEST]: Responding to the client. project-graph
[NX Daemon Server] - 2024-07-08T13:51:08.493Z - Time taken for 'total for creating and serializing project graph' 0.18912499997531995ms
[NX Daemon Server] - 2024-07-08T13:51:08.495Z - Done responding to the client project-graph
[NX Daemon Server] - 2024-07-08T13:51:08.495Z - Handled REQUEST_PROJECT_GRAPH. Handling time: 0. Response time: 3.
[NX Daemon Server] - 2024-07-08T13:51:08.688Z - Closed a connection. Number of open connections: 0
[NX Daemon Server] - 2024-07-08T13:51:09.390Z - Established a connection. Number of open connections: 1
[NX Daemon Server] - 2024-07-08T13:51:09.391Z - Closed a connection. Number of open connections: 0
[NX Daemon Server] - 2024-07-08T13:51:09.391Z - Established a connection. Number of open connections: 1
[NX Daemon Server] - 2024-07-08T13:51:09.393Z - [REQUEST]: Client Request for Project Graph Received
[NX Daemon Server] - 2024-07-08T13:51:09.393Z - [REQUEST]: Responding to the client. project-graph
[NX Daemon Server] - 2024-07-08T13:51:09.394Z - Time taken for 'total for creating and serializing project graph' 0.2672080000047572ms
[NX Daemon Server] - 2024-07-08T13:51:09.397Z - Done responding to the client project-graph
[NX Daemon Server] - 2024-07-08T13:51:09.397Z - Handled REQUEST_PROJECT_GRAPH. Handling time: 0. Response time: 4.
[NX Daemon Server] - 2024-07-08T13:51:09.569Z - [REQUEST]: Client Request for Project Graph Received
[NX Daemon Server] - 2024-07-08T13:51:09.569Z - [REQUEST]: Responding to the client. project-graph
[NX Daemon Server] - 2024-07-08T13:51:09.571Z - Time taken for 'total for creating and serializing project graph' 0.4052079999819398ms
[NX Daemon Server] - 2024-07-08T13:51:09.575Z - Done responding to the client project-graph
[NX Daemon Server] - 2024-07-08T13:51:09.575Z - Handled REQUEST_PROJECT_GRAPH. Handling time: 0. Response time: 6.
[NX Daemon Server] - 2024-07-08T13:51:09.586Z - [REQUEST]: Client Request for Project Graph Received
[NX Daemon Server] - 2024-07-08T13:51:09.587Z - [REQUEST]: Responding to the client. project-graph
[NX Daemon Server] - 2024-07-08T13:51:09.589Z - Time taken for 'total for creating and serializing project graph' 0.33995900000445545ms
[NX Daemon Server] - 2024-07-08T13:51:09.591Z - Done responding to the client project-graph
[NX Daemon Server] - 2024-07-08T13:51:09.592Z - Handled REQUEST_PROJECT_GRAPH. Handling time: 1. Response time: 5.
[NX Daemon Server] - 2024-07-08T13:51:09.708Z - [REQUEST]: Client Request for Project Graph Received
[NX Daemon Server] - 2024-07-08T13:51:09.708Z - [REQUEST]: Responding to the client. project-graph
[NX Daemon Server] - 2024-07-08T13:51:09.709Z - Time taken for 'total for creating and serializing project graph' 0.1638340000063181ms
[NX Daemon Server] - 2024-07-08T13:51:09.711Z - Done responding to the client project-graph
[NX Daemon Server] - 2024-07-08T13:51:09.712Z - Handled REQUEST_PROJECT_GRAPH. Handling time: 0. Response time: 4.
[NX Daemon Server] - 2024-07-08T13:51:09.900Z - Closed a connection. Number of open connections: 0
[NX Daemon Server] - 2024-07-08T13:51:10.765Z - Established a connection. Number of open connections: 1
[NX Daemon Server] - 2024-07-08T13:51:10.765Z - Closed a connection. Number of open connections: 0
[NX Daemon Server] - 2024-07-08T13:51:10.766Z - Established a connection. Number of open connections: 1
[NX Daemon Server] - 2024-07-08T13:51:10.767Z - [REQUEST]: Client Request for Project Graph Received
[NX Daemon Server] - 2024-07-08T13:51:10.767Z - [REQUEST]: Responding to the client. project-graph
[NX Daemon Server] - 2024-07-08T13:51:10.769Z - Time taken for 'total for creating and serializing project graph' 0.2539169999654405ms
[NX Daemon Server] - 2024-07-08T13:51:10.771Z - Done responding to the client project-graph
[NX Daemon Server] - 2024-07-08T13:51:10.771Z - Handled REQUEST_PROJECT_GRAPH. Handling time: 0. Response time: 4.
[NX Daemon Server] - 2024-07-08T13:51:10.946Z - [REQUEST]: Client Request for Project Graph Received
[NX Daemon Server] - 2024-07-08T13:51:10.946Z - [REQUEST]: Responding to the client. project-graph
[NX Daemon Server] - 2024-07-08T13:51:10.948Z - Time taken for 'total for creating and serializing project graph' 0.35175000003073364ms
[NX Daemon Server] - 2024-07-08T13:51:10.950Z - Done responding to the client project-graph
[NX Daemon Server] - 2024-07-08T13:51:10.950Z - Handled REQUEST_PROJECT_GRAPH. Handling time: 1. Response time: 4.
[NX Daemon Server] - 2024-07-08T13:51:10.961Z - [REQUEST]: Client Request for Project Graph Received
[NX Daemon Server] - 2024-07-08T13:51:10.961Z - [REQUEST]: Responding to the client. project-graph
[NX Daemon Server] - 2024-07-08T13:51:10.963Z - Time taken for 'total for creating and serializing project graph' 0.21504199999617413ms
[NX Daemon Server] - 2024-07-08T13:51:10.965Z - Done responding to the client project-graph
[NX Daemon Server] - 2024-07-08T13:51:10.965Z - Handled REQUEST_PROJECT_GRAPH. Handling time: 0. Response time: 4.
[NX Daemon Server] - 2024-07-08T13:51:11.081Z - [REQUEST]: Client Request for Project Graph Received
[NX Daemon Server] - 2024-07-08T13:51:11.082Z - [REQUEST]: Responding to the client. project-graph
[NX Daemon Server] - 2024-07-08T13:51:11.082Z - Time taken for 'total for creating and serializing project graph' 0.16712500003632158ms
[NX Daemon Server] - 2024-07-08T13:51:11.085Z - Done responding to the client project-graph
[NX Daemon Server] - 2024-07-08T13:51:11.085Z - Handled REQUEST_PROJECT_GRAPH. Handling time: 1. Response time: 3.
[NX Daemon Server] - 2024-07-08T13:51:11.271Z - Closed a connection. Number of open connections: 0
[NX Daemon Server] - 2024-07-08T13:51:12.216Z - Established a connection. Number of open connections: 1
[NX Daemon Server] - 2024-07-08T13:51:12.217Z - Closed a connection. Number of open connections: 0
[NX Daemon Server] - 2024-07-08T13:51:12.218Z - Established a connection. Number of open connections: 1
[NX Daemon Server] - 2024-07-08T13:51:12.219Z - [REQUEST]: Client Request for Project Graph Received
[NX Daemon Server] - 2024-07-08T13:51:12.219Z - [REQUEST]: Responding to the client. project-graph
[NX Daemon Server] - 2024-07-08T13:51:12.220Z - Time taken for 'total for creating and serializing project graph' 0.145416000043042ms
[NX Daemon Server] - 2024-07-08T13:51:12.223Z - Done responding to the client project-graph
[NX Daemon Server] - 2024-07-08T13:51:12.223Z - Handled REQUEST_PROJECT_GRAPH. Handling time: 0. Response time: 4.
[NX Daemon Server] - 2024-07-08T13:51:12.398Z - [REQUEST]: Client Request for Project Graph Received
[NX Daemon Server] - 2024-07-08T13:51:12.398Z - [REQUEST]: Responding to the client. project-graph
[NX Daemon Server] - 2024-07-08T13:51:12.399Z - Time taken for 'total for creating and serializing project graph' 0.23504100000718608ms
[NX Daemon Server] - 2024-07-08T13:51:12.401Z - Done responding to the client project-graph
[NX Daemon Server] - 2024-07-08T13:51:12.402Z - Handled REQUEST_PROJECT_GRAPH. Handling time: 0. Response time: 4.
[NX Daemon Server] - 2024-07-08T13:51:12.413Z - [REQUEST]: Client Request for Project Graph Received
[NX Daemon Server] - 2024-07-08T13:51:12.413Z - [REQUEST]: Responding to the client. project-graph
[NX Daemon Server] - 2024-07-08T13:51:12.414Z - Time taken for 'total for creating and serializing project graph' 0.21891699999105185ms
[NX Daemon Server] - 2024-07-08T13:51:12.415Z - Done responding to the client project-graph
[NX Daemon Server] - 2024-07-08T13:51:12.416Z - Handled REQUEST_PROJECT_GRAPH. Handling time: 0. Response time: 3.
[NX Daemon Server] - 2024-07-08T13:51:12.535Z - [REQUEST]: Client Request for Project Graph Received
[NX Daemon Server] - 2024-07-08T13:51:12.535Z - [REQUEST]: Responding to the client. project-graph
[NX Daemon Server] - 2024-07-08T13:51:12.536Z - Time taken for 'total for creating and serializing project graph' 0.1640000000479631ms
[NX Daemon Server] - 2024-07-08T13:51:12.537Z - Done responding to the client project-graph
[NX Daemon Server] - 2024-07-08T13:51:12.538Z - Handled REQUEST_PROJECT_GRAPH. Handling time: 0. Response time: 3.
[NX Daemon Server] - 2024-07-08T13:51:12.722Z - Closed a connection. Number of open connections: 0
[NX Daemon Server] - 2024-07-08T13:51:14.353Z - Established a connection. Number of open connections: 1
[NX Daemon Server] - 2024-07-08T13:51:14.353Z - Closed a connection. Number of open connections: 0
[NX Daemon Server] - 2024-07-08T13:51:14.353Z - Established a connection. Number of open connections: 1
[NX Daemon Server] - 2024-07-08T13:51:14.355Z - [REQUEST]: Client Request for Project Graph Received
[NX Daemon Server] - 2024-07-08T13:51:14.356Z - [REQUEST]: Responding to the client. project-graph
[NX Daemon Server] - 2024-07-08T13:51:14.357Z - Time taken for 'total for creating and serializing project graph' 0.19637499999953434ms
[NX Daemon Server] - 2024-07-08T13:51:14.360Z - Done responding to the client project-graph
[NX Daemon Server] - 2024-07-08T13:51:14.360Z - Handled REQUEST_PROJECT_GRAPH. Handling time: 1. Response time: 4.
[NX Daemon Server] - 2024-07-08T13:51:14.534Z - [REQUEST]: Client Request for Project Graph Received
[NX Daemon Server] - 2024-07-08T13:51:14.535Z - [REQUEST]: Responding to the client. project-graph
[NX Daemon Server] - 2024-07-08T13:51:14.537Z - Time taken for 'total for creating and serializing project graph' 0.34524999995483086ms
[NX Daemon Server] - 2024-07-08T13:51:14.540Z - Done responding to the client project-graph
[NX Daemon Server] - 2024-07-08T13:51:14.540Z - Handled REQUEST_PROJECT_GRAPH. Handling time: 1. Response time: 5.
[NX Daemon Server] - 2024-07-08T13:51:14.551Z - [REQUEST]: Client Request for Project Graph Received
[NX Daemon Server] - 2024-07-08T13:51:14.551Z - [REQUEST]: Responding to the client. project-graph
[NX Daemon Server] - 2024-07-08T13:51:14.553Z - Time taken for 'total for creating and serializing project graph' 0.3699170000036247ms
[NX Daemon Server] - 2024-07-08T13:51:14.555Z - Done responding to the client project-graph
[NX Daemon Server] - 2024-07-08T13:51:14.556Z - Handled REQUEST_PROJECT_GRAPH. Handling time: 0. Response time: 5.
[NX Daemon Server] - 2024-07-08T13:51:14.687Z - [REQUEST]: Client Request for Project Graph Received
[NX Daemon Server] - 2024-07-08T13:51:14.687Z - [REQUEST]: Responding to the client. project-graph
[NX Daemon Server] - 2024-07-08T13:51:14.688Z - Time taken for 'total for creating and serializing project graph' 0.1503750000265427ms
[NX Daemon Server] - 2024-07-08T13:51:14.691Z - Done responding to the client project-graph
[NX Daemon Server] - 2024-07-08T13:51:14.691Z - Handled REQUEST_PROJECT_GRAPH. Handling time: 0. Response time: 4.
[NX Daemon Server] - 2024-07-08T13:51:14.877Z - Closed a connection. Number of open connections: 0
[NX Daemon Server] - 2024-07-08T13:51:15.830Z - Established a connection. Number of open connections: 1
[NX Daemon Server] - 2024-07-08T13:51:15.831Z - Closed a connection. Number of open connections: 0
[NX Daemon Server] - 2024-07-08T13:51:15.831Z - Established a connection. Number of open connections: 1
[NX Daemon Server] - 2024-07-08T13:51:15.832Z - [REQUEST]: Client Request for Project Graph Received
[NX Daemon Server] - 2024-07-08T13:51:15.833Z - [REQUEST]: Responding to the client. project-graph
[NX Daemon Server] - 2024-07-08T13:51:15.834Z - Time taken for 'total for creating and serializing project graph' 0.23754199995892122ms
[NX Daemon Server] - 2024-07-08T13:51:15.836Z - Done responding to the client project-graph
[NX Daemon Server] - 2024-07-08T13:51:15.836Z - Handled REQUEST_PROJECT_GRAPH. Handling time: 1. Response time: 3.
[NX Daemon Server] - 2024-07-08T13:51:16.010Z - [REQUEST]: Client Request for Project Graph Received
[NX Daemon Server] - 2024-07-08T13:51:16.011Z - [REQUEST]: Responding to the client. project-graph
[NX Daemon Server] - 2024-07-08T13:51:16.013Z - Time taken for 'total for creating and serializing project graph' 0.40516700001899153ms
[NX Daemon Server] - 2024-07-08T13:51:16.015Z - Done responding to the client project-graph
[NX Daemon Server] - 2024-07-08T13:51:16.016Z - Handled REQUEST_PROJECT_GRAPH. Handling time: 1. Response time: 5.
[NX Daemon Server] - 2024-07-08T13:51:16.026Z - [REQUEST]: Client Request for Project Graph Received
[NX Daemon Server] - 2024-07-08T13:51:16.027Z - [REQUEST]: Responding to the client. project-graph
[NX Daemon Server] - 2024-07-08T13:51:16.028Z - Time taken for 'total for creating and serializing project graph' 0.29058299999451265ms
[NX Daemon Server] - 2024-07-08T13:51:16.031Z - Done responding to the client project-graph
[NX Daemon Server] - 2024-07-08T13:51:16.031Z - Handled REQUEST_PROJECT_GRAPH. Handling time: 1. Response time: 4.
[NX Daemon Server] - 2024-07-08T13:51:16.148Z - [REQUEST]: Client Request for Project Graph Received
[NX Daemon Server] - 2024-07-08T13:51:16.148Z - [REQUEST]: Responding to the client. project-graph
[NX Daemon Server] - 2024-07-08T13:51:16.148Z - Time taken for 'total for creating and serializing project graph' 0.2155409999541007ms
[NX Daemon Server] - 2024-07-08T13:51:16.151Z - Done responding to the client project-graph
[NX Daemon Server] - 2024-07-08T13:51:16.151Z - Handled REQUEST_PROJECT_GRAPH. Handling time: 0. Response time: 3.
[NX Daemon Server] - 2024-07-08T13:51:16.333Z - Closed a connection. Number of open connections: 0
[NX Daemon Server] - 2024-07-08T13:51:17.048Z - Established a connection. Number of open connections: 1
[NX Daemon Server] - 2024-07-08T13:51:17.049Z - Closed a connection. Number of open connections: 0
[NX Daemon Server] - 2024-07-08T13:51:17.049Z - Established a connection. Number of open connections: 1
[NX Daemon Server] - 2024-07-08T13:51:17.051Z - [REQUEST]: Client Request for Project Graph Received
[NX Daemon Server] - 2024-07-08T13:51:17.052Z - [REQUEST]: Responding to the client. project-graph
[NX Daemon Server] - 2024-07-08T13:51:17.053Z - Time taken for 'total for creating and serializing project graph' 0.24058300000615418ms
[NX Daemon Server] - 2024-07-08T13:51:17.055Z - Done responding to the client project-graph
[NX Daemon Server] - 2024-07-08T13:51:17.055Z - Handled REQUEST_PROJECT_GRAPH. Handling time: 1. Response time: 3.
[NX Daemon Server] - 2024-07-08T13:51:17.230Z - [REQUEST]: Client Request for Project Graph Received
[NX Daemon Server] - 2024-07-08T13:51:17.230Z - [REQUEST]: Responding to the client. project-graph
[NX Daemon Server] - 2024-07-08T13:51:17.232Z - Time taken for 'total for creating and serializing project graph' 0.2673339999746531ms
[NX Daemon Server] - 2024-07-08T13:51:17.236Z - Done responding to the client project-graph
[NX Daemon Server] - 2024-07-08T13:51:17.236Z - Handled REQUEST_PROJECT_GRAPH. Handling time: 0. Response time: 6.
[NX Daemon Server] - 2024-07-08T13:51:17.247Z - [REQUEST]: Client Request for Project Graph Received
[NX Daemon Server] - 2024-07-08T13:51:17.247Z - [REQUEST]: Responding to the client. project-graph
[NX Daemon Server] - 2024-07-08T13:51:17.248Z - Time taken for 'total for creating and serializing project graph' 0.15066699997987598ms
[NX Daemon Server] - 2024-07-08T13:51:17.251Z - Done responding to the client project-graph
[NX Daemon Server] - 2024-07-08T13:51:17.251Z - Handled REQUEST_PROJECT_GRAPH. Handling time: 0. Response time: 4.
[NX Daemon Server] - 2024-07-08T13:51:17.369Z - [REQUEST]: Client Request for Project Graph Received
[NX Daemon Server] - 2024-07-08T13:51:17.369Z - [REQUEST]: Responding to the client. project-graph
[NX Daemon Server] - 2024-07-08T13:51:17.370Z - Time taken for 'total for creating and serializing project graph' 0.15549999999348074ms
[NX Daemon Server] - 2024-07-08T13:51:17.372Z - Done responding to the client project-graph
[NX Daemon Server] - 2024-07-08T13:51:17.372Z - Handled REQUEST_PROJECT_GRAPH. Handling time: 0. Response time: 3.
[NX Daemon Server] - 2024-07-08T13:51:17.562Z - Closed a connection. Number of open connections: 0
[NX Daemon Server] - 2024-07-08T13:51:20.251Z - Established a connection. Number of open connections: 1
[NX Daemon Server] - 2024-07-08T13:51:20.251Z - Closed a connection. Number of open connections: 0
[NX Daemon Server] - 2024-07-08T13:51:20.252Z - Established a connection. Number of open connections: 1
[NX Daemon Server] - 2024-07-08T13:51:20.254Z - [REQUEST]: Client Request for Project Graph Received
[NX Daemon Server] - 2024-07-08T13:51:20.254Z - [REQUEST]: Responding to the client. project-graph
[NX Daemon Server] - 2024-07-08T13:51:20.255Z - Time taken for 'total for creating and serializing project graph' 0.2988330000080168ms
[NX Daemon Server] - 2024-07-08T13:51:20.258Z - Done responding to the client project-graph
[NX Daemon Server] - 2024-07-08T13:51:20.258Z - Handled REQUEST_PROJECT_GRAPH. Handling time: 0. Response time: 4.
[NX Daemon Server] - 2024-07-08T13:51:20.434Z - [REQUEST]: Client Request for Project Graph Received
[NX Daemon Server] - 2024-07-08T13:51:20.436Z - [REQUEST]: Responding to the client. project-graph
[NX Daemon Server] - 2024-07-08T13:51:20.437Z - Time taken for 'total for creating and serializing project graph' 1.1594170000171289ms
[NX Daemon Server] - 2024-07-08T13:51:20.440Z - Done responding to the client project-graph
[NX Daemon Server] - 2024-07-08T13:51:20.440Z - Handled REQUEST_PROJECT_GRAPH. Handling time: 2. Response time: 4.
[NX Daemon Server] - 2024-07-08T13:51:20.451Z - [REQUEST]: Client Request for Project Graph Received
[NX Daemon Server] - 2024-07-08T13:51:20.451Z - [REQUEST]: Responding to the client. project-graph
[NX Daemon Server] - 2024-07-08T13:51:20.453Z - Time taken for 'total for creating and serializing project graph' 0.2490000000107102ms
[NX Daemon Server] - 2024-07-08T13:51:20.456Z - Done responding to the client project-graph
[NX Daemon Server] - 2024-07-08T13:51:20.456Z - Handled REQUEST_PROJECT_GRAPH. Handling time: 0. Response time: 5.
[NX Daemon Server] - 2024-07-08T13:51:20.579Z - [REQUEST]: Client Request for Project Graph Received
[NX Daemon Server] - 2024-07-08T13:51:20.579Z - [REQUEST]: Responding to the client. project-graph
[NX Daemon Server] - 2024-07-08T13:51:20.580Z - Time taken for 'total for creating and serializing project graph' 0.15037499996833503ms
[NX Daemon Server] - 2024-07-08T13:51:20.583Z - Done responding to the client project-graph
[NX Daemon Server] - 2024-07-08T13:51:20.583Z - Handled REQUEST_PROJECT_GRAPH. Handling time: 0. Response time: 4.
[NX Daemon Server] - 2024-07-08T13:51:20.818Z - [WATCHER]: Processing file changes in outputs
[NX Daemon Server] - 2024-07-08T13:51:20.819Z - [WATCHER]: 12 file(s) created or restored, 1 file(s) modified, 0 file(s) deleted
[NX Daemon Server] - 2024-07-08T13:51:20.921Z - [REQUEST]: Updated workspace context based on watched changes, recomputing project graph...
[NX Daemon Server] - 2024-07-08T13:51:20.922Z - [REQUEST]: apps/txb/src/app/layout.tsx,apps/txb/project.json,apps/txb/next.config.js,apps/txb/.eslintrc.json,apps/txb/tsconfig.json,apps/txb/public/.gitkeep,apps/txb/next-env.d.ts,apps/txb/src/app/global.css,apps/txb/index.d.ts,apps/txb/public/favicon.ico,apps/txb/src/app/api/hello/route.ts,apps/txb/src/app/page.tsx,package.json
[NX Daemon Server] - 2024-07-08T13:51:20.922Z - [REQUEST]: 
[NX Daemon Server] - 2024-07-08T13:51:21.010Z - Time taken for 'hash changed files from watcher' 1.4464170000283048ms
[NX Daemon Server] - 2024-07-08T13:51:21.175Z - [WATCHER]: _tmp_91402_e6858c506d069af54b81c31524cca718 was deleted
[NX Daemon Server] - 2024-07-08T13:51:21.175Z - [WATCHER]: Processing file changes in outputs
[NX Daemon Server] - 2024-07-08T13:51:21.377Z - [REQUEST]: Updated workspace context based on watched changes, recomputing project graph...
[NX Daemon Server] - 2024-07-08T13:51:21.377Z - [REQUEST]: 
[NX Daemon Server] - 2024-07-08T13:51:21.377Z - [REQUEST]: _tmp_91402_e6858c506d069af54b81c31524cca718
[NX Daemon Server] - 2024-07-08T13:51:21.428Z - Time taken for 'hash changed files from watcher' 0.34529199998360127ms
[NX Daemon Server] - 2024-07-08T13:51:25.321Z - Closed a connection. Number of open connections: 0
[NX Daemon Server] - 2024-07-08T13:51:25.340Z - [WATCHER]: Processing file changes in outputs
[NX Daemon Server] - 2024-07-08T13:51:25.340Z - [WATCHER]: Stopping the watcher for /Users/zpydee/Documents/Github/spwntch/workspace (sources)
[NX Daemon Server] - 2024-07-08T13:51:25.340Z - [WATCHER]: Stopping the watcher for /Users/zpydee/Documents/Github/spwntch/workspace (outputs)
[NX Daemon Server] - 2024-07-08T13:51:25.340Z - Server stopped because: "LOCK_FILES_CHANGED"
[NX Daemon Server] - 2024-07-08T13:54:36.025Z - Started listening on: /var/folders/tc/wk467jc11zqc2dd4mxl2bc1h0000gn/T/2fdebc5bb397ac766608/d.sock
[NX Daemon Server] - 2024-07-08T13:54:36.027Z - [WATCHER]: Subscribed to changes within: /Users/zpydee/Documents/Github/spwntch/workspace (native)
[NX Daemon Server] - 2024-07-08T13:54:36.027Z - Established a connection. Number of open connections: 1
[NX Daemon Server] - 2024-07-08T13:54:36.028Z - Established a connection. Number of open connections: 2
[NX Daemon Server] - 2024-07-08T13:54:36.028Z - Closed a connection. Number of open connections: 1
[NX Daemon Server] - 2024-07-08T13:54:36.029Z - [REQUEST]: Client Request for Project Graph Received
[NX Daemon Server] - 2024-07-08T13:54:36.081Z - [REQUEST]: Updated workspace context based on watched changes, recomputing project graph...
[NX Daemon Server] - 2024-07-08T13:54:36.081Z - [REQUEST]: 
[NX Daemon Server] - 2024-07-08T13:54:36.081Z - [REQUEST]: 
[NX Daemon Server] - 2024-07-08T13:54:37.170Z - [REQUEST]: Responding to the client. project-graph
[NX Daemon Server] - 2024-07-08T13:54:37.170Z - Time taken for 'total for creating and serializing project graph' 1140.70225ms
[NX Daemon Server] - 2024-07-08T13:54:37.176Z - Done responding to the client project-graph
[NX Daemon Server] - 2024-07-08T13:54:37.176Z - Handled REQUEST_PROJECT_GRAPH. Handling time: 1140. Response time: 7.
[NX Daemon Server] - 2024-07-08T13:54:37.195Z - [REQUEST]: Responding to the client. handleHashTasks
[NX Daemon Server] - 2024-07-08T13:54:37.199Z - Done responding to the client handleHashTasks
[NX Daemon Server] - 2024-07-08T13:54:37.199Z - Handled HASH_TASKS. Handling time: 11. Response time: 4.
[NX Daemon Server] - 2024-07-08T13:54:37.980Z - Established a connection. Number of open connections: 2
[NX Daemon Server] - 2024-07-08T13:54:37.980Z - Closed a connection. Number of open connections: 1
[NX Daemon Server] - 2024-07-08T13:54:37.980Z - Established a connection. Number of open connections: 2
[NX Daemon Server] - 2024-07-08T13:54:37.981Z - [REQUEST]: Client Request for Project Graph Received
[NX Daemon Server] - 2024-07-08T13:54:37.981Z - [REQUEST]: Responding to the client. project-graph
[NX Daemon Server] - 2024-07-08T13:54:37.981Z - Time taken for 'total for creating and serializing project graph' 0.06412499999987631ms
[NX Daemon Server] - 2024-07-08T13:54:37.983Z - Done responding to the client project-graph
[NX Daemon Server] - 2024-07-08T13:54:37.983Z - Handled REQUEST_PROJECT_GRAPH. Handling time: 0. Response time: 2.
[NX Daemon Server] - 2024-07-08T13:54:38.039Z - [REQUEST]: Client Request for Project Graph Received
[NX Daemon Server] - 2024-07-08T13:54:38.039Z - [REQUEST]: Responding to the client. project-graph
[NX Daemon Server] - 2024-07-08T13:54:38.039Z - Time taken for 'total for creating and serializing project graph' 0.34875000000010914ms
[NX Daemon Server] - 2024-07-08T13:54:38.040Z - Done responding to the client project-graph
[NX Daemon Server] - 2024-07-08T13:54:38.040Z - Handled REQUEST_PROJECT_GRAPH. Handling time: 0. Response time: 1.
[NX Daemon Server] - 2024-07-08T13:54:38.133Z - [WATCHER]: Processing file changes in outputs
[NX Daemon Server] - 2024-07-08T13:54:38.489Z - [WATCHER]: Processing file changes in outputs
[NX Daemon Server] - 2024-07-08T13:54:38.913Z - [WATCHER]: Processing file changes in outputs
[NX Daemon Server] - 2024-07-08T13:54:39.190Z - [WATCHER]: Processing file changes in outputs
[NX Daemon Server] - 2024-07-08T13:54:39.923Z - [WATCHER]: Processing file changes in outputs
[NX Daemon Server] - 2024-07-08T13:54:40.289Z - Closed a connection. Number of open connections: 1
[NX Daemon Server] - 2024-07-08T13:54:40.294Z - [REQUEST]: Responding to the client. recordOutputsHash
[NX Daemon Server] - 2024-07-08T13:54:40.294Z - Done responding to the client recordOutputsHash
[NX Daemon Server] - 2024-07-08T13:54:40.294Z - Handled RECORD_OUTPUTS_HASH. Handling time: 4. Response time: 0.
[NX Daemon Server] - 2024-07-08T13:54:40.298Z - Closed a connection. Number of open connections: 0
[NX Daemon Server] - 2024-07-08T13:54:40.341Z - [WATCHER]: Processing file changes in outputs
[NX Daemon Server] - 2024-07-08T13:55:00.690Z - [WATCHER]: apps/spawntech-io/src/app/page.tsx was modified
[NX Daemon Server] - 2024-07-08T13:55:00.691Z - [WATCHER]: Processing file changes in outputs
[NX Daemon Server] - 2024-07-08T13:55:00.793Z - [REQUEST]: Updated workspace context based on watched changes, recomputing project graph...
[NX Daemon Server] - 2024-07-08T13:55:00.793Z - [REQUEST]: apps/spawntech-io/src/app/page.tsx
[NX Daemon Server] - 2024-07-08T13:55:00.793Z - [REQUEST]: 
[NX Daemon Server] - 2024-07-08T13:55:00.863Z - Time taken for 'hash changed files from watcher' 1.0131659999969997ms
[NX Daemon Server] - 2024-07-08T13:55:03.251Z - [WATCHER]: apps/spawntech-io/src/app/page.tsx was modified
[NX Daemon Server] - 2024-07-08T13:55:03.251Z - [WATCHER]: Processing file changes in outputs
[NX Daemon Server] - 2024-07-08T13:55:03.453Z - [REQUEST]: Updated workspace context based on watched changes, recomputing project graph...
[NX Daemon Server] - 2024-07-08T13:55:03.453Z - [REQUEST]: apps/spawntech-io/src/app/page.tsx
[NX Daemon Server] - 2024-07-08T13:55:03.453Z - [REQUEST]: 
[NX Daemon Server] - 2024-07-08T13:55:03.502Z - Time taken for 'hash changed files from watcher' 0.9505419999986771ms
[NX Daemon Server] - 2024-07-08T13:55:05.749Z - [WATCHER]: apps/spawntech-io/src/app/page.tsx was modified
[NX Daemon Server] - 2024-07-08T13:55:05.750Z - [WATCHER]: Processing file changes in outputs
[NX Daemon Server] - 2024-07-08T13:55:06.151Z - [REQUEST]: Updated workspace context based on watched changes, recomputing project graph...
[NX Daemon Server] - 2024-07-08T13:55:06.152Z - [REQUEST]: apps/spawntech-io/src/app/page.tsx
[NX Daemon Server] - 2024-07-08T13:55:06.152Z - [REQUEST]: 
[NX Daemon Server] - 2024-07-08T13:55:06.209Z - Time taken for 'hash changed files from watcher' 1.124458999998751ms
[NX Daemon Server] - 2024-07-08T13:55:08.089Z - [WATCHER]: apps/spawntech-io/src/app/page.tsx was modified
[NX Daemon Server] - 2024-07-08T13:55:08.089Z - [WATCHER]: Processing file changes in outputs
[NX Daemon Server] - 2024-07-08T13:55:08.891Z - [REQUEST]: Updated workspace context based on watched changes, recomputing project graph...
[NX Daemon Server] - 2024-07-08T13:55:08.891Z - [REQUEST]: apps/spawntech-io/src/app/page.tsx
[NX Daemon Server] - 2024-07-08T13:55:08.891Z - [REQUEST]: 
[NX Daemon Server] - 2024-07-08T13:55:08.945Z - Time taken for 'hash changed files from watcher' 0.3748330000016722ms
[NX Daemon Server] - 2024-07-08T13:55:12.816Z - [WATCHER]: apps/spawntech-io/src/app/page.tsx was modified
[NX Daemon Server] - 2024-07-08T13:55:12.817Z - [WATCHER]: Processing file changes in outputs
[NX Daemon Server] - 2024-07-08T13:55:14.420Z - [REQUEST]: Updated workspace context based on watched changes, recomputing project graph...
[NX Daemon Server] - 2024-07-08T13:55:14.420Z - [REQUEST]: apps/spawntech-io/src/app/page.tsx
[NX Daemon Server] - 2024-07-08T13:55:14.420Z - [REQUEST]: 
[NX Daemon Server] - 2024-07-08T13:55:14.475Z - Time taken for 'hash changed files from watcher' 0.990124999996624ms
[NX Daemon Server] - 2024-07-08T13:55:17.249Z - [WATCHER]: apps/spawntech-io/src/app/page.tsx was modified
[NX Daemon Server] - 2024-07-08T13:55:17.250Z - [WATCHER]: Processing file changes in outputs
[NX Daemon Server] - 2024-07-08T13:55:20.451Z - [REQUEST]: Updated workspace context based on watched changes, recomputing project graph...
[NX Daemon Server] - 2024-07-08T13:55:20.451Z - [REQUEST]: apps/spawntech-io/src/app/page.tsx
[NX Daemon Server] - 2024-07-08T13:55:20.451Z - [REQUEST]: 
[NX Daemon Server] - 2024-07-08T13:55:20.502Z - Time taken for 'hash changed files from watcher' 0.5190829999992275ms
[NX Daemon Server] - 2024-07-08T13:55:20.681Z - [WATCHER]: apps/spawntech-io/src/app/page.tsx was modified
[NX Daemon Server] - 2024-07-08T13:55:20.682Z - [WATCHER]: Processing file changes in outputs
[NX Daemon Server] - 2024-07-08T13:55:23.282Z - [WATCHER]: apps/spawntech-io/src/app/page.tsx was modified
[NX Daemon Server] - 2024-07-08T13:55:23.283Z - [WATCHER]: Processing file changes in outputs
[NX Daemon Server] - 2024-07-08T13:55:25.799Z - [WATCHER]: apps/spawntech-io/src/app/page.tsx was modified
[NX Daemon Server] - 2024-07-08T13:55:25.799Z - [WATCHER]: Processing file changes in outputs
[NX Daemon Server] - 2024-07-08T13:55:27.084Z - [REQUEST]: Updated workspace context based on watched changes, recomputing project graph...
[NX Daemon Server] - 2024-07-08T13:55:27.084Z - [REQUEST]: apps/spawntech-io/src/app/page.tsx
[NX Daemon Server] - 2024-07-08T13:55:27.084Z - [REQUEST]: 
[NX Daemon Server] - 2024-07-08T13:55:27.132Z - Time taken for 'hash changed files from watcher' 0.7760839999973541ms
[NX Daemon Server] - 2024-07-08T13:55:28.324Z - [WATCHER]: _tmp_91820_9d538f3409c4b4131775b21bd43cecc2 was deleted
[NX Daemon Server] - 2024-07-08T13:55:28.324Z - [WATCHER]: Processing file changes in outputs
[NX Daemon Server] - 2024-07-08T13:55:32.373Z - Established a connection. Number of open connections: 1
[NX Daemon Server] - 2024-07-08T13:55:32.374Z - Closed a connection. Number of open connections: 0
[NX Daemon Server] - 2024-07-08T13:55:32.374Z - Established a connection. Number of open connections: 1
[NX Daemon Server] - 2024-07-08T13:55:32.375Z - [REQUEST]: Client Request for Project Graph Received
[NX Daemon Server] - 2024-07-08T13:55:32.375Z - [REQUEST]: Updated workspace context based on watched changes, recomputing project graph...
[NX Daemon Server] - 2024-07-08T13:55:32.375Z - [REQUEST]: 
[NX Daemon Server] - 2024-07-08T13:55:32.375Z - [REQUEST]: _tmp_91820_9d538f3409c4b4131775b21bd43cecc2
[NX Daemon Server] - 2024-07-08T13:55:32.399Z - [REQUEST]: Responding to the client. project-graph
[NX Daemon Server] - 2024-07-08T13:55:32.399Z - Time taken for 'total for creating and serializing project graph' 24.476458999997703ms
[NX Daemon Server] - 2024-07-08T13:55:32.401Z - Done responding to the client project-graph
[NX Daemon Server] - 2024-07-08T13:55:32.401Z - Handled REQUEST_PROJECT_GRAPH. Handling time: 24. Response time: 2.
[NX Daemon Server] - 2024-07-08T13:55:32.415Z - [REQUEST]: Responding to the client. handleHashTasks
[NX Daemon Server] - 2024-07-08T13:55:32.415Z - Done responding to the client handleHashTasks
[NX Daemon Server] - 2024-07-08T13:55:32.415Z - Handled HASH_TASKS. Handling time: 9. Response time: 0.
[NX Daemon Server] - 2024-07-08T13:55:32.927Z - Established a connection. Number of open connections: 2
[NX Daemon Server] - 2024-07-08T13:55:32.927Z - Closed a connection. Number of open connections: 1
[NX Daemon Server] - 2024-07-08T13:55:32.928Z - Established a connection. Number of open connections: 2
[NX Daemon Server] - 2024-07-08T13:55:32.928Z - [REQUEST]: Client Request for Project Graph Received
[NX Daemon Server] - 2024-07-08T13:55:32.928Z - [REQUEST]: Responding to the client. project-graph
[NX Daemon Server] - 2024-07-08T13:55:32.929Z - Time taken for 'total for creating and serializing project graph' 0.041666999997687526ms
[NX Daemon Server] - 2024-07-08T13:55:32.930Z - Done responding to the client project-graph
[NX Daemon Server] - 2024-07-08T13:55:32.930Z - Handled REQUEST_PROJECT_GRAPH. Handling time: 0. Response time: 2.
[NX Daemon Server] - 2024-07-08T13:55:32.986Z - [REQUEST]: Client Request for Project Graph Received
[NX Daemon Server] - 2024-07-08T13:55:32.986Z - [REQUEST]: Responding to the client. project-graph
[NX Daemon Server] - 2024-07-08T13:55:32.987Z - Time taken for 'total for creating and serializing project graph' 0.11458399999537505ms
[NX Daemon Server] - 2024-07-08T13:55:32.987Z - Done responding to the client project-graph
[NX Daemon Server] - 2024-07-08T13:55:32.987Z - Handled REQUEST_PROJECT_GRAPH. Handling time: 0. Response time: 1.
[NX Daemon Server] - 2024-07-08T13:55:33.077Z - [WATCHER]: Processing file changes in outputs
[NX Daemon Server] - 2024-07-08T13:55:33.528Z - [WATCHER]: Processing file changes in outputs
[NX Daemon Server] - 2024-07-08T13:55:33.836Z - [WATCHER]: Processing file changes in outputs
[NX Daemon Server] - 2024-07-08T13:55:33.896Z - Closed a connection. Number of open connections: 1
[NX Daemon Server] - 2024-07-08T13:55:33.903Z - [REQUEST]: Responding to the client. recordOutputsHash
[NX Daemon Server] - 2024-07-08T13:55:33.903Z - Done responding to the client recordOutputsHash
[NX Daemon Server] - 2024-07-08T13:55:33.903Z - Handled RECORD_OUTPUTS_HASH. Handling time: 6. Response time: 0.
[NX Daemon Server] - 2024-07-08T13:55:33.903Z - [WATCHER]: Processing file changes in outputs
[NX Daemon Server] - 2024-07-08T13:55:33.906Z - Closed a connection. Number of open connections: 0
[NX Daemon Server] - 2024-07-08T13:55:55.495Z - [WATCHER]: apps/spawntech-io/src/app/page.tsx was modified
[NX Daemon Server] - 2024-07-08T13:55:55.495Z - [WATCHER]: Processing file changes in outputs
[NX Daemon Server] - 2024-07-08T13:55:55.598Z - [REQUEST]: Updated workspace context based on watched changes, recomputing project graph...
[NX Daemon Server] - 2024-07-08T13:55:55.598Z - [REQUEST]: apps/spawntech-io/src/app/page.tsx
[NX Daemon Server] - 2024-07-08T13:55:55.598Z - [REQUEST]: 
[NX Daemon Server] - 2024-07-08T13:55:55.652Z - Time taken for 'hash changed files from watcher' 1.123250000004191ms
[NX Daemon Server] - 2024-07-08T13:56:01.331Z - [WATCHER]: apps/txb/src/app/page.tsx was modified
[NX Daemon Server] - 2024-07-08T13:56:01.331Z - [WATCHER]: Processing file changes in outputs
[NX Daemon Server] - 2024-07-08T13:56:01.534Z - [REQUEST]: Updated workspace context based on watched changes, recomputing project graph...
[NX Daemon Server] - 2024-07-08T13:56:01.534Z - [REQUEST]: apps/txb/src/app/page.tsx
[NX Daemon Server] - 2024-07-08T13:56:01.534Z - [REQUEST]: 
[NX Daemon Server] - 2024-07-08T13:56:01.587Z - Time taken for 'hash changed files from watcher' 1.0098330000037095ms
[NX Daemon Server] - 2024-07-08T13:56:03.933Z - [WATCHER]: _tmp_91908_304b7747ff3cd01641d8cf81fe545095 was deleted
[NX Daemon Server] - 2024-07-08T13:56:03.934Z - [WATCHER]: Processing file changes in outputs
[NX Daemon Server] - 2024-07-08T13:56:04.336Z - [REQUEST]: Updated workspace context based on watched changes, recomputing project graph...
[NX Daemon Server] - 2024-07-08T13:56:04.336Z - [REQUEST]: 
[NX Daemon Server] - 2024-07-08T13:56:04.336Z - [REQUEST]: _tmp_91908_304b7747ff3cd01641d8cf81fe545095
[NX Daemon Server] - 2024-07-08T13:56:04.376Z - Time taken for 'hash changed files from watcher' 1.073499999998603ms
[NX Daemon Server] - 2024-07-08T13:56:07.951Z - Established a connection. Number of open connections: 1
[NX Daemon Server] - 2024-07-08T13:56:07.952Z - Closed a connection. Number of open connections: 0
[NX Daemon Server] - 2024-07-08T13:56:07.952Z - Established a connection. Number of open connections: 1
[NX Daemon Server] - 2024-07-08T13:56:07.953Z - [REQUEST]: Client Request for Project Graph Received
[NX Daemon Server] - 2024-07-08T13:56:07.953Z - [REQUEST]: Responding to the client. project-graph
[NX Daemon Server] - 2024-07-08T13:56:07.953Z - Time taken for 'total for creating and serializing project graph' 0.06658400000014808ms
[NX Daemon Server] - 2024-07-08T13:56:07.956Z - Done responding to the client project-graph
[NX Daemon Server] - 2024-07-08T13:56:07.956Z - Handled REQUEST_PROJECT_GRAPH. Handling time: 0. Response time: 3.
[NX Daemon Server] - 2024-07-08T13:56:07.970Z - [REQUEST]: Responding to the client. handleHashTasks
[NX Daemon Server] - 2024-07-08T13:56:07.970Z - Done responding to the client handleHashTasks
[NX Daemon Server] - 2024-07-08T13:56:07.970Z - Handled HASH_TASKS. Handling time: 9. Response time: 0.
[NX Daemon Server] - 2024-07-08T13:56:08.477Z - Established a connection. Number of open connections: 2
[NX Daemon Server] - 2024-07-08T13:56:08.478Z - Closed a connection. Number of open connections: 1
[NX Daemon Server] - 2024-07-08T13:56:08.478Z - Established a connection. Number of open connections: 2
[NX Daemon Server] - 2024-07-08T13:56:08.479Z - [REQUEST]: Client Request for Project Graph Received
[NX Daemon Server] - 2024-07-08T13:56:08.479Z - [REQUEST]: Responding to the client. project-graph
[NX Daemon Server] - 2024-07-08T13:56:08.479Z - Time taken for 'total for creating and serializing project graph' 0.04433299999800511ms
[NX Daemon Server] - 2024-07-08T13:56:08.480Z - Done responding to the client project-graph
[NX Daemon Server] - 2024-07-08T13:56:08.480Z - Handled REQUEST_PROJECT_GRAPH. Handling time: 1. Response time: 1.
[NX Daemon Server] - 2024-07-08T13:56:08.538Z - [REQUEST]: Client Request for Project Graph Received
[NX Daemon Server] - 2024-07-08T13:56:08.538Z - [REQUEST]: Responding to the client. project-graph
[NX Daemon Server] - 2024-07-08T13:56:08.538Z - Time taken for 'total for creating and serializing project graph' 0.17100000000209548ms
[NX Daemon Server] - 2024-07-08T13:56:08.541Z - Done responding to the client project-graph
[NX Daemon Server] - 2024-07-08T13:56:08.541Z - Handled REQUEST_PROJECT_GRAPH. Handling time: 0. Response time: 3.
[NX Daemon Server] - 2024-07-08T13:56:08.633Z - [WATCHER]: Processing file changes in outputs
[NX Daemon Server] - 2024-07-08T13:56:09.295Z - [WATCHER]: Processing file changes in outputs
[NX Daemon Server] - 2024-07-08T13:56:09.395Z - [WATCHER]: Processing file changes in outputs
[NX Daemon Server] - 2024-07-08T13:56:09.461Z - [WATCHER]: Processing file changes in outputs
[NX Daemon Server] - 2024-07-08T13:56:09.553Z - [WATCHER]: Processing file changes in outputs
[NX Daemon Server] - 2024-07-08T13:56:10.742Z - [WATCHER]: 2 file(s) created or restored, 0 file(s) modified, 0 file(s) deleted
[NX Daemon Server] - 2024-07-08T13:56:10.742Z - [WATCHER]: Processing file changes in outputs
[NX Daemon Server] - 2024-07-08T13:56:10.844Z - [REQUEST]: Updated workspace context based on watched changes, recomputing project graph...
[NX Daemon Server] - 2024-07-08T13:56:10.844Z - [REQUEST]: apps/txb/public/brand/logo-primary.webp,apps/txb/public/brand/logo-dark.webp
[NX Daemon Server] - 2024-07-08T13:56:10.844Z - [REQUEST]: 
[NX Daemon Server] - 2024-07-08T13:56:10.890Z - Time taken for 'hash changed files from watcher' 0.2428339999896707ms
[NX Daemon Server] - 2024-07-08T13:56:11.656Z - [WATCHER]: Processing file changes in outputs
[NX Daemon Server] - 2024-07-08T13:56:11.797Z - [WATCHER]: apps/txb/tsconfig.json was modified
[NX Daemon Server] - 2024-07-08T13:56:11.797Z - [WATCHER]: Processing file changes in outputs
[NX Daemon Server] - 2024-07-08T13:56:11.998Z - [REQUEST]: Updated workspace context based on watched changes, recomputing project graph...
[NX Daemon Server] - 2024-07-08T13:56:11.998Z - [REQUEST]: apps/txb/tsconfig.json
[NX Daemon Server] - 2024-07-08T13:56:11.998Z - [REQUEST]: 
[NX Daemon Server] - 2024-07-08T13:56:12.057Z - Time taken for 'hash changed files from watcher' 0.385708000001614ms
[NX Daemon Server] - 2024-07-08T13:56:12.619Z - [WATCHER]: Processing file changes in outputs
[NX Daemon Server] - 2024-07-08T13:56:12.784Z - Closed a connection. Number of open connections: 1
[NX Daemon Server] - 2024-07-08T13:56:12.790Z - [REQUEST]: Responding to the client. recordOutputsHash
[NX Daemon Server] - 2024-07-08T13:56:12.790Z - Done responding to the client recordOutputsHash
[NX Daemon Server] - 2024-07-08T13:56:12.790Z - Handled RECORD_OUTPUTS_HASH. Handling time: 5. Response time: 0.
[NX Daemon Server] - 2024-07-08T13:56:12.794Z - Closed a connection. Number of open connections: 0
[NX Daemon Server] - 2024-07-08T13:56:12.824Z - [WATCHER]: Processing file changes in outputs
[NX Daemon Server] - 2024-07-08T13:56:25.040Z - [WATCHER]: apps/txb/src/app/page.tsx was modified
[NX Daemon Server] - 2024-07-08T13:56:25.041Z - [WATCHER]: Processing file changes in outputs
[NX Daemon Server] - 2024-07-08T13:56:25.442Z - [REQUEST]: Updated workspace context based on watched changes, recomputing project graph...
[NX Daemon Server] - 2024-07-08T13:56:25.442Z - [REQUEST]: apps/txb/src/app/page.tsx
[NX Daemon Server] - 2024-07-08T13:56:25.442Z - [REQUEST]: 
[NX Daemon Server] - 2024-07-08T13:56:25.495Z - Time taken for 'hash changed files from watcher' 0.36279100000683684ms
[NX Daemon Server] - 2024-07-08T13:56:28.034Z - [WATCHER]: apps/txb/src/app/page.tsx was modified
[NX Daemon Server] - 2024-07-08T13:56:28.034Z - [WATCHER]: Processing file changes in outputs
[NX Daemon Server] - 2024-07-08T13:56:28.836Z - [REQUEST]: Updated workspace context based on watched changes, recomputing project graph...
[NX Daemon Server] - 2024-07-08T13:56:28.836Z - [REQUEST]: apps/txb/src/app/page.tsx
[NX Daemon Server] - 2024-07-08T13:56:28.836Z - [REQUEST]: 
[NX Daemon Server] - 2024-07-08T13:56:28.888Z - Time taken for 'hash changed files from watcher' 0.5460829999938142ms
[NX Daemon Server] - 2024-07-08T13:56:29.161Z - [WATCHER]: apps/txb/src/app/page.tsx was modified
[NX Daemon Server] - 2024-07-08T13:56:29.161Z - [WATCHER]: Processing file changes in outputs
[NX Daemon Server] - 2024-07-08T13:56:30.764Z - [REQUEST]: Updated workspace context based on watched changes, recomputing project graph...
[NX Daemon Server] - 2024-07-08T13:56:30.764Z - [REQUEST]: apps/txb/src/app/page.tsx
[NX Daemon Server] - 2024-07-08T13:56:30.764Z - [REQUEST]: 
[NX Daemon Server] - 2024-07-08T13:56:30.815Z - Time taken for 'hash changed files from watcher' 1.2060829999973066ms
[NX Daemon Server] - 2024-07-08T13:56:35.292Z - [WATCHER]: apps/txb/src/app/page.tsx was modified
[NX Daemon Server] - 2024-07-08T13:56:35.292Z - [WATCHER]: Processing file changes in outputs
[NX Daemon Server] - 2024-07-08T13:56:37.104Z - [WATCHER]: _tmp_92013_51d0ae6bd500ab2c7110db777043cf5b was deleted
[NX Daemon Server] - 2024-07-08T13:56:37.104Z - [WATCHER]: Processing file changes in outputs
[NX Daemon Server] - 2024-07-08T13:56:38.496Z - [REQUEST]: Updated workspace context based on watched changes, recomputing project graph...
[NX Daemon Server] - 2024-07-08T13:56:38.496Z - [REQUEST]: apps/txb/src/app/page.tsx
[NX Daemon Server] - 2024-07-08T13:56:38.496Z - [REQUEST]: _tmp_92013_51d0ae6bd500ab2c7110db777043cf5b
[NX Daemon Server] - 2024-07-08T13:56:38.568Z - Time taken for 'hash changed files from watcher' 1.2646249999961583ms
[NX Daemon Server] - 2024-07-08T13:56:42.822Z - Established a connection. Number of open connections: 1
[NX Daemon Server] - 2024-07-08T13:56:42.822Z - Closed a connection. Number of open connections: 0
[NX Daemon Server] - 2024-07-08T13:56:42.823Z - Established a connection. Number of open connections: 1
[NX Daemon Server] - 2024-07-08T13:56:42.823Z - [REQUEST]: Client Request for Project Graph Received
[NX Daemon Server] - 2024-07-08T13:56:42.824Z - [REQUEST]: Responding to the client. project-graph
[NX Daemon Server] - 2024-07-08T13:56:42.824Z - Time taken for 'total for creating and serializing project graph' 0.08241600000474136ms
[NX Daemon Server] - 2024-07-08T13:56:42.826Z - Done responding to the client project-graph
[NX Daemon Server] - 2024-07-08T13:56:42.826Z - Handled REQUEST_PROJECT_GRAPH. Handling time: 1. Response time: 2.
[NX Daemon Server] - 2024-07-08T13:56:42.840Z - [REQUEST]: Responding to the client. handleHashTasks
[NX Daemon Server] - 2024-07-08T13:56:42.840Z - Done responding to the client handleHashTasks
[NX Daemon Server] - 2024-07-08T13:56:42.840Z - Handled HASH_TASKS. Handling time: 8. Response time: 0.
[NX Daemon Server] - 2024-07-08T13:56:43.285Z - Established a connection. Number of open connections: 2
[NX Daemon Server] - 2024-07-08T13:56:43.285Z - Closed a connection. Number of open connections: 1
[NX Daemon Server] - 2024-07-08T13:56:43.285Z - Established a connection. Number of open connections: 2
[NX Daemon Server] - 2024-07-08T13:56:43.286Z - [REQUEST]: Client Request for Project Graph Received
[NX Daemon Server] - 2024-07-08T13:56:43.286Z - [REQUEST]: Responding to the client. project-graph
[NX Daemon Server] - 2024-07-08T13:56:43.286Z - Time taken for 'total for creating and serializing project graph' 0.05225000000791624ms
[NX Daemon Server] - 2024-07-08T13:56:43.287Z - Done responding to the client project-graph
[NX Daemon Server] - 2024-07-08T13:56:43.287Z - Handled REQUEST_PROJECT_GRAPH. Handling time: 0. Response time: 1.
[NX Daemon Server] - 2024-07-08T13:56:43.345Z - [REQUEST]: Client Request for Project Graph Received
[NX Daemon Server] - 2024-07-08T13:56:43.345Z - [REQUEST]: Responding to the client. project-graph
[NX Daemon Server] - 2024-07-08T13:56:43.345Z - Time taken for 'total for creating and serializing project graph' 0.11141700000735ms
[NX Daemon Server] - 2024-07-08T13:56:43.346Z - Done responding to the client project-graph
[NX Daemon Server] - 2024-07-08T13:56:43.346Z - Handled REQUEST_PROJECT_GRAPH. Handling time: 0. Response time: 1.
[NX Daemon Server] - 2024-07-08T13:56:43.436Z - [WATCHER]: Processing file changes in outputs
[NX Daemon Server] - 2024-07-08T13:56:43.935Z - [WATCHER]: Processing file changes in outputs
[NX Daemon Server] - 2024-07-08T13:56:43.987Z - [WATCHER]: Processing file changes in outputs
[NX Daemon Server] - 2024-07-08T13:56:44.614Z - [WATCHER]: Processing file changes in outputs
[NX Daemon Server] - 2024-07-08T13:56:44.712Z - [WATCHER]: Processing file changes in outputs
[NX Daemon Server] - 2024-07-08T13:56:45.601Z - [WATCHER]: Processing file changes in outputs
[NX Daemon Server] - 2024-07-08T13:56:45.789Z - [WATCHER]: Processing file changes in outputs
[NX Daemon Server] - 2024-07-08T13:56:45.944Z - [WATCHER]: Processing file changes in outputs
[NX Daemon Server] - 2024-07-08T13:56:46.107Z - [WATCHER]: Processing file changes in outputs
[NX Daemon Server] - 2024-07-08T13:56:46.173Z - [WATCHER]: Processing file changes in outputs
[NX Daemon Server] - 2024-07-08T13:56:46.233Z - [WATCHER]: Processing file changes in outputs
[NX Daemon Server] - 2024-07-08T13:56:49.475Z - [WATCHER]: Processing file changes in outputs
[NX Daemon Server] - 2024-07-08T13:56:49.498Z - Closed a connection. Number of open connections: 1
[NX Daemon Server] - 2024-07-08T13:56:49.504Z - [REQUEST]: Responding to the client. recordOutputsHash
[NX Daemon Server] - 2024-07-08T13:56:49.504Z - Done responding to the client recordOutputsHash
[NX Daemon Server] - 2024-07-08T13:56:49.504Z - Handled RECORD_OUTPUTS_HASH. Handling time: 4. Response time: 0.
[NX Daemon Server] - 2024-07-08T13:56:49.546Z - [WATCHER]: Processing file changes in outputs
[NX Daemon Server] - 2024-07-08T13:56:49.615Z - Closed a connection. Number of open connections: 0
[NX Daemon Server] - 2024-07-08T13:56:49.617Z - [WATCHER]: Processing file changes in outputs
[NX Daemon Server] - 2024-07-08T13:56:53.709Z - [WATCHER]: _tmp_92096_9c37e49056d253371a835ba0a40be336 was deleted
[NX Daemon Server] - 2024-07-08T13:56:53.709Z - [WATCHER]: Processing file changes in outputs
[NX Daemon Server] - 2024-07-08T13:56:53.810Z - [REQUEST]: Updated workspace context based on watched changes, recomputing project graph...
[NX Daemon Server] - 2024-07-08T13:56:53.810Z - [REQUEST]: 
[NX Daemon Server] - 2024-07-08T13:56:53.810Z - [REQUEST]: _tmp_92096_9c37e49056d253371a835ba0a40be336
[NX Daemon Server] - 2024-07-08T13:56:53.835Z - Time taken for 'hash changed files from watcher' 0.1707919999898877ms
[NX Daemon Server] - 2024-07-08T13:56:55.959Z - Established a connection. Number of open connections: 1
[NX Daemon Server] - 2024-07-08T13:56:55.960Z - Closed a connection. Number of open connections: 0
[NX Daemon Server] - 2024-07-08T13:56:55.960Z - Established a connection. Number of open connections: 1
[NX Daemon Server] - 2024-07-08T13:56:55.961Z - [REQUEST]: Client Request for Project Graph Received
[NX Daemon Server] - 2024-07-08T13:56:55.961Z - [REQUEST]: Responding to the client. project-graph
[NX Daemon Server] - 2024-07-08T13:56:55.961Z - Time taken for 'total for creating and serializing project graph' 0.07187499999417923ms
[NX Daemon Server] - 2024-07-08T13:56:55.964Z - Done responding to the client project-graph
[NX Daemon Server] - 2024-07-08T13:56:55.964Z - Handled REQUEST_PROJECT_GRAPH. Handling time: 0. Response time: 3.
[NX Daemon Server] - 2024-07-08T13:56:55.977Z - [REQUEST]: Responding to the client. handleHashTasks
[NX Daemon Server] - 2024-07-08T13:56:55.978Z - Done responding to the client handleHashTasks
[NX Daemon Server] - 2024-07-08T13:56:55.978Z - Handled HASH_TASKS. Handling time: 9. Response time: 1.
[NX Daemon Server] - 2024-07-08T13:56:56.298Z - Established a connection. Number of open connections: 2
[NX Daemon Server] - 2024-07-08T13:56:56.299Z - Closed a connection. Number of open connections: 1
[NX Daemon Server] - 2024-07-08T13:56:56.299Z - Established a connection. Number of open connections: 2
[NX Daemon Server] - 2024-07-08T13:56:56.300Z - [REQUEST]: Client Request for Project Graph Received
[NX Daemon Server] - 2024-07-08T13:56:56.300Z - [REQUEST]: Responding to the client. project-graph
[NX Daemon Server] - 2024-07-08T13:56:56.300Z - Time taken for 'total for creating and serializing project graph' 0.040416000003460795ms
[NX Daemon Server] - 2024-07-08T13:56:56.301Z - Done responding to the client project-graph
[NX Daemon Server] - 2024-07-08T13:56:56.301Z - Handled REQUEST_PROJECT_GRAPH. Handling time: 0. Response time: 1.
[NX Daemon Server] - 2024-07-08T13:56:56.651Z - Established a connection. Number of open connections: 3
[NX Daemon Server] - 2024-07-08T13:56:56.652Z - Closed a connection. Number of open connections: 2
[NX Daemon Server] - 2024-07-08T13:56:56.652Z - Established a connection. Number of open connections: 3
[NX Daemon Server] - 2024-07-08T13:56:56.653Z - [REQUEST]: Client Request for Project Graph Received
[NX Daemon Server] - 2024-07-08T13:56:56.653Z - [REQUEST]: Responding to the client. project-graph
[NX Daemon Server] - 2024-07-08T13:56:56.653Z - Time taken for 'total for creating and serializing project graph' 0.043000000005122274ms
[NX Daemon Server] - 2024-07-08T13:56:56.654Z - Done responding to the client project-graph
[NX Daemon Server] - 2024-07-08T13:56:56.654Z - Handled REQUEST_PROJECT_GRAPH. Handling time: 0. Response time: 1.
[NX Daemon Server] - 2024-07-08T13:56:56.679Z - [REQUEST]: Client Request for Project Graph Received
[NX Daemon Server] - 2024-07-08T13:56:56.679Z - [REQUEST]: Responding to the client. project-graph
[NX Daemon Server] - 2024-07-08T13:56:56.679Z - Time taken for 'total for creating and serializing project graph' 0.07233399999677204ms
[NX Daemon Server] - 2024-07-08T13:56:56.681Z - Done responding to the client project-graph
[NX Daemon Server] - 2024-07-08T13:56:56.681Z - Handled REQUEST_PROJECT_GRAPH. Handling time: 0. Response time: 2.
[NX Daemon Server] - 2024-07-08T13:56:57.469Z - [WATCHER]: Processing file changes in outputs
[NX Daemon Server] - 2024-07-08T13:56:57.694Z - [WATCHER]: Processing file changes in outputs
[NX Daemon Server] - 2024-07-08T13:56:57.899Z - [REQUEST]: Client Request for Project Graph Received
[NX Daemon Server] - 2024-07-08T13:56:57.899Z - [REQUEST]: Responding to the client. project-graph
[NX Daemon Server] - 2024-07-08T13:56:57.900Z - Time taken for 'total for creating and serializing project graph' 0.08137500000884756ms
[NX Daemon Server] - 2024-07-08T13:56:57.903Z - Done responding to the client project-graph
[NX Daemon Server] - 2024-07-08T13:56:57.903Z - Handled REQUEST_PROJECT_GRAPH. Handling time: 0. Response time: 4.
[NX Daemon Server] - 2024-07-08T13:56:57.929Z - [WATCHER]: Processing file changes in outputs
[NX Daemon Server] - 2024-07-08T13:56:59.405Z - [WATCHER]: Processing file changes in outputs
[NX Daemon Server] - 2024-07-08T13:57:02.341Z - [WATCHER]: Processing file changes in outputs
[NX Daemon Server] - 2024-07-08T13:57:03.393Z - [WATCHER]: Processing file changes in outputs
[NX Daemon Server] - 2024-07-08T13:57:03.627Z - [WATCHER]: Processing file changes in outputs
[NX Daemon Server] - 2024-07-08T13:57:04.568Z - [WATCHER]: Processing file changes in outputs
[NX Daemon Server] - 2024-07-08T13:57:04.945Z - [WATCHER]: Processing file changes in outputs
[NX Daemon Server] - 2024-07-08T13:57:05.270Z - [WATCHER]: Processing file changes in outputs
[NX Daemon Server] - 2024-07-08T13:57:05.588Z - [WATCHER]: Processing file changes in outputs
[NX Daemon Server] - 2024-07-08T13:58:12.430Z - [WATCHER]: assets/txb/brand/logo-primary.png was deleted
[NX Daemon Server] - 2024-07-08T13:58:12.431Z - [WATCHER]: Processing file changes in outputs
[NX Daemon Server] - 2024-07-08T13:58:12.534Z - [REQUEST]: Updated workspace context based on watched changes, recomputing project graph...
[NX Daemon Server] - 2024-07-08T13:58:12.534Z - [REQUEST]: 
[NX Daemon Server] - 2024-07-08T13:58:12.534Z - [REQUEST]: assets/txb/brand/logo-primary.png
[NX Daemon Server] - 2024-07-08T13:58:12.590Z - Time taken for 'hash changed files from watcher' 1.0152090000046883ms
[NX Daemon Server] - 2024-07-08T13:58:55.325Z - [WATCHER]: assets/txb/brand/logo-primary.png was created or restored
[NX Daemon Server] - 2024-07-08T13:58:55.325Z - [WATCHER]: Processing file changes in outputs
[NX Daemon Server] - 2024-07-08T13:58:55.428Z - [REQUEST]: Updated workspace context based on watched changes, recomputing project graph...
[NX Daemon Server] - 2024-07-08T13:58:55.429Z - [REQUEST]: assets/txb/brand/logo-primary.png
[NX Daemon Server] - 2024-07-08T13:58:55.429Z - [REQUEST]: 
[NX Daemon Server] - 2024-07-08T13:58:55.489Z - Time taken for 'hash changed files from watcher' 1.7087499999906868ms
[NX Daemon Server] - 2024-07-08T13:59:03.087Z - Closed a connection. Number of open connections: 2
[NX Daemon Server] - 2024-07-08T13:59:03.095Z - Closed a connection. Number of open connections: 1
[NX Daemon Server] - 2024-07-08T13:59:03.099Z - [REQUEST]: Responding to the client. recordOutputsHash
[NX Daemon Server] - 2024-07-08T13:59:03.099Z - Done responding to the client recordOutputsHash
[NX Daemon Server] - 2024-07-08T13:59:03.099Z - Handled RECORD_OUTPUTS_HASH. Handling time: 0. Response time: 0.
[NX Daemon Server] - 2024-07-08T13:59:03.103Z - Closed a connection. Number of open connections: 0
[NX Daemon Server] - 2024-07-08T13:59:03.148Z - [WATCHER]: Processing file changes in outputs
[NX Daemon Server] - 2024-07-08T13:59:03.476Z - Established a connection. Number of open connections: 1
[NX Daemon Server] - 2024-07-08T13:59:03.476Z - Closed a connection. Number of open connections: 0
[NX Daemon Server] - 2024-07-08T13:59:03.476Z - Established a connection. Number of open connections: 1
[NX Daemon Server] - 2024-07-08T13:59:03.477Z - [REQUEST]: Client Request for Project Graph Received
[NX Daemon Server] - 2024-07-08T13:59:03.477Z - [REQUEST]: Responding to the client. project-graph
[NX Daemon Server] - 2024-07-08T13:59:03.478Z - Time taken for 'total for creating and serializing project graph' 0.14141700003528967ms
[NX Daemon Server] - 2024-07-08T13:59:03.479Z - Done responding to the client project-graph
[NX Daemon Server] - 2024-07-08T13:59:03.479Z - Handled REQUEST_PROJECT_GRAPH. Handling time: 0. Response time: 2.
[NX Daemon Server] - 2024-07-08T13:59:03.950Z - Closed a connection. Number of open connections: 0
[NX Daemon Server] - 2024-07-08T13:59:04.006Z - [WATCHER]: Processing file changes in outputs
[NX Daemon Server] - 2024-07-08T13:59:05.671Z - [WATCHER]: 2 file(s) created or restored, 0 file(s) modified, 0 file(s) deleted
[NX Daemon Server] - 2024-07-08T13:59:05.671Z - [WATCHER]: Processing file changes in outputs
[NX Daemon Server] - 2024-07-08T13:59:05.773Z - [REQUEST]: Updated workspace context based on watched changes, recomputing project graph...
[NX Daemon Server] - 2024-07-08T13:59:05.773Z - [REQUEST]: assets/txb/brand/public/logo-dark.webp,assets/txb/brand/public/logo-primary.webp
[NX Daemon Server] - 2024-07-08T13:59:05.773Z - [REQUEST]: 
[NX Daemon Server] - 2024-07-08T13:59:05.815Z - Time taken for 'hash changed files from watcher' 0.4386670000385493ms
[NX Daemon Server] - 2024-07-08T13:59:10.128Z - [WATCHER]: _tmp_92340_7d40f99ba684bbed03d1866715401598 was deleted
[NX Daemon Server] - 2024-07-08T13:59:10.128Z - [WATCHER]: Processing file changes in outputs
[NX Daemon Server] - 2024-07-08T13:59:10.330Z - [REQUEST]: Updated workspace context based on watched changes, recomputing project graph...
[NX Daemon Server] - 2024-07-08T13:59:10.330Z - [REQUEST]: 
[NX Daemon Server] - 2024-07-08T13:59:10.330Z - [REQUEST]: _tmp_92340_7d40f99ba684bbed03d1866715401598
[NX Daemon Server] - 2024-07-08T13:59:10.369Z - Time taken for 'hash changed files from watcher' 0.4853749999892898ms
[NX Daemon Server] - 2024-07-08T13:59:13.832Z - Established a connection. Number of open connections: 1
[NX Daemon Server] - 2024-07-08T13:59:13.832Z - Closed a connection. Number of open connections: 0
[NX Daemon Server] - 2024-07-08T13:59:13.832Z - Established a connection. Number of open connections: 1
[NX Daemon Server] - 2024-07-08T13:59:13.833Z - [REQUEST]: Client Request for Project Graph Received
[NX Daemon Server] - 2024-07-08T13:59:13.833Z - [REQUEST]: Responding to the client. project-graph
[NX Daemon Server] - 2024-07-08T13:59:13.834Z - Time taken for 'total for creating and serializing project graph' 0.07187500002328306ms
[NX Daemon Server] - 2024-07-08T13:59:13.836Z - Done responding to the client project-graph
[NX Daemon Server] - 2024-07-08T13:59:13.836Z - Handled REQUEST_PROJECT_GRAPH. Handling time: 0. Response time: 3.
[NX Daemon Server] - 2024-07-08T13:59:13.850Z - [REQUEST]: Responding to the client. handleHashTasks
[NX Daemon Server] - 2024-07-08T13:59:13.851Z - Done responding to the client handleHashTasks
[NX Daemon Server] - 2024-07-08T13:59:13.851Z - Handled HASH_TASKS. Handling time: 8. Response time: 1.
[NX Daemon Server] - 2024-07-08T13:59:13.875Z - [REQUEST]: Responding to the client. outputsHashesMatch
[NX Daemon Server] - 2024-07-08T13:59:13.875Z - Done responding to the client outputsHashesMatch
[NX Daemon Server] - 2024-07-08T13:59:13.875Z - Handled OUTPUTS_HASHES_MATCH. Handling time: 4. Response time: 0.
[NX Daemon Server] - 2024-07-08T13:59:13.932Z - [WATCHER]: Processing file changes in outputs
[NX Daemon Server] - 2024-07-08T13:59:13.941Z - [REQUEST]: Responding to the client. recordOutputsHash
[NX Daemon Server] - 2024-07-08T13:59:13.941Z - Done responding to the client recordOutputsHash
[NX Daemon Server] - 2024-07-08T13:59:13.941Z - Handled RECORD_OUTPUTS_HASH. Handling time: 5. Response time: 0.
[NX Daemon Server] - 2024-07-08T13:59:13.944Z - Closed a connection. Number of open connections: 0
[NX Daemon Server] - 2024-07-08T13:59:13.984Z - [WATCHER]: Processing file changes in outputs
[NX Daemon Server] - 2024-07-08T14:00:28.015Z - [WATCHER]: Processing file changes in outputs
[NX Daemon Server] - 2024-07-08T14:00:28.016Z - [WATCHER]: _tmp_92395_5951c72785a9cd7f9bb20b07c26b8551 was deleted
[NX Daemon Server] - 2024-07-08T14:00:28.117Z - [REQUEST]: Updated workspace context based on watched changes, recomputing project graph...
[NX Daemon Server] - 2024-07-08T14:00:28.118Z - [REQUEST]: 
[NX Daemon Server] - 2024-07-08T14:00:28.118Z - [REQUEST]: _tmp_92395_5951c72785a9cd7f9bb20b07c26b8551
[NX Daemon Server] - 2024-07-08T14:00:28.149Z - Time taken for 'hash changed files from watcher' 0.17820800002664328ms
[NX Daemon Server] - 2024-07-08T14:00:31.920Z - Established a connection. Number of open connections: 1
[NX Daemon Server] - 2024-07-08T14:00:31.921Z - Closed a connection. Number of open connections: 0
[NX Daemon Server] - 2024-07-08T14:00:31.921Z - Established a connection. Number of open connections: 1
[NX Daemon Server] - 2024-07-08T14:00:31.922Z - [REQUEST]: Client Request for Project Graph Received
[NX Daemon Server] - 2024-07-08T14:00:31.922Z - [REQUEST]: Responding to the client. project-graph
[NX Daemon Server] - 2024-07-08T14:00:31.923Z - Time taken for 'total for creating and serializing project graph' 0.061209000006783754ms
[NX Daemon Server] - 2024-07-08T14:00:31.925Z - Done responding to the client project-graph
[NX Daemon Server] - 2024-07-08T14:00:31.925Z - Handled REQUEST_PROJECT_GRAPH. Handling time: 0. Response time: 3.
[NX Daemon Server] - 2024-07-08T14:00:31.939Z - [REQUEST]: Responding to the client. handleHashTasks
[NX Daemon Server] - 2024-07-08T14:00:31.939Z - Done responding to the client handleHashTasks
[NX Daemon Server] - 2024-07-08T14:00:31.939Z - Handled HASH_TASKS. Handling time: 9. Response time: 0.
[NX Daemon Server] - 2024-07-08T14:00:32.295Z - Established a connection. Number of open connections: 2
[NX Daemon Server] - 2024-07-08T14:00:32.295Z - Closed a connection. Number of open connections: 1
[NX Daemon Server] - 2024-07-08T14:00:32.295Z - Established a connection. Number of open connections: 2
[NX Daemon Server] - 2024-07-08T14:00:32.296Z - [REQUEST]: Client Request for Project Graph Received
[NX Daemon Server] - 2024-07-08T14:00:32.296Z - [REQUEST]: Responding to the client. project-graph
[NX Daemon Server] - 2024-07-08T14:00:32.296Z - Time taken for 'total for creating and serializing project graph' 0.039499999955296516ms
[NX Daemon Server] - 2024-07-08T14:00:32.298Z - Done responding to the client project-graph
[NX Daemon Server] - 2024-07-08T14:00:32.298Z - Handled REQUEST_PROJECT_GRAPH. Handling time: 0. Response time: 2.
[NX Daemon Server] - 2024-07-08T14:00:32.692Z - Established a connection. Number of open connections: 3
[NX Daemon Server] - 2024-07-08T14:00:32.693Z - Closed a connection. Number of open connections: 2
[NX Daemon Server] - 2024-07-08T14:00:32.693Z - Established a connection. Number of open connections: 3
[NX Daemon Server] - 2024-07-08T14:00:32.693Z - [REQUEST]: Client Request for Project Graph Received
[NX Daemon Server] - 2024-07-08T14:00:32.693Z - [REQUEST]: Responding to the client. project-graph
[NX Daemon Server] - 2024-07-08T14:00:32.694Z - Time taken for 'total for creating and serializing project graph' 0.0406249999650754ms
[NX Daemon Server] - 2024-07-08T14:00:32.695Z - Done responding to the client project-graph
[NX Daemon Server] - 2024-07-08T14:00:32.695Z - Handled REQUEST_PROJECT_GRAPH. Handling time: 0. Response time: 2.
[NX Daemon Server] - 2024-07-08T14:00:32.721Z - [REQUEST]: Client Request for Project Graph Received
[NX Daemon Server] - 2024-07-08T14:00:32.721Z - [REQUEST]: Responding to the client. project-graph
[NX Daemon Server] - 2024-07-08T14:00:32.721Z - Time taken for 'total for creating and serializing project graph' 0.0626250000204891ms
[NX Daemon Server] - 2024-07-08T14:00:32.723Z - Done responding to the client project-graph
[NX Daemon Server] - 2024-07-08T14:00:32.723Z - Handled REQUEST_PROJECT_GRAPH. Handling time: 0. Response time: 2.
[NX Daemon Server] - 2024-07-08T14:00:33.571Z - [WATCHER]: Processing file changes in outputs
[NX Daemon Server] - 2024-07-08T14:00:33.834Z - [WATCHER]: Processing file changes in outputs
[NX Daemon Server] - 2024-07-08T14:00:34.051Z - [REQUEST]: Client Request for Project Graph Received
[NX Daemon Server] - 2024-07-08T14:00:34.052Z - [REQUEST]: Responding to the client. project-graph
[NX Daemon Server] - 2024-07-08T14:00:34.053Z - Time taken for 'total for creating and serializing project graph' 0.3329999999841675ms
[NX Daemon Server] - 2024-07-08T14:00:34.061Z - Done responding to the client project-graph
[NX Daemon Server] - 2024-07-08T14:00:34.062Z - Handled REQUEST_PROJECT_GRAPH. Handling time: 1. Response time: 10.
[NX Daemon Server] - 2024-07-08T14:00:34.070Z - [WATCHER]: Processing file changes in outputs
[NX Daemon Server] - 2024-07-08T14:00:35.582Z - [WATCHER]: Processing file changes in outputs
[NX Daemon Server] - 2024-07-08T14:00:40.919Z - [WATCHER]: Processing file changes in outputs
[NX Daemon Server] - 2024-07-08T14:00:41.977Z - [WATCHER]: Processing file changes in outputs
[NX Daemon Server] - 2024-07-08T14:00:42.191Z - [WATCHER]: Processing file changes in outputs
[NX Daemon Server] - 2024-07-08T14:00:43.212Z - [WATCHER]: Processing file changes in outputs
[NX Daemon Server] - 2024-07-08T14:00:43.694Z - [WATCHER]: Processing file changes in outputs
[NX Daemon Server] - 2024-07-08T14:00:43.884Z - [WATCHER]: Processing file changes in outputs
[NX Daemon Server] - 2024-07-08T14:00:44.165Z - [WATCHER]: Processing file changes in outputs
[NX Daemon Server] - 2024-07-08T14:01:26.278Z - [WATCHER]: apps/txb/public/brand/logo-primary copy.webp was created or restored
[NX Daemon Server] - 2024-07-08T14:01:26.279Z - [WATCHER]: Processing file changes in outputs
[NX Daemon Server] - 2024-07-08T14:01:26.386Z - [REQUEST]: Updated workspace context based on watched changes, recomputing project graph...
[NX Daemon Server] - 2024-07-08T14:01:26.387Z - [REQUEST]: apps/txb/public/brand/logo-primary copy.webp
[NX Daemon Server] - 2024-07-08T14:01:26.387Z - [REQUEST]: 
[NX Daemon Server] - 2024-07-08T14:01:26.478Z - Time taken for 'hash changed files from watcher' 4.611291999986861ms
[NX Daemon Server] - 2024-07-08T14:01:28.496Z - [WATCHER]: apps/txb/public/brand/logo-primary.webp was deleted
[NX Daemon Server] - 2024-07-08T14:01:28.496Z - [WATCHER]: Processing file changes in outputs
[NX Daemon Server] - 2024-07-08T14:01:28.697Z - [REQUEST]: Updated workspace context based on watched changes, recomputing project graph...
[NX Daemon Server] - 2024-07-08T14:01:28.697Z - [REQUEST]: 
[NX Daemon Server] - 2024-07-08T14:01:28.697Z - [REQUEST]: apps/txb/public/brand/logo-primary.webp
[NX Daemon Server] - 2024-07-08T14:01:28.744Z - Time taken for 'hash changed files from watcher' 0.24779200000921264ms
[NX Daemon Server] - 2024-07-08T14:01:31.132Z - [WATCHER]: 1 file(s) created or restored, 0 file(s) modified, 1 file(s) deleted
[NX Daemon Server] - 2024-07-08T14:01:31.132Z - [WATCHER]: Processing file changes in outputs
[NX Daemon Server] - 2024-07-08T14:01:31.234Z - [REQUEST]: Updated workspace context based on watched changes, recomputing project graph...
[NX Daemon Server] - 2024-07-08T14:01:31.234Z - [REQUEST]: apps/txb/public/brand/logo-primary.webp
[NX Daemon Server] - 2024-07-08T14:01:31.234Z - [REQUEST]: apps/txb/public/brand/logo-primary copy.webp
[NX Daemon Server] - 2024-07-08T14:01:31.281Z - Time taken for 'hash changed files from watcher' 0.6124589999672025ms
[NX Daemon Server] - 2024-07-08T14:04:22.186Z - [WATCHER]: apps/txb/src/app/global.css was modified
[NX Daemon Server] - 2024-07-08T14:04:22.187Z - [WATCHER]: Processing file changes in outputs
[NX Daemon Server] - 2024-07-08T14:04:22.389Z - [REQUEST]: Updated workspace context based on watched changes, recomputing project graph...
[NX Daemon Server] - 2024-07-08T14:04:22.389Z - [REQUEST]: apps/txb/src/app/global.css
[NX Daemon Server] - 2024-07-08T14:04:22.389Z - [REQUEST]: 
[NX Daemon Server] - 2024-07-08T14:04:22.471Z - [WATCHER]: Processing file changes in outputs
[NX Daemon Server] - 2024-07-08T14:04:22.472Z - Time taken for 'hash changed files from watcher' 0.7176249999320135ms
[NX Daemon Server] - 2024-07-08T14:04:22.490Z - [WATCHER]: Processing file changes in outputs
[NX Daemon Server] - 2024-07-08T14:05:22.472Z - [WATCHER]: Processing file changes in outputs
[NX Daemon Server] - 2024-07-08T14:05:22.527Z - [WATCHER]: Processing file changes in outputs
[NX Daemon Server] - 2024-07-08T14:05:22.635Z - [WATCHER]: Processing file changes in outputs
[NX Daemon Server] - 2024-07-08T14:05:22.735Z - [WATCHER]: Processing file changes in outputs
[NX Daemon Server] - 2024-07-08T14:05:22.901Z - [WATCHER]: Processing file changes in outputs
[NX Daemon Server] - 2024-07-08T14:05:22.967Z - [WATCHER]: Processing file changes in outputs
[NX Daemon Server] - 2024-07-08T14:06:00.351Z - [WATCHER]: apps/txb/src/app/global.css was modified
[NX Daemon Server] - 2024-07-08T14:06:00.351Z - [WATCHER]: Processing file changes in outputs
[NX Daemon Server] - 2024-07-08T14:06:00.439Z - [WATCHER]: Processing file changes in outputs
[NX Daemon Server] - 2024-07-08T14:06:00.606Z - [WATCHER]: Processing file changes in outputs
[NX Daemon Server] - 2024-07-08T14:06:00.755Z - [REQUEST]: Updated workspace context based on watched changes, recomputing project graph...
[NX Daemon Server] - 2024-07-08T14:06:00.755Z - [REQUEST]: apps/txb/src/app/global.css
[NX Daemon Server] - 2024-07-08T14:06:00.755Z - [REQUEST]: 
[NX Daemon Server] - 2024-07-08T14:06:00.819Z - Time taken for 'hash changed files from watcher' 1.2709999999497086ms
[NX Daemon Server] - 2024-07-08T14:06:32.331Z - [WATCHER]: apps/txb/src/app/global.css was modified
[NX Daemon Server] - 2024-07-08T14:06:32.332Z - [WATCHER]: Processing file changes in outputs
[NX Daemon Server] - 2024-07-08T14:06:32.389Z - [WATCHER]: Processing file changes in outputs
[NX Daemon Server] - 2024-07-08T14:06:32.546Z - [WATCHER]: Processing file changes in outputs
[NX Daemon Server] - 2024-07-08T14:06:33.134Z - [REQUEST]: Updated workspace context based on watched changes, recomputing project graph...
[NX Daemon Server] - 2024-07-08T14:06:33.134Z - [REQUEST]: apps/txb/src/app/global.css
[NX Daemon Server] - 2024-07-08T14:06:33.134Z - [REQUEST]: 
[NX Daemon Server] - 2024-07-08T14:06:33.197Z - Time taken for 'hash changed files from watcher' 0.7270000000717118ms
[NX Daemon Server] - 2024-07-08T14:07:32.442Z - [WATCHER]: Processing file changes in outputs
[NX Daemon Server] - 2024-07-08T14:07:32.566Z - [WATCHER]: Processing file changes in outputs
[NX Daemon Server] - 2024-07-08T14:07:32.640Z - [WATCHER]: Processing file changes in outputs
[NX Daemon Server] - 2024-07-08T14:08:15.660Z - [WATCHER]: Processing file changes in outputs
[NX Daemon Server] - 2024-07-08T14:08:15.663Z - [WATCHER]: apps/txb/src/app/global.css was modified
[NX Daemon Server] - 2024-07-08T14:08:15.770Z - [WATCHER]: Processing file changes in outputs
[NX Daemon Server] - 2024-07-08T14:08:15.943Z - [WATCHER]: Processing file changes in outputs
[NX Daemon Server] - 2024-07-08T14:08:16.738Z - [WATCHER]: apps/txb/src/app/global.css was modified
[NX Daemon Server] - 2024-07-08T14:08:16.739Z - [WATCHER]: Processing file changes in outputs
[NX Daemon Server] - 2024-07-08T14:08:16.876Z - [WATCHER]: Processing file changes in outputs
[NX Daemon Server] - 2024-07-08T14:08:17.265Z - [REQUEST]: Updated workspace context based on watched changes, recomputing project graph...
[NX Daemon Server] - 2024-07-08T14:08:17.265Z - [REQUEST]: apps/txb/src/app/global.css
[NX Daemon Server] - 2024-07-08T14:08:17.266Z - [REQUEST]: 
[NX Daemon Server] - 2024-07-08T14:08:17.340Z - Time taken for 'hash changed files from watcher' 1.3719580000033602ms
[NX Daemon Server] - 2024-07-08T14:08:43.824Z - [WATCHER]: apps/txb/src/app/global.css was modified
[NX Daemon Server] - 2024-07-08T14:08:43.824Z - [WATCHER]: Processing file changes in outputs
[NX Daemon Server] - 2024-07-08T14:08:44.007Z - [WATCHER]: Processing file changes in outputs
[NX Daemon Server] - 2024-07-08T14:08:47.026Z - [REQUEST]: Updated workspace context based on watched changes, recomputing project graph...
[NX Daemon Server] - 2024-07-08T14:08:47.026Z - [REQUEST]: apps/txb/src/app/global.css
[NX Daemon Server] - 2024-07-08T14:08:47.026Z - [REQUEST]: 
[NX Daemon Server] - 2024-07-08T14:08:47.092Z - Time taken for 'hash changed files from watcher' 0.4479999999748543ms
[NX Daemon Server] - 2024-07-08T14:17:13.089Z - Started listening on: /var/folders/tc/wk467jc11zqc2dd4mxl2bc1h0000gn/T/2fdebc5bb397ac766608/d.sock
[NX Daemon Server] - 2024-07-08T14:17:13.091Z - [WATCHER]: Subscribed to changes within: /Users/zpydee/Documents/Github/spwntch/workspace (native)
[NX Daemon Server] - 2024-07-08T14:17:13.094Z - Established a connection. Number of open connections: 1
[NX Daemon Server] - 2024-07-08T14:17:13.095Z - Established a connection. Number of open connections: 2
[NX Daemon Server] - 2024-07-08T14:17:13.095Z - Closed a connection. Number of open connections: 1
[NX Daemon Server] - 2024-07-08T14:17:13.096Z - [REQUEST]: Client Request for Project Graph Received
[NX Daemon Server] - 2024-07-08T14:17:13.166Z - [REQUEST]: Updated workspace context based on watched changes, recomputing project graph...
[NX Daemon Server] - 2024-07-08T14:17:13.167Z - [REQUEST]: 
[NX Daemon Server] - 2024-07-08T14:17:13.167Z - [REQUEST]: 
[NX Daemon Server] - 2024-07-08T14:17:14.393Z - [REQUEST]: Responding to the client. project-graph
[NX Daemon Server] - 2024-07-08T14:17:14.394Z - Time taken for 'total for creating and serializing project graph' 1297.6425000000002ms
[NX Daemon Server] - 2024-07-08T14:17:14.400Z - Done responding to the client project-graph
[NX Daemon Server] - 2024-07-08T14:17:14.400Z - Handled REQUEST_PROJECT_GRAPH. Handling time: 1297. Response time: 7.
[NX Daemon Server] - 2024-07-08T14:17:14.418Z - [REQUEST]: Responding to the client. handleHashTasks
[NX Daemon Server] - 2024-07-08T14:17:14.423Z - Done responding to the client handleHashTasks
[NX Daemon Server] - 2024-07-08T14:17:14.423Z - Handled HASH_TASKS. Handling time: 10. Response time: 5.
[NX Daemon Server] - 2024-07-08T14:17:15.217Z - Established a connection. Number of open connections: 2
[NX Daemon Server] - 2024-07-08T14:17:15.217Z - Closed a connection. Number of open connections: 1
[NX Daemon Server] - 2024-07-08T14:17:15.217Z - Established a connection. Number of open connections: 2
[NX Daemon Server] - 2024-07-08T14:17:15.218Z - [REQUEST]: Client Request for Project Graph Received
[NX Daemon Server] - 2024-07-08T14:17:15.218Z - [REQUEST]: Responding to the client. project-graph
[NX Daemon Server] - 2024-07-08T14:17:15.218Z - Time taken for 'total for creating and serializing project graph' 0.05587500000001455ms
[NX Daemon Server] - 2024-07-08T14:17:15.219Z - Done responding to the client project-graph
[NX Daemon Server] - 2024-07-08T14:17:15.219Z - Handled REQUEST_PROJECT_GRAPH. Handling time: 0. Response time: 1.
[NX Daemon Server] - 2024-07-08T14:17:15.280Z - [REQUEST]: Client Request for Project Graph Received
[NX Daemon Server] - 2024-07-08T14:17:15.280Z - [REQUEST]: Responding to the client. project-graph
[NX Daemon Server] - 2024-07-08T14:17:15.280Z - Time taken for 'total for creating and serializing project graph' 0.18079200000011042ms
[NX Daemon Server] - 2024-07-08T14:17:15.281Z - Done responding to the client project-graph
[NX Daemon Server] - 2024-07-08T14:17:15.281Z - Handled REQUEST_PROJECT_GRAPH. Handling time: 0. Response time: 1.
[NX Daemon Server] - 2024-07-08T14:17:15.373Z - [WATCHER]: Processing file changes in outputs
[NX Daemon Server] - 2024-07-08T14:17:16.756Z - [WATCHER]: Processing file changes in outputs
[NX Daemon Server] - 2024-07-08T14:17:16.818Z - [WATCHER]: Processing file changes in outputs
[NX Daemon Server] - 2024-07-08T14:17:17.449Z - [WATCHER]: Processing file changes in outputs
[NX Daemon Server] - 2024-07-08T14:17:17.490Z - [WATCHER]: apps/txb/public/images/home-hero.webp was created or restored
[NX Daemon Server] - 2024-07-08T14:17:17.533Z - [WATCHER]: Processing file changes in outputs
[NX Daemon Server] - 2024-07-08T14:17:17.594Z - [REQUEST]: Updated workspace context based on watched changes, recomputing project graph...
[NX Daemon Server] - 2024-07-08T14:17:17.594Z - [REQUEST]: apps/txb/public/images/home-hero.webp
[NX Daemon Server] - 2024-07-08T14:17:17.594Z - [REQUEST]: 
[NX Daemon Server] - 2024-07-08T14:17:17.640Z - Time taken for 'hash changed files from watcher' 0.30041699999947014ms
[NX Daemon Server] - 2024-07-08T14:17:18.458Z - [WATCHER]: Processing file changes in outputs
[NX Daemon Server] - 2024-07-08T14:17:18.659Z - [WATCHER]: Processing file changes in outputs
[NX Daemon Server] - 2024-07-08T14:17:18.847Z - [WATCHER]: Processing file changes in outputs
[NX Daemon Server] - 2024-07-08T14:17:18.905Z - [WATCHER]: Processing file changes in outputs
[NX Daemon Server] - 2024-07-08T14:17:18.993Z - [WATCHER]: Processing file changes in outputs
[NX Daemon Server] - 2024-07-08T14:17:19.045Z - [WATCHER]: Processing file changes in outputs
[NX Daemon Server] - 2024-07-08T14:17:19.100Z - [WATCHER]: Processing file changes in outputs
[NX Daemon Server] - 2024-07-08T14:17:22.353Z - Closed a connection. Number of open connections: 1
[NX Daemon Server] - 2024-07-08T14:17:22.359Z - [REQUEST]: Responding to the client. recordOutputsHash
[NX Daemon Server] - 2024-07-08T14:17:22.359Z - Done responding to the client recordOutputsHash
[NX Daemon Server] - 2024-07-08T14:17:22.359Z - Handled RECORD_OUTPUTS_HASH. Handling time: 5. Response time: 0.
[NX Daemon Server] - 2024-07-08T14:17:22.359Z - [WATCHER]: Processing file changes in outputs
[NX Daemon Server] - 2024-07-08T14:17:22.418Z - [WATCHER]: Processing file changes in outputs
[NX Daemon Server] - 2024-07-08T14:17:22.473Z - Closed a connection. Number of open connections: 0
[NX Daemon Server] - 2024-07-08T14:17:22.478Z - [WATCHER]: Processing file changes in outputs
[NX Daemon Server] - 2024-07-08T14:17:37.430Z - [WATCHER]: apps/txb/src/components/home.tsx was modified
[NX Daemon Server] - 2024-07-08T14:17:37.430Z - [WATCHER]: Processing file changes in outputs
[NX Daemon Server] - 2024-07-08T14:17:37.633Z - [REQUEST]: Updated workspace context based on watched changes, recomputing project graph...
[NX Daemon Server] - 2024-07-08T14:17:37.634Z - [REQUEST]: apps/txb/src/components/home.tsx
[NX Daemon Server] - 2024-07-08T14:17:37.634Z - [REQUEST]: 
[NX Daemon Server] - 2024-07-08T14:17:37.699Z - Time taken for 'hash changed files from watcher' 0.8317089999982272ms
[NX Daemon Server] - 2024-07-08T14:17:42.093Z - [WATCHER]: apps/txb/src/components/home.tsx was modified
[NX Daemon Server] - 2024-07-08T14:17:42.093Z - [WATCHER]: Processing file changes in outputs
[NX Daemon Server] - 2024-07-08T14:17:42.493Z - [REQUEST]: Updated workspace context based on watched changes, recomputing project graph...
[NX Daemon Server] - 2024-07-08T14:17:42.493Z - [REQUEST]: apps/txb/src/components/home.tsx
[NX Daemon Server] - 2024-07-08T14:17:42.494Z - [REQUEST]: 
[NX Daemon Server] - 2024-07-08T14:17:42.551Z - Time taken for 'hash changed files from watcher' 0.39099999999962165ms
[NX Daemon Server] - 2024-07-08T14:18:00.999Z - [WATCHER]: apps/txb/src/app/page.tsx was modified
[NX Daemon Server] - 2024-07-08T14:18:00.999Z - [WATCHER]: Processing file changes in outputs
[NX Daemon Server] - 2024-07-08T14:18:01.800Z - [REQUEST]: Updated workspace context based on watched changes, recomputing project graph...
[NX Daemon Server] - 2024-07-08T14:18:01.801Z - [REQUEST]: apps/txb/src/app/page.tsx
[NX Daemon Server] - 2024-07-08T14:18:01.801Z - [REQUEST]: 
[NX Daemon Server] - 2024-07-08T14:18:01.866Z - Time taken for 'hash changed files from watcher' 0.5612500000061118ms
[NX Daemon Server] - 2024-07-08T14:18:05.876Z - [WATCHER]: Processing file changes in outputs
[NX Daemon Server] - 2024-07-08T14:18:05.877Z - [WATCHER]: apps/txb/src/app/page.tsx was modified
[NX Daemon Server] - 2024-07-08T14:18:07.480Z - [REQUEST]: Updated workspace context based on watched changes, recomputing project graph...
[NX Daemon Server] - 2024-07-08T14:18:07.480Z - [REQUEST]: apps/txb/src/app/page.tsx
[NX Daemon Server] - 2024-07-08T14:18:07.480Z - [REQUEST]: 
[NX Daemon Server] - 2024-07-08T14:18:07.535Z - Time taken for 'hash changed files from watcher' 0.6274579999953858ms
[NX Daemon Server] - 2024-07-08T14:18:09.039Z - [WATCHER]: apps/txb/src/app/page.tsx was modified
[NX Daemon Server] - 2024-07-08T14:18:09.039Z - [WATCHER]: Processing file changes in outputs
[NX Daemon Server] - 2024-07-08T14:18:12.241Z - [REQUEST]: Updated workspace context based on watched changes, recomputing project graph...
[NX Daemon Server] - 2024-07-08T14:18:12.241Z - [REQUEST]: apps/txb/src/app/page.tsx
[NX Daemon Server] - 2024-07-08T14:18:12.241Z - [REQUEST]: 
[NX Daemon Server] - 2024-07-08T14:18:12.289Z - Time taken for 'hash changed files from watcher' 0.5998340000005555ms
[NX Daemon Server] - 2024-07-08T14:18:13.616Z - [WATCHER]: _tmp_93820_3c15ab831f99097b470adac1572e9e7d was deleted
[NX Daemon Server] - 2024-07-08T14:18:13.617Z - [WATCHER]: Processing file changes in outputs
[NX Daemon Server] - 2024-07-08T14:18:17.226Z - Established a connection. Number of open connections: 1
[NX Daemon Server] - 2024-07-08T14:18:17.227Z - Closed a connection. Number of open connections: 0
[NX Daemon Server] - 2024-07-08T14:18:17.227Z - Established a connection. Number of open connections: 1
[NX Daemon Server] - 2024-07-08T14:18:17.228Z - [REQUEST]: Client Request for Project Graph Received
[NX Daemon Server] - 2024-07-08T14:18:17.228Z - [REQUEST]: Updated workspace context based on watched changes, recomputing project graph...
[NX Daemon Server] - 2024-07-08T14:18:17.228Z - [REQUEST]: 
[NX Daemon Server] - 2024-07-08T14:18:17.228Z - [REQUEST]: _tmp_93820_3c15ab831f99097b470adac1572e9e7d
[NX Daemon Server] - 2024-07-08T14:18:17.253Z - [REQUEST]: Responding to the client. project-graph
[NX Daemon Server] - 2024-07-08T14:18:17.253Z - Time taken for 'total for creating and serializing project graph' 25.063916999999492ms
[NX Daemon Server] - 2024-07-08T14:18:17.255Z - Done responding to the client project-graph
[NX Daemon Server] - 2024-07-08T14:18:17.255Z - Handled REQUEST_PROJECT_GRAPH. Handling time: 25. Response time: 2.
[NX Daemon Server] - 2024-07-08T14:18:17.268Z - [REQUEST]: Responding to the client. handleHashTasks
[NX Daemon Server] - 2024-07-08T14:18:17.268Z - Done responding to the client handleHashTasks
[NX Daemon Server] - 2024-07-08T14:18:17.269Z - Handled HASH_TASKS. Handling time: 9. Response time: 1.
[NX Daemon Server] - 2024-07-08T14:18:17.622Z - Established a connection. Number of open connections: 2
[NX Daemon Server] - 2024-07-08T14:18:17.623Z - Closed a connection. Number of open connections: 1
[NX Daemon Server] - 2024-07-08T14:18:17.623Z - Established a connection. Number of open connections: 2
[NX Daemon Server] - 2024-07-08T14:18:17.624Z - [REQUEST]: Client Request for Project Graph Received
[NX Daemon Server] - 2024-07-08T14:18:17.624Z - [REQUEST]: Responding to the client. project-graph
[NX Daemon Server] - 2024-07-08T14:18:17.624Z - Time taken for 'total for creating and serializing project graph' 0.055082999999285676ms
[NX Daemon Server] - 2024-07-08T14:18:17.625Z - Done responding to the client project-graph
[NX Daemon Server] - 2024-07-08T14:18:17.625Z - Handled REQUEST_PROJECT_GRAPH. Handling time: 0. Response time: 1.
[NX Daemon Server] - 2024-07-08T14:18:18.017Z - Established a connection. Number of open connections: 3
[NX Daemon Server] - 2024-07-08T14:18:18.017Z - Closed a connection. Number of open connections: 2
[NX Daemon Server] - 2024-07-08T14:18:18.017Z - Established a connection. Number of open connections: 3
[NX Daemon Server] - 2024-07-08T14:18:18.018Z - [REQUEST]: Client Request for Project Graph Received
[NX Daemon Server] - 2024-07-08T14:18:18.018Z - [REQUEST]: Responding to the client. project-graph
[NX Daemon Server] - 2024-07-08T14:18:18.018Z - Time taken for 'total for creating and serializing project graph' 0.04479100000025937ms
[NX Daemon Server] - 2024-07-08T14:18:18.019Z - Done responding to the client project-graph
[NX Daemon Server] - 2024-07-08T14:18:18.019Z - Handled REQUEST_PROJECT_GRAPH. Handling time: 0. Response time: 1.
[NX Daemon Server] - 2024-07-08T14:18:18.045Z - [REQUEST]: Client Request for Project Graph Received
[NX Daemon Server] - 2024-07-08T14:18:18.046Z - [REQUEST]: Responding to the client. project-graph
[NX Daemon Server] - 2024-07-08T14:18:18.046Z - Time taken for 'total for creating and serializing project graph' 0.0882080000010319ms
[NX Daemon Server] - 2024-07-08T14:18:18.047Z - Done responding to the client project-graph
[NX Daemon Server] - 2024-07-08T14:18:18.047Z - Handled REQUEST_PROJECT_GRAPH. Handling time: 1. Response time: 1.
[NX Daemon Server] - 2024-07-08T14:18:18.912Z - [WATCHER]: Processing file changes in outputs
[NX Daemon Server] - 2024-07-08T14:18:19.469Z - [WATCHER]: Processing file changes in outputs
[NX Daemon Server] - 2024-07-08T14:18:19.669Z - [REQUEST]: Client Request for Project Graph Received
[NX Daemon Server] - 2024-07-08T14:18:19.669Z - [REQUEST]: Responding to the client. project-graph
[NX Daemon Server] - 2024-07-08T14:18:19.669Z - Time taken for 'total for creating and serializing project graph' 0.18604199998662807ms
[NX Daemon Server] - 2024-07-08T14:18:19.672Z - Done responding to the client project-graph
[NX Daemon Server] - 2024-07-08T14:18:19.672Z - Handled REQUEST_PROJECT_GRAPH. Handling time: 1. Response time: 3.
[NX Daemon Server] - 2024-07-08T14:18:19.700Z - [WATCHER]: Processing file changes in outputs
[NX Daemon Server] - 2024-07-08T14:18:21.210Z - [WATCHER]: Processing file changes in outputs
[NX Daemon Server] - 2024-07-08T14:18:25.757Z - [WATCHER]: Processing file changes in outputs
[NX Daemon Server] - 2024-07-08T14:18:26.816Z - [WATCHER]: Processing file changes in outputs
[NX Daemon Server] - 2024-07-08T14:18:27.020Z - [WATCHER]: Processing file changes in outputs
[NX Daemon Server] - 2024-07-08T14:18:27.948Z - [WATCHER]: Processing file changes in outputs
[NX Daemon Server] - 2024-07-08T14:18:28.292Z - [WATCHER]: Processing file changes in outputs
[NX Daemon Server] - 2024-07-08T14:18:28.662Z - [WATCHER]: Processing file changes in outputs
[NX Daemon Server] - 2024-07-08T14:18:28.968Z - [WATCHER]: Processing file changes in outputs
[NX Daemon Server] - 2024-07-08T14:18:42.164Z - [WATCHER]: apps/txb/src/components/home.tsx was modified
[NX Daemon Server] - 2024-07-08T14:18:42.164Z - [WATCHER]: Processing file changes in outputs
[NX Daemon Server] - 2024-07-08T14:18:42.266Z - [REQUEST]: Updated workspace context based on watched changes, recomputing project graph...
[NX Daemon Server] - 2024-07-08T14:18:42.266Z - [REQUEST]: apps/txb/src/components/home.tsx
[NX Daemon Server] - 2024-07-08T14:18:42.266Z - [REQUEST]: 
[NX Daemon Server] - 2024-07-08T14:18:42.329Z - [WATCHER]: Processing file changes in outputs
[NX Daemon Server] - 2024-07-08T14:18:42.331Z - Time taken for 'hash changed files from watcher' 0.3612499999871943ms
[NX Daemon Server] - 2024-07-08T14:18:42.370Z - [WATCHER]: Processing file changes in outputs
[NX Daemon Server] - 2024-07-08T14:18:43.714Z - [WATCHER]: apps/txb/src/components/home.tsx was modified
[NX Daemon Server] - 2024-07-08T14:18:43.714Z - [WATCHER]: Processing file changes in outputs
[NX Daemon Server] - 2024-07-08T14:18:43.790Z - [WATCHER]: Processing file changes in outputs
[NX Daemon Server] - 2024-07-08T14:18:43.915Z - [REQUEST]: Updated workspace context based on watched changes, recomputing project graph...
[NX Daemon Server] - 2024-07-08T14:18:43.915Z - [REQUEST]: apps/txb/src/components/home.tsx
[NX Daemon Server] - 2024-07-08T14:18:43.915Z - [REQUEST]: 
[NX Daemon Server] - 2024-07-08T14:18:43.962Z - Time taken for 'hash changed files from watcher' 0.4850000000005821ms
[NX Daemon Server] - 2024-07-08T14:18:46.086Z - [WATCHER]: apps/txb/src/components/home.tsx was modified
[NX Daemon Server] - 2024-07-08T14:18:46.086Z - [WATCHER]: Processing file changes in outputs
[NX Daemon Server] - 2024-07-08T14:18:46.156Z - [WATCHER]: Processing file changes in outputs
[NX Daemon Server] - 2024-07-08T14:18:46.487Z - [REQUEST]: Updated workspace context based on watched changes, recomputing project graph...
[NX Daemon Server] - 2024-07-08T14:18:46.488Z - [REQUEST]: apps/txb/src/components/home.tsx
[NX Daemon Server] - 2024-07-08T14:18:46.488Z - [REQUEST]: 
[NX Daemon Server] - 2024-07-08T14:18:46.541Z - Time taken for 'hash changed files from watcher' 0.5449999999982538ms
[NX Daemon Server] - 2024-07-08T14:18:50.261Z - [WATCHER]: apps/txb/src/components/home.tsx was modified
[NX Daemon Server] - 2024-07-08T14:18:50.261Z - [WATCHER]: Processing file changes in outputs
[NX Daemon Server] - 2024-07-08T14:18:50.346Z - [WATCHER]: Processing file changes in outputs
[NX Daemon Server] - 2024-07-08T14:18:51.063Z - [REQUEST]: Updated workspace context based on watched changes, recomputing project graph...
[NX Daemon Server] - 2024-07-08T14:18:51.063Z - [REQUEST]: apps/txb/src/components/home.tsx
[NX Daemon Server] - 2024-07-08T14:18:51.063Z - [REQUEST]: 
[NX Daemon Server] - 2024-07-08T14:18:51.116Z - Time taken for 'hash changed files from watcher' 0.8505420000001322ms
[NX Daemon Server] - 2024-07-08T14:19:01.735Z - Closed a connection. Number of open connections: 2
[NX Daemon Server] - 2024-07-08T14:19:01.745Z - Closed a connection. Number of open connections: 1
[NX Daemon Server] - 2024-07-08T14:19:01.747Z - [REQUEST]: Responding to the client. recordOutputsHash
[NX Daemon Server] - 2024-07-08T14:19:01.747Z - Done responding to the client recordOutputsHash
[NX Daemon Server] - 2024-07-08T14:19:01.747Z - Handled RECORD_OUTPUTS_HASH. Handling time: 0. Response time: 0.
[NX Daemon Server] - 2024-07-08T14:19:01.751Z - Closed a connection. Number of open connections: 0
[NX Daemon Server] - 2024-07-08T14:19:01.798Z - [WATCHER]: Processing file changes in outputs
[NX Daemon Server] - 2024-07-08T14:19:02.110Z - Established a connection. Number of open connections: 1
[NX Daemon Server] - 2024-07-08T14:19:02.110Z - Closed a connection. Number of open connections: 0
[NX Daemon Server] - 2024-07-08T14:19:02.110Z - Established a connection. Number of open connections: 1
[NX Daemon Server] - 2024-07-08T14:19:02.111Z - [REQUEST]: Client Request for Project Graph Received
[NX Daemon Server] - 2024-07-08T14:19:02.111Z - [REQUEST]: Responding to the client. project-graph
[NX Daemon Server] - 2024-07-08T14:19:02.112Z - Time taken for 'total for creating and serializing project graph' 0.16150000000197906ms
[NX Daemon Server] - 2024-07-08T14:19:02.113Z - Done responding to the client project-graph
[NX Daemon Server] - 2024-07-08T14:19:02.113Z - Handled REQUEST_PROJECT_GRAPH. Handling time: 0. Response time: 2.
[NX Daemon Server] - 2024-07-08T14:19:02.395Z - [WATCHER]: _tmp_93910_a4eeeb6e36375e55b01e07629b63b06f was deleted
[NX Daemon Server] - 2024-07-08T14:19:02.395Z - [WATCHER]: Processing file changes in outputs
[NX Daemon Server] - 2024-07-08T14:19:02.497Z - [REQUEST]: Updated workspace context based on watched changes, recomputing project graph...
[NX Daemon Server] - 2024-07-08T14:19:02.497Z - [REQUEST]: 
[NX Daemon Server] - 2024-07-08T14:19:02.497Z - [REQUEST]: _tmp_93910_a4eeeb6e36375e55b01e07629b63b06f
[NX Daemon Server] - 2024-07-08T14:19:02.523Z - Time taken for 'hash changed files from watcher' 0.1632089999911841ms
[NX Daemon Server] - 2024-07-08T14:19:03.394Z - Closed a connection. Number of open connections: 0
[NX Daemon Server] - 2024-07-08T14:19:03.451Z - [WATCHER]: Processing file changes in outputs
[NX Daemon Server] - 2024-07-08T14:19:05.554Z - Established a connection. Number of open connections: 1
[NX Daemon Server] - 2024-07-08T14:19:05.555Z - Closed a connection. Number of open connections: 0
[NX Daemon Server] - 2024-07-08T14:19:05.555Z - Established a connection. Number of open connections: 1
[NX Daemon Server] - 2024-07-08T14:19:05.556Z - [REQUEST]: Client Request for Project Graph Received
[NX Daemon Server] - 2024-07-08T14:19:05.556Z - [REQUEST]: Responding to the client. project-graph
[NX Daemon Server] - 2024-07-08T14:19:05.556Z - Time taken for 'total for creating and serializing project graph' 0.0902079999941634ms
[NX Daemon Server] - 2024-07-08T14:19:05.558Z - Done responding to the client project-graph
[NX Daemon Server] - 2024-07-08T14:19:05.559Z - Handled REQUEST_PROJECT_GRAPH. Handling time: 0. Response time: 3.
[NX Daemon Server] - 2024-07-08T14:19:05.572Z - [REQUEST]: Responding to the client. handleHashTasks
[NX Daemon Server] - 2024-07-08T14:19:05.572Z - Done responding to the client handleHashTasks
[NX Daemon Server] - 2024-07-08T14:19:05.572Z - Handled HASH_TASKS. Handling time: 9. Response time: 0.
[NX Daemon Server] - 2024-07-08T14:19:05.875Z - Established a connection. Number of open connections: 2
[NX Daemon Server] - 2024-07-08T14:19:05.875Z - Closed a connection. Number of open connections: 1
[NX Daemon Server] - 2024-07-08T14:19:05.875Z - Established a connection. Number of open connections: 2
[NX Daemon Server] - 2024-07-08T14:19:05.876Z - [REQUEST]: Client Request for Project Graph Received
[NX Daemon Server] - 2024-07-08T14:19:05.876Z - [REQUEST]: Responding to the client. project-graph
[NX Daemon Server] - 2024-07-08T14:19:05.876Z - Time taken for 'total for creating and serializing project graph' 0.045874999996158294ms
[NX Daemon Server] - 2024-07-08T14:19:05.878Z - Done responding to the client project-graph
[NX Daemon Server] - 2024-07-08T14:19:05.878Z - Handled REQUEST_PROJECT_GRAPH. Handling time: 0. Response time: 2.
[NX Daemon Server] - 2024-07-08T14:19:06.252Z - Established a connection. Number of open connections: 3
[NX Daemon Server] - 2024-07-08T14:19:06.252Z - Closed a connection. Number of open connections: 2
[NX Daemon Server] - 2024-07-08T14:19:06.252Z - Established a connection. Number of open connections: 3
[NX Daemon Server] - 2024-07-08T14:19:06.253Z - [REQUEST]: Client Request for Project Graph Received
[NX Daemon Server] - 2024-07-08T14:19:06.253Z - [REQUEST]: Responding to the client. project-graph
[NX Daemon Server] - 2024-07-08T14:19:06.253Z - Time taken for 'total for creating and serializing project graph' 0.04175000000395812ms
[NX Daemon Server] - 2024-07-08T14:19:06.254Z - Done responding to the client project-graph
[NX Daemon Server] - 2024-07-08T14:19:06.254Z - Handled REQUEST_PROJECT_GRAPH. Handling time: 0. Response time: 1.
[NX Daemon Server] - 2024-07-08T14:19:06.280Z - [REQUEST]: Client Request for Project Graph Received
[NX Daemon Server] - 2024-07-08T14:19:06.280Z - [REQUEST]: Responding to the client. project-graph
[NX Daemon Server] - 2024-07-08T14:19:06.280Z - Time taken for 'total for creating and serializing project graph' 0.0932500000053551ms
[NX Daemon Server] - 2024-07-08T14:19:06.281Z - Done responding to the client project-graph
[NX Daemon Server] - 2024-07-08T14:19:06.281Z - Handled REQUEST_PROJECT_GRAPH. Handling time: 0. Response time: 1.
[NX Daemon Server] - 2024-07-08T14:19:07.116Z - [WATCHER]: Processing file changes in outputs
[NX Daemon Server] - 2024-07-08T14:19:07.346Z - [WATCHER]: Processing file changes in outputs
[NX Daemon Server] - 2024-07-08T14:19:07.555Z - [REQUEST]: Client Request for Project Graph Received
[NX Daemon Server] - 2024-07-08T14:19:07.555Z - [REQUEST]: Responding to the client. project-graph
[NX Daemon Server] - 2024-07-08T14:19:07.555Z - Time taken for 'total for creating and serializing project graph' 0.09199999998963904ms
[NX Daemon Server] - 2024-07-08T14:19:07.558Z - Done responding to the client project-graph
[NX Daemon Server] - 2024-07-08T14:19:07.558Z - Handled REQUEST_PROJECT_GRAPH. Handling time: 0. Response time: 3.
[NX Daemon Server] - 2024-07-08T14:19:07.586Z - [WATCHER]: Processing file changes in outputs
[NX Daemon Server] - 2024-07-08T14:19:10.662Z - [WATCHER]: Processing file changes in outputs
[NX Daemon Server] - 2024-07-08T14:19:11.317Z - [WATCHER]: Processing file changes in outputs
[NX Daemon Server] - 2024-07-08T14:19:11.513Z - [WATCHER]: Processing file changes in outputs
[NX Daemon Server] - 2024-07-08T14:19:11.775Z - [WATCHER]: Processing file changes in outputs
[NX Daemon Server] - 2024-07-08T14:19:11.924Z - [WATCHER]: Processing file changes in outputs
[NX Daemon Server] - 2024-07-08T14:19:12.583Z - [WATCHER]: Processing file changes in outputs
[NX Daemon Server] - 2024-07-08T14:19:12.677Z - [WATCHER]: Processing file changes in outputs
[NX Daemon Server] - 2024-07-08T14:19:12.786Z - [WATCHER]: Processing file changes in outputs
[NX Daemon Server] - 2024-07-08T14:19:40.141Z - [WATCHER]: apps/txb/src/app/page.tsx was modified
[NX Daemon Server] - 2024-07-08T14:19:40.142Z - [WATCHER]: Processing file changes in outputs
[NX Daemon Server] - 2024-07-08T14:19:40.244Z - [REQUEST]: Updated workspace context based on watched changes, recomputing project graph...
[NX Daemon Server] - 2024-07-08T14:19:40.244Z - [REQUEST]: apps/txb/src/app/page.tsx
[NX Daemon Server] - 2024-07-08T14:19:40.244Z - [REQUEST]: 
[NX Daemon Server] - 2024-07-08T14:19:40.305Z - [WATCHER]: Processing file changes in outputs
[NX Daemon Server] - 2024-07-08T14:19:40.306Z - Time taken for 'hash changed files from watcher' 0.36262499997974373ms
[NX Daemon Server] - 2024-07-08T14:19:40.361Z - [WATCHER]: Processing file changes in outputs
[NX Daemon Server] - 2024-07-08T14:19:41.994Z - [WATCHER]: apps/txb/src/app/page.tsx was modified
[NX Daemon Server] - 2024-07-08T14:19:41.994Z - [WATCHER]: Processing file changes in outputs
[NX Daemon Server] - 2024-07-08T14:19:42.092Z - [WATCHER]: Processing file changes in outputs
[NX Daemon Server] - 2024-07-08T14:19:42.196Z - [REQUEST]: Updated workspace context based on watched changes, recomputing project graph...
[NX Daemon Server] - 2024-07-08T14:19:42.196Z - [REQUEST]: apps/txb/src/app/page.tsx
[NX Daemon Server] - 2024-07-08T14:19:42.196Z - [REQUEST]: 
[NX Daemon Server] - 2024-07-08T14:19:42.234Z - Time taken for 'hash changed files from watcher' 0.20991700000013225ms
[NX Daemon Server] - 2024-07-08T14:19:45.660Z - [WATCHER]: apps/txb/src/app/page.tsx was modified
[NX Daemon Server] - 2024-07-08T14:19:45.660Z - [WATCHER]: Processing file changes in outputs
[NX Daemon Server] - 2024-07-08T14:19:45.714Z - [WATCHER]: Processing file changes in outputs
[NX Daemon Server] - 2024-07-08T14:19:46.063Z - [REQUEST]: Updated workspace context based on watched changes, recomputing project graph...
[NX Daemon Server] - 2024-07-08T14:19:46.063Z - [REQUEST]: apps/txb/src/app/page.tsx
[NX Daemon Server] - 2024-07-08T14:19:46.063Z - [REQUEST]: 
[NX Daemon Server] - 2024-07-08T14:19:46.117Z - Time taken for 'hash changed files from watcher' 1.0648329999821726ms
[NX Daemon Server] - 2024-07-08T14:19:48.660Z - [WATCHER]: apps/txb/src/app/page.tsx was modified
[NX Daemon Server] - 2024-07-08T14:19:48.660Z - [WATCHER]: Processing file changes in outputs
[NX Daemon Server] - 2024-07-08T14:19:48.712Z - [WATCHER]: Processing file changes in outputs
[NX Daemon Server] - 2024-07-08T14:19:48.770Z - [WATCHER]: Processing file changes in outputs
[NX Daemon Server] - 2024-07-08T14:19:49.462Z - [REQUEST]: Updated workspace context based on watched changes, recomputing project graph...
[NX Daemon Server] - 2024-07-08T14:19:49.462Z - [REQUEST]: apps/txb/src/app/page.tsx
[NX Daemon Server] - 2024-07-08T14:19:49.462Z - [REQUEST]: 
[NX Daemon Server] - 2024-07-08T14:19:49.513Z - Time taken for 'hash changed files from watcher' 0.5765419999952428ms
[NX Daemon Server] - 2024-07-08T14:19:59.001Z - [WATCHER]: apps/txb/src/app/page.tsx was modified
[NX Daemon Server] - 2024-07-08T14:19:59.001Z - [WATCHER]: Processing file changes in outputs
[NX Daemon Server] - 2024-07-08T14:19:59.057Z - [WATCHER]: Processing file changes in outputs
[NX Daemon Server] - 2024-07-08T14:20:00.603Z - [REQUEST]: Updated workspace context based on watched changes, recomputing project graph...
[NX Daemon Server] - 2024-07-08T14:20:00.603Z - [REQUEST]: apps/txb/src/app/page.tsx
[NX Daemon Server] - 2024-07-08T14:20:00.603Z - [REQUEST]: 
[NX Daemon Server] - 2024-07-08T14:20:00.659Z - Time taken for 'hash changed files from watcher' 0.4983749999955762ms
[NX Daemon Server] - 2024-07-08T14:20:01.410Z - [WATCHER]: apps/txb/src/app/page.tsx was modified
[NX Daemon Server] - 2024-07-08T14:20:01.410Z - [WATCHER]: Processing file changes in outputs
[NX Daemon Server] - 2024-07-08T14:20:01.465Z - [WATCHER]: Processing file changes in outputs
[NX Daemon Server] - 2024-07-08T14:20:04.613Z - [REQUEST]: Updated workspace context based on watched changes, recomputing project graph...
[NX Daemon Server] - 2024-07-08T14:20:04.613Z - [REQUEST]: apps/txb/src/app/page.tsx
[NX Daemon Server] - 2024-07-08T14:20:04.613Z - [REQUEST]: 
[NX Daemon Server] - 2024-07-08T14:20:04.677Z - Time taken for 'hash changed files from watcher' 0.5108340000151657ms
[NX Daemon Server] - 2024-07-08T14:20:04.974Z - [WATCHER]: apps/txb/src/app/page.tsx was modified
[NX Daemon Server] - 2024-07-08T14:20:04.974Z - [WATCHER]: Processing file changes in outputs
[NX Daemon Server] - 2024-07-08T14:20:05.050Z - [WATCHER]: Processing file changes in outputs
[NX Daemon Server] - 2024-07-08T14:20:11.376Z - [REQUEST]: Updated workspace context based on watched changes, recomputing project graph...
[NX Daemon Server] - 2024-07-08T14:20:11.376Z - [REQUEST]: apps/txb/src/app/page.tsx
[NX Daemon Server] - 2024-07-08T14:20:11.376Z - [REQUEST]: 
[NX Daemon Server] - 2024-07-08T14:20:11.430Z - Time taken for 'hash changed files from watcher' 0.5115410000144038ms
[NX Daemon Server] - 2024-07-08T14:20:13.783Z - [WATCHER]: apps/txb/src/app/page.tsx was modified
[NX Daemon Server] - 2024-07-08T14:20:13.783Z - [WATCHER]: Processing file changes in outputs
[NX Daemon Server] - 2024-07-08T14:20:13.870Z - [WATCHER]: Processing file changes in outputs
[NX Daemon Server] - 2024-07-08T14:20:20.185Z - [REQUEST]: Updated workspace context based on watched changes, recomputing project graph...
[NX Daemon Server] - 2024-07-08T14:20:20.186Z - [REQUEST]: apps/txb/src/app/page.tsx
[NX Daemon Server] - 2024-07-08T14:20:20.186Z - [REQUEST]: 
[NX Daemon Server] - 2024-07-08T14:20:20.237Z - Time taken for 'hash changed files from watcher' 0.5171670000127051ms
[NX Daemon Server] - 2024-07-08T14:20:24.025Z - [WATCHER]: Processing file changes in outputs
[NX Daemon Server] - 2024-07-08T14:20:24.026Z - [WATCHER]: apps/txb/src/components/home.tsx was modified
[NX Daemon Server] - 2024-07-08T14:20:24.183Z - [WATCHER]: Processing file changes in outputs
[NX Daemon Server] - 2024-07-08T14:20:24.289Z - [WATCHER]: Processing file changes in outputs
[NX Daemon Server] - 2024-07-08T14:20:30.429Z - [REQUEST]: Updated workspace context based on watched changes, recomputing project graph...
[NX Daemon Server] - 2024-07-08T14:20:30.429Z - [REQUEST]: apps/txb/src/components/home.tsx
[NX Daemon Server] - 2024-07-08T14:20:30.429Z - [REQUEST]: 
[NX Daemon Server] - 2024-07-08T14:20:30.485Z - Time taken for 'hash changed files from watcher' 0.7682499999937136ms
[NX Daemon Server] - 2024-07-08T14:20:32.886Z - [WATCHER]: apps/txb/src/components/home.tsx was modified
[NX Daemon Server] - 2024-07-08T14:20:32.886Z - [WATCHER]: Processing file changes in outputs
[NX Daemon Server] - 2024-07-08T14:20:32.961Z - [WATCHER]: Processing file changes in outputs
[NX Daemon Server] - 2024-07-08T14:20:39.096Z - [WATCHER]: apps/txb/src/components/home.tsx was modified
[NX Daemon Server] - 2024-07-08T14:20:39.097Z - [WATCHER]: Processing file changes in outputs
[NX Daemon Server] - 2024-07-08T14:20:39.170Z - [WATCHER]: Processing file changes in outputs
[NX Daemon Server] - 2024-07-08T14:20:39.287Z - [REQUEST]: Updated workspace context based on watched changes, recomputing project graph...
[NX Daemon Server] - 2024-07-08T14:20:39.287Z - [REQUEST]: apps/txb/src/components/home.tsx
[NX Daemon Server] - 2024-07-08T14:20:39.287Z - [REQUEST]: 
[NX Daemon Server] - 2024-07-08T14:20:39.358Z - Time taken for 'hash changed files from watcher' 0.23099999999976717ms
[NX Daemon Server] - 2024-07-08T14:20:41.685Z - [WATCHER]: apps/txb/src/components/home.tsx was modified
[NX Daemon Server] - 2024-07-08T14:20:41.685Z - [WATCHER]: Processing file changes in outputs
[NX Daemon Server] - 2024-07-08T14:20:41.775Z - [WATCHER]: Processing file changes in outputs
[NX Daemon Server] - 2024-07-08T14:20:48.087Z - [REQUEST]: Updated workspace context based on watched changes, recomputing project graph...
[NX Daemon Server] - 2024-07-08T14:20:48.087Z - [REQUEST]: apps/txb/src/components/home.tsx
[NX Daemon Server] - 2024-07-08T14:20:48.087Z - [REQUEST]: 
[NX Daemon Server] - 2024-07-08T14:20:48.146Z - Time taken for 'hash changed files from watcher' 0.6885829999810085ms
[NX Daemon Server] - 2024-07-08T14:20:49.971Z - [WATCHER]: apps/txb/src/components/home.tsx was modified
[NX Daemon Server] - 2024-07-08T14:20:49.971Z - [WATCHER]: Processing file changes in outputs
[NX Daemon Server] - 2024-07-08T14:20:50.038Z - [WATCHER]: Processing file changes in outputs
[NX Daemon Server] - 2024-07-08T14:20:50.093Z - [WATCHER]: Processing file changes in outputs
[NX Daemon Server] - 2024-07-08T14:20:52.961Z - [WATCHER]: apps/txb/src/components/home.tsx was modified
[NX Daemon Server] - 2024-07-08T14:20:52.961Z - [WATCHER]: Processing file changes in outputs
[NX Daemon Server] - 2024-07-08T14:20:53.061Z - [WATCHER]: Processing file changes in outputs
[NX Daemon Server] - 2024-07-08T14:20:54.163Z - [WATCHER]: Processing file changes in outputs
[NX Daemon Server] - 2024-07-08T14:20:54.273Z - [WATCHER]: Processing file changes in outputs
[NX Daemon Server] - 2024-07-08T14:20:54.386Z - [WATCHER]: Processing file changes in outputs
[NX Daemon Server] - 2024-07-08T14:20:56.077Z - [WATCHER]: apps/txb/src/components/home.tsx was modified
[NX Daemon Server] - 2024-07-08T14:20:56.077Z - [WATCHER]: Processing file changes in outputs
[NX Daemon Server] - 2024-07-08T14:20:56.192Z - [WATCHER]: Processing file changes in outputs
[NX Daemon Server] - 2024-07-08T14:20:56.373Z - [REQUEST]: Updated workspace context based on watched changes, recomputing project graph...
[NX Daemon Server] - 2024-07-08T14:20:56.374Z - [REQUEST]: apps/txb/src/components/home.tsx
[NX Daemon Server] - 2024-07-08T14:20:56.374Z - [REQUEST]: 
[NX Daemon Server] - 2024-07-08T14:20:56.421Z - Time taken for 'hash changed files from watcher' 0.24329099999158643ms
[NX Daemon Server] - 2024-07-08T14:20:57.099Z - [WATCHER]: apps/txb/src/components/home.tsx was modified
[NX Daemon Server] - 2024-07-08T14:20:57.099Z - [WATCHER]: Processing file changes in outputs
[NX Daemon Server] - 2024-07-08T14:20:57.155Z - [WATCHER]: Processing file changes in outputs
[NX Daemon Server] - 2024-07-08T14:21:01.749Z - [WATCHER]: apps/txb/src/components/home.tsx was modified
[NX Daemon Server] - 2024-07-08T14:21:01.749Z - [WATCHER]: Processing file changes in outputs
[NX Daemon Server] - 2024-07-08T14:21:01.820Z - [WATCHER]: Processing file changes in outputs
[NX Daemon Server] - 2024-07-08T14:21:03.501Z - [REQUEST]: Updated workspace context based on watched changes, recomputing project graph...
[NX Daemon Server] - 2024-07-08T14:21:03.502Z - [REQUEST]: apps/txb/src/components/home.tsx
[NX Daemon Server] - 2024-07-08T14:21:03.502Z - [REQUEST]: 
[NX Daemon Server] - 2024-07-08T14:21:03.557Z - Time taken for 'hash changed files from watcher' 1.0962909999943804ms
[NX Daemon Server] - 2024-07-08T14:21:04.996Z - [WATCHER]: apps/txb/src/components/home.tsx was modified
[NX Daemon Server] - 2024-07-08T14:21:04.996Z - [WATCHER]: Processing file changes in outputs
[NX Daemon Server] - 2024-07-08T14:21:05.063Z - [WATCHER]: Processing file changes in outputs
[NX Daemon Server] - 2024-07-08T14:21:06.121Z - [WATCHER]: apps/txb/src/components/home.tsx was modified
[NX Daemon Server] - 2024-07-08T14:21:06.121Z - [WATCHER]: Processing file changes in outputs
[NX Daemon Server] - 2024-07-08T14:21:06.157Z - [WATCHER]: Processing file changes in outputs
[NX Daemon Server] - 2024-07-08T14:21:11.336Z - [REQUEST]: Updated workspace context based on watched changes, recomputing project graph...
[NX Daemon Server] - 2024-07-08T14:21:11.336Z - [REQUEST]: apps/txb/src/components/home.tsx
[NX Daemon Server] - 2024-07-08T14:21:11.336Z - [REQUEST]: 
[NX Daemon Server] - 2024-07-08T14:21:11.396Z - Time taken for 'hash changed files from watcher' 1.0119589999958407ms
[NX Daemon Server] - 2024-07-08T14:21:11.440Z - [WATCHER]: apps/txb/src/components/home.tsx was modified
[NX Daemon Server] - 2024-07-08T14:21:11.440Z - [WATCHER]: Processing file changes in outputs
[NX Daemon Server] - 2024-07-08T14:21:11.491Z - [WATCHER]: Processing file changes in outputs
[NX Daemon Server] - 2024-07-08T14:21:13.666Z - [WATCHER]: apps/txb/src/components/home.tsx was modified
[NX Daemon Server] - 2024-07-08T14:21:13.666Z - [WATCHER]: Processing file changes in outputs
[NX Daemon Server] - 2024-07-08T14:21:13.738Z - [WATCHER]: Processing file changes in outputs
[NX Daemon Server] - 2024-07-08T14:21:15.266Z - [WATCHER]: apps/txb/src/components/home.tsx was modified
[NX Daemon Server] - 2024-07-08T14:21:15.266Z - [WATCHER]: Processing file changes in outputs
[NX Daemon Server] - 2024-07-08T14:21:15.376Z - [WATCHER]: Processing file changes in outputs
[NX Daemon Server] - 2024-07-08T14:21:17.841Z - [REQUEST]: Updated workspace context based on watched changes, recomputing project graph...
[NX Daemon Server] - 2024-07-08T14:21:17.842Z - [REQUEST]: apps/txb/src/components/home.tsx
[NX Daemon Server] - 2024-07-08T14:21:17.842Z - [REQUEST]: 
[NX Daemon Server] - 2024-07-08T14:21:17.899Z - Time taken for 'hash changed files from watcher' 0.4204159999790136ms
[NX Daemon Server] - 2024-07-08T14:21:23.421Z - [WATCHER]: apps/txb/src/components/home.tsx was modified
[NX Daemon Server] - 2024-07-08T14:21:23.421Z - [WATCHER]: Processing file changes in outputs
[NX Daemon Server] - 2024-07-08T14:21:23.491Z - [WATCHER]: Processing file changes in outputs
[NX Daemon Server] - 2024-07-08T14:21:29.313Z - [WATCHER]: apps/txb/src/components/home.tsx was modified
[NX Daemon Server] - 2024-07-08T14:21:29.313Z - [WATCHER]: Processing file changes in outputs
[NX Daemon Server] - 2024-07-08T14:21:29.395Z - [WATCHER]: Processing file changes in outputs
[NX Daemon Server] - 2024-07-08T14:21:29.824Z - [REQUEST]: Updated workspace context based on watched changes, recomputing project graph...
[NX Daemon Server] - 2024-07-08T14:21:29.824Z - [REQUEST]: apps/txb/src/components/home.tsx
[NX Daemon Server] - 2024-07-08T14:21:29.824Z - [REQUEST]: 
[NX Daemon Server] - 2024-07-08T14:21:29.894Z - Time taken for 'hash changed files from watcher' 2.0700829999987036ms
[NX Daemon Server] - 2024-07-08T14:21:33.510Z - [WATCHER]: apps/txb/src/components/home.tsx was modified
[NX Daemon Server] - 2024-07-08T14:21:33.510Z - [WATCHER]: Processing file changes in outputs
[NX Daemon Server] - 2024-07-08T14:21:33.581Z - [WATCHER]: Processing file changes in outputs
[NX Daemon Server] - 2024-07-08T14:21:39.182Z - [WATCHER]: apps/txb/src/components/home.tsx was modified
[NX Daemon Server] - 2024-07-08T14:21:39.182Z - [WATCHER]: Processing file changes in outputs
[NX Daemon Server] - 2024-07-08T14:21:39.249Z - [WATCHER]: Processing file changes in outputs
[NX Daemon Server] - 2024-07-08T14:21:39.914Z - [REQUEST]: Updated workspace context based on watched changes, recomputing project graph...
[NX Daemon Server] - 2024-07-08T14:21:39.915Z - [REQUEST]: apps/txb/src/components/home.tsx
[NX Daemon Server] - 2024-07-08T14:21:39.915Z - [REQUEST]: 
[NX Daemon Server] - 2024-07-08T14:21:39.973Z - Time taken for 'hash changed files from watcher' 1.231666000036057ms
[NX Daemon Server] - 2024-07-08T14:21:43.652Z - [WATCHER]: apps/txb/src/components/home.tsx was modified
[NX Daemon Server] - 2024-07-08T14:21:43.652Z - [WATCHER]: Processing file changes in outputs
[NX Daemon Server] - 2024-07-08T14:21:43.718Z - [WATCHER]: Processing file changes in outputs
[NX Daemon Server] - 2024-07-08T14:21:43.771Z - [WATCHER]: Processing file changes in outputs
[NX Daemon Server] - 2024-07-08T14:21:45.899Z - [WATCHER]: apps/txb/src/components/home.tsx was modified
[NX Daemon Server] - 2024-07-08T14:21:45.900Z - [WATCHER]: Processing file changes in outputs
[NX Daemon Server] - 2024-07-08T14:21:45.966Z - [WATCHER]: Processing file changes in outputs
[NX Daemon Server] - 2024-07-08T14:21:46.019Z - [WATCHER]: Processing file changes in outputs
[NX Daemon Server] - 2024-07-08T14:21:50.055Z - [REQUEST]: Updated workspace context based on watched changes, recomputing project graph...
[NX Daemon Server] - 2024-07-08T14:21:50.055Z - [REQUEST]: apps/txb/src/components/home.tsx
[NX Daemon Server] - 2024-07-08T14:21:50.055Z - [REQUEST]: 
[NX Daemon Server] - 2024-07-08T14:21:50.103Z - Time taken for 'hash changed files from watcher' 1.1755830000038259ms
[NX Daemon Server] - 2024-07-08T14:21:58.367Z - [WATCHER]: apps/txb/src/components/home.tsx was modified
[NX Daemon Server] - 2024-07-08T14:21:58.367Z - [WATCHER]: Processing file changes in outputs
[NX Daemon Server] - 2024-07-08T14:21:58.461Z - [WATCHER]: Processing file changes in outputs
[NX Daemon Server] - 2024-07-08T14:22:01.744Z - [WATCHER]: apps/txb/src/components/home.tsx was modified
[NX Daemon Server] - 2024-07-08T14:22:01.744Z - [WATCHER]: Processing file changes in outputs
[NX Daemon Server] - 2024-07-08T14:22:01.808Z - [WATCHER]: Processing file changes in outputs
[NX Daemon Server] - 2024-07-08T14:22:04.656Z - [WATCHER]: apps/txb/src/components/home.tsx was modified
[NX Daemon Server] - 2024-07-08T14:22:04.656Z - [WATCHER]: Processing file changes in outputs
[NX Daemon Server] - 2024-07-08T14:22:04.739Z - [WATCHER]: Processing file changes in outputs
[NX Daemon Server] - 2024-07-08T14:22:04.768Z - [REQUEST]: Updated workspace context based on watched changes, recomputing project graph...
[NX Daemon Server] - 2024-07-08T14:22:04.768Z - [REQUEST]: apps/txb/src/components/home.tsx
[NX Daemon Server] - 2024-07-08T14:22:04.768Z - [REQUEST]: 
[NX Daemon Server] - 2024-07-08T14:22:04.812Z - Time taken for 'hash changed files from watcher' 0.5080839999718592ms
[NX Daemon Server] - 2024-07-08T14:23:04.806Z - [WATCHER]: Processing file changes in outputs
[NX Daemon Server] - 2024-07-08T14:23:04.862Z - [WATCHER]: Processing file changes in outputs
[NX Daemon Server] - 2024-07-08T14:23:04.934Z - [WATCHER]: Processing file changes in outputs
[NX Daemon Server] - 2024-07-08T14:23:05.001Z - [WATCHER]: Processing file changes in outputs
[NX Daemon Server] - 2024-07-08T14:23:47.923Z - [WATCHER]: apps/txb/src/app/page.tsx was modified
[NX Daemon Server] - 2024-07-08T14:23:47.923Z - [WATCHER]: Processing file changes in outputs
[NX Daemon Server] - 2024-07-08T14:23:48.073Z - [WATCHER]: Processing file changes in outputs
[NX Daemon Server] - 2024-07-08T14:23:48.160Z - [WATCHER]: Processing file changes in outputs
[NX Daemon Server] - 2024-07-08T14:23:53.461Z - [WATCHER]: apps/txb/src/app/page.tsx was modified
[NX Daemon Server] - 2024-07-08T14:23:53.461Z - [WATCHER]: Processing file changes in outputs
[NX Daemon Server] - 2024-07-08T14:23:53.536Z - [WATCHER]: Processing file changes in outputs
[NX Daemon Server] - 2024-07-08T14:23:53.607Z - [WATCHER]: Processing file changes in outputs
[NX Daemon Server] - 2024-07-08T14:23:54.233Z - [WATCHER]: Processing file changes in outputs
[NX Daemon Server] - 2024-07-08T14:23:54.326Z - [REQUEST]: Updated workspace context based on watched changes, recomputing project graph...
[NX Daemon Server] - 2024-07-08T14:23:54.326Z - [REQUEST]: apps/txb/src/app/page.tsx
[NX Daemon Server] - 2024-07-08T14:23:54.326Z - [REQUEST]: 
[NX Daemon Server] - 2024-07-08T14:23:54.397Z - Time taken for 'hash changed files from watcher' 0.803249999997206ms
[NX Daemon Server] - 2024-07-08T14:23:54.657Z - [WATCHER]: Processing file changes in outputs
[NX Daemon Server] - 2024-07-08T14:23:55.062Z - [WATCHER]: apps/txb/src/app/page.tsx was modified
[NX Daemon Server] - 2024-07-08T14:23:55.062Z - [WATCHER]: Processing file changes in outputs
[NX Daemon Server] - 2024-07-08T14:23:55.160Z - [WATCHER]: Processing file changes in outputs
[NX Daemon Server] - 2024-07-08T14:23:55.378Z - [WATCHER]: Processing file changes in outputs
[NX Daemon Server] - 2024-07-08T14:23:55.437Z - [WATCHER]: Processing file changes in outputs
[NX Daemon Server] - 2024-07-08T14:23:56.538Z - [WATCHER]: Processing file changes in outputs
[NX Daemon Server] - 2024-07-08T14:23:56.963Z - [WATCHER]: Processing file changes in outputs
[NX Daemon Server] - 2024-07-08T14:23:57.136Z - [WATCHER]: Processing file changes in outputs
[NX Daemon Server] - 2024-07-08T14:23:57.236Z - [WATCHER]: Processing file changes in outputs
[NX Daemon Server] - 2024-07-08T14:23:57.388Z - [WATCHER]: Processing file changes in outputs
[NX Daemon Server] - 2024-07-08T14:23:58.247Z - [WATCHER]: apps/txb/src/app/page.tsx was modified
[NX Daemon Server] - 2024-07-08T14:23:58.248Z - [WATCHER]: Processing file changes in outputs
[NX Daemon Server] - 2024-07-08T14:23:58.443Z - [WATCHER]: Processing file changes in outputs
[NX Daemon Server] - 2024-07-08T14:23:59.562Z - [WATCHER]: apps/txb/src/app/page.tsx was modified
[NX Daemon Server] - 2024-07-08T14:23:59.563Z - [WATCHER]: Processing file changes in outputs
[NX Daemon Server] - 2024-07-08T14:23:59.634Z - [WATCHER]: Processing file changes in outputs
[NX Daemon Server] - 2024-07-08T14:23:59.694Z - [WATCHER]: Processing file changes in outputs
[NX Daemon Server] - 2024-07-08T14:24:01.464Z - [REQUEST]: Updated workspace context based on watched changes, recomputing project graph...
[NX Daemon Server] - 2024-07-08T14:24:01.465Z - [REQUEST]: apps/txb/src/app/page.tsx
[NX Daemon Server] - 2024-07-08T14:24:01.465Z - [REQUEST]: 
[NX Daemon Server] - 2024-07-08T14:24:01.529Z - Time taken for 'hash changed files from watcher' 0.7422500000102445ms
[NX Daemon Server] - 2024-07-08T14:24:02.249Z - [WATCHER]: apps/txb/src/app/page.tsx was modified
[NX Daemon Server] - 2024-07-08T14:24:02.249Z - [WATCHER]: Processing file changes in outputs
[NX Daemon Server] - 2024-07-08T14:24:02.303Z - [WATCHER]: Processing file changes in outputs
[NX Daemon Server] - 2024-07-08T14:24:08.651Z - [REQUEST]: Updated workspace context based on watched changes, recomputing project graph...
[NX Daemon Server] - 2024-07-08T14:24:08.651Z - [REQUEST]: apps/txb/src/app/page.tsx
[NX Daemon Server] - 2024-07-08T14:24:08.651Z - [REQUEST]: 
[NX Daemon Server] - 2024-07-08T14:24:08.702Z - Time taken for 'hash changed files from watcher' 0.976375000027474ms
[NX Daemon Server] - 2024-07-08T14:24:37.016Z - [WATCHER]: apps/txb/src/components/home.tsx was modified
[NX Daemon Server] - 2024-07-08T14:24:37.016Z - [WATCHER]: Processing file changes in outputs
[NX Daemon Server] - 2024-07-08T14:24:37.143Z - [WATCHER]: Processing file changes in outputs
[NX Daemon Server] - 2024-07-08T14:24:40.872Z - [WATCHER]: apps/txb/src/components/home.tsx was modified
[NX Daemon Server] - 2024-07-08T14:24:40.872Z - [WATCHER]: Processing file changes in outputs
[NX Daemon Server] - 2024-07-08T14:24:40.951Z - [WATCHER]: Processing file changes in outputs
[NX Daemon Server] - 2024-07-08T14:24:41.006Z - [WATCHER]: Processing file changes in outputs
[NX Daemon Server] - 2024-07-08T14:24:43.419Z - [REQUEST]: Updated workspace context based on watched changes, recomputing project graph...
[NX Daemon Server] - 2024-07-08T14:24:43.420Z - [REQUEST]: apps/txb/src/components/home.tsx
[NX Daemon Server] - 2024-07-08T14:24:43.421Z - [REQUEST]: 
[NX Daemon Server] - 2024-07-08T14:24:43.488Z - Time taken for 'hash changed files from watcher' 2.2090839999727905ms
[NX Daemon Server] - 2024-07-08T14:24:43.606Z - [WATCHER]: apps/txb/src/components/home.tsx was modified
[NX Daemon Server] - 2024-07-08T14:24:43.606Z - [WATCHER]: Processing file changes in outputs
[NX Daemon Server] - 2024-07-08T14:24:43.687Z - [WATCHER]: Processing file changes in outputs
[NX Daemon Server] - 2024-07-08T14:24:43.914Z - [WATCHER]: Processing file changes in outputs
[NX Daemon Server] - 2024-07-08T14:24:43.967Z - [WATCHER]: Processing file changes in outputs
[NX Daemon Server] - 2024-07-08T14:24:49.095Z - [WATCHER]: apps/txb/src/components/home.tsx was modified
[NX Daemon Server] - 2024-07-08T14:24:49.095Z - [WATCHER]: Processing file changes in outputs
[NX Daemon Server] - 2024-07-08T14:24:49.177Z - [WATCHER]: Processing file changes in outputs
[NX Daemon Server] - 2024-07-08T14:24:50.008Z - [REQUEST]: Updated workspace context based on watched changes, recomputing project graph...
[NX Daemon Server] - 2024-07-08T14:24:50.008Z - [REQUEST]: apps/txb/src/components/home.tsx
[NX Daemon Server] - 2024-07-08T14:24:50.009Z - [REQUEST]: 
[NX Daemon Server] - 2024-07-08T14:24:50.068Z - Time taken for 'hash changed files from watcher' 0.5764170000329614ms
[NX Daemon Server] - 2024-07-08T14:24:50.299Z - [WATCHER]: apps/txb/src/components/home.tsx was modified
[NX Daemon Server] - 2024-07-08T14:24:50.299Z - [WATCHER]: Processing file changes in outputs
[NX Daemon Server] - 2024-07-08T14:24:50.375Z - [WATCHER]: Processing file changes in outputs
[NX Daemon Server] - 2024-07-08T14:24:50.442Z - [WATCHER]: Processing file changes in outputs
[NX Daemon Server] - 2024-07-08T14:24:56.701Z - [REQUEST]: Updated workspace context based on watched changes, recomputing project graph...
[NX Daemon Server] - 2024-07-08T14:24:56.701Z - [REQUEST]: apps/txb/src/components/home.tsx
[NX Daemon Server] - 2024-07-08T14:24:56.701Z - [REQUEST]: 
[NX Daemon Server] - 2024-07-08T14:24:56.755Z - Time taken for 'hash changed files from watcher' 0.40358300000661984ms
[NX Daemon Server] - 2024-07-08T14:24:57.731Z - [WATCHER]: apps/txb/src/components/home.tsx was modified
[NX Daemon Server] - 2024-07-08T14:24:57.732Z - [WATCHER]: Processing file changes in outputs
[NX Daemon Server] - 2024-07-08T14:24:57.814Z - [WATCHER]: Processing file changes in outputs
[NX Daemon Server] - 2024-07-08T14:25:00.203Z - [WATCHER]: apps/txb/src/components/home.tsx was modified
[NX Daemon Server] - 2024-07-08T14:25:00.204Z - [WATCHER]: Processing file changes in outputs
[NX Daemon Server] - 2024-07-08T14:25:00.277Z - [WATCHER]: Processing file changes in outputs
[NX Daemon Server] - 2024-07-08T14:25:04.133Z - [REQUEST]: Updated workspace context based on watched changes, recomputing project graph...
[NX Daemon Server] - 2024-07-08T14:25:04.133Z - [REQUEST]: apps/txb/src/components/home.tsx
[NX Daemon Server] - 2024-07-08T14:25:04.133Z - [REQUEST]: 
[NX Daemon Server] - 2024-07-08T14:25:04.175Z - Time taken for 'hash changed files from watcher' 0.41241699998499826ms
[NX Daemon Server] - 2024-07-08T14:25:08.267Z - [WATCHER]: apps/txb/src/components/home.tsx was modified
[NX Daemon Server] - 2024-07-08T14:25:08.267Z - [WATCHER]: Processing file changes in outputs
[NX Daemon Server] - 2024-07-08T14:25:08.454Z - [WATCHER]: Processing file changes in outputs
[NX Daemon Server] - 2024-07-08T14:25:13.229Z - [WATCHER]: Processing file changes in outputs
[NX Daemon Server] - 2024-07-08T14:25:13.231Z - [WATCHER]: apps/txb/src/components/home.tsx was modified
[NX Daemon Server] - 2024-07-08T14:25:13.285Z - [WATCHER]: Processing file changes in outputs
[NX Daemon Server] - 2024-07-08T14:25:13.337Z - [WATCHER]: Processing file changes in outputs
[NX Daemon Server] - 2024-07-08T14:25:13.390Z - [WATCHER]: Processing file changes in outputs
[NX Daemon Server] - 2024-07-08T14:25:14.668Z - [REQUEST]: Updated workspace context based on watched changes, recomputing project graph...
[NX Daemon Server] - 2024-07-08T14:25:14.669Z - [REQUEST]: apps/txb/src/components/home.tsx
[NX Daemon Server] - 2024-07-08T14:25:14.669Z - [REQUEST]: 
[NX Daemon Server] - 2024-07-08T14:25:14.739Z - Time taken for 'hash changed files from watcher' 0.388042000005953ms
[NX Daemon Server] - 2024-07-08T14:25:15.146Z - [WATCHER]: apps/txb/src/components/home.tsx was modified
[NX Daemon Server] - 2024-07-08T14:25:15.146Z - [WATCHER]: Processing file changes in outputs
[NX Daemon Server] - 2024-07-08T14:25:15.203Z - [WATCHER]: Processing file changes in outputs
[NX Daemon Server] - 2024-07-08T14:25:15.256Z - [WATCHER]: Processing file changes in outputs
[NX Daemon Server] - 2024-07-08T14:25:18.797Z - [WATCHER]: apps/txb/src/components/home.tsx was modified
[NX Daemon Server] - 2024-07-08T14:25:18.797Z - [WATCHER]: Processing file changes in outputs
[NX Daemon Server] - 2024-07-08T14:25:18.849Z - [WATCHER]: Processing file changes in outputs
[NX Daemon Server] - 2024-07-08T14:25:20.233Z - [WATCHER]: apps/txb/src/components/home.tsx was modified
[NX Daemon Server] - 2024-07-08T14:25:20.233Z - [WATCHER]: Processing file changes in outputs
[NX Daemon Server] - 2024-07-08T14:25:20.353Z - [WATCHER]: Processing file changes in outputs
[NX Daemon Server] - 2024-07-08T14:25:21.421Z - [WATCHER]: apps/txb/src/components/home.tsx was modified
[NX Daemon Server] - 2024-07-08T14:25:21.421Z - [WATCHER]: Processing file changes in outputs
[NX Daemon Server] - 2024-07-08T14:25:21.487Z - [WATCHER]: Processing file changes in outputs
[NX Daemon Server] - 2024-07-08T14:25:21.539Z - [WATCHER]: Processing file changes in outputs
[NX Daemon Server] - 2024-07-08T14:25:21.547Z - [REQUEST]: Updated workspace context based on watched changes, recomputing project graph...
[NX Daemon Server] - 2024-07-08T14:25:21.547Z - [REQUEST]: apps/txb/src/components/home.tsx
[NX Daemon Server] - 2024-07-08T14:25:21.547Z - [REQUEST]: 
[NX Daemon Server] - 2024-07-08T14:25:21.628Z - Time taken for 'hash changed files from watcher' 0.23462499998277053ms
[NX Daemon Server] - 2024-07-08T14:25:36.118Z - [WATCHER]: apps/txb/src/components/home.tsx was modified
[NX Daemon Server] - 2024-07-08T14:25:36.118Z - [WATCHER]: Processing file changes in outputs
[NX Daemon Server] - 2024-07-08T14:25:36.201Z - [WATCHER]: Processing file changes in outputs
[NX Daemon Server] - 2024-07-08T14:25:37.884Z - [WATCHER]: apps/txb/src/components/home.tsx was modified
[NX Daemon Server] - 2024-07-08T14:25:37.885Z - [WATCHER]: Processing file changes in outputs
[NX Daemon Server] - 2024-07-08T14:25:37.965Z - [WATCHER]: Processing file changes in outputs
[NX Daemon Server] - 2024-07-08T14:25:38.017Z - [WATCHER]: Processing file changes in outputs
[NX Daemon Server] - 2024-07-08T14:25:39.736Z - [WATCHER]: apps/txb/src/components/home.tsx was modified
[NX Daemon Server] - 2024-07-08T14:25:39.736Z - [WATCHER]: Processing file changes in outputs
[NX Daemon Server] - 2024-07-08T14:25:39.855Z - [WATCHER]: Processing file changes in outputs
[NX Daemon Server] - 2024-07-08T14:25:41.781Z - [WATCHER]: apps/txb/src/components/home.tsx was modified
[NX Daemon Server] - 2024-07-08T14:25:41.781Z - [WATCHER]: Processing file changes in outputs
[NX Daemon Server] - 2024-07-08T14:25:41.835Z - [WATCHER]: Processing file changes in outputs
[NX Daemon Server] - 2024-07-08T14:25:41.897Z - [WATCHER]: Processing file changes in outputs
[NX Daemon Server] - 2024-07-08T14:25:42.520Z - [REQUEST]: Updated workspace context based on watched changes, recomputing project graph...
[NX Daemon Server] - 2024-07-08T14:25:42.520Z - [REQUEST]: apps/txb/src/components/home.tsx
[NX Daemon Server] - 2024-07-08T14:25:42.520Z - [REQUEST]: 
[NX Daemon Server] - 2024-07-08T14:25:42.581Z - Time taken for 'hash changed files from watcher' 0.8417919999919832ms
[NX Daemon Server] - 2024-07-08T14:25:44.058Z - [WATCHER]: apps/txb/src/components/home.tsx was modified
[NX Daemon Server] - 2024-07-08T14:25:44.058Z - [WATCHER]: Processing file changes in outputs
[NX Daemon Server] - 2024-07-08T14:25:44.131Z - [WATCHER]: Processing file changes in outputs
[NX Daemon Server] - 2024-07-08T14:25:47.995Z - [WATCHER]: apps/txb/src/components/home.tsx was modified
[NX Daemon Server] - 2024-07-08T14:25:47.995Z - [WATCHER]: Processing file changes in outputs
[NX Daemon Server] - 2024-07-08T14:25:48.078Z - [WATCHER]: Processing file changes in outputs
[NX Daemon Server] - 2024-07-08T14:25:48.133Z - [WATCHER]: Processing file changes in outputs
[NX Daemon Server] - 2024-07-08T14:25:50.460Z - [REQUEST]: Updated workspace context based on watched changes, recomputing project graph...
[NX Daemon Server] - 2024-07-08T14:25:50.460Z - [REQUEST]: apps/txb/src/components/home.tsx
[NX Daemon Server] - 2024-07-08T14:25:50.460Z - [REQUEST]: 
[NX Daemon Server] - 2024-07-08T14:25:50.520Z - Time taken for 'hash changed files from watcher' 0.5189580000005662ms
[NX Daemon Server] - 2024-07-08T14:25:56.231Z - [WATCHER]: apps/txb/src/components/home.tsx was modified
[NX Daemon Server] - 2024-07-08T14:25:56.231Z - [WATCHER]: Processing file changes in outputs
[NX Daemon Server] - 2024-07-08T14:25:56.288Z - [WATCHER]: Processing file changes in outputs
[NX Daemon Server] - 2024-07-08T14:25:56.341Z - [WATCHER]: Processing file changes in outputs
[NX Daemon Server] - 2024-07-08T14:25:59.190Z - [WATCHER]: apps/txb/src/components/home.tsx was modified
[NX Daemon Server] - 2024-07-08T14:25:59.192Z - [WATCHER]: Processing file changes in outputs
[NX Daemon Server] - 2024-07-08T14:25:59.311Z - [WATCHER]: Processing file changes in outputs
[NX Daemon Server] - 2024-07-08T14:26:02.633Z - [REQUEST]: Updated workspace context based on watched changes, recomputing project graph...
[NX Daemon Server] - 2024-07-08T14:26:02.633Z - [REQUEST]: apps/txb/src/components/home.tsx
[NX Daemon Server] - 2024-07-08T14:26:02.633Z - [REQUEST]: 
[NX Daemon Server] - 2024-07-08T14:26:02.692Z - Time taken for 'hash changed files from watcher' 0.5878329999977723ms
[NX Daemon Server] - 2024-07-08T14:26:03.913Z - [WATCHER]: apps/txb/src/components/home.tsx was modified
[NX Daemon Server] - 2024-07-08T14:26:03.913Z - [WATCHER]: Processing file changes in outputs
[NX Daemon Server] - 2024-07-08T14:26:03.983Z - [WATCHER]: Processing file changes in outputs
[NX Daemon Server] - 2024-07-08T14:26:05.098Z - [WATCHER]: apps/txb/src/components/home.tsx was modified
[NX Daemon Server] - 2024-07-08T14:26:05.098Z - [WATCHER]: Processing file changes in outputs
[NX Daemon Server] - 2024-07-08T14:26:05.176Z - [WATCHER]: Processing file changes in outputs
[NX Daemon Server] - 2024-07-08T14:26:08.288Z - [WATCHER]: apps/txb/src/components/home.tsx was modified
[NX Daemon Server] - 2024-07-08T14:26:08.288Z - [WATCHER]: Processing file changes in outputs
[NX Daemon Server] - 2024-07-08T14:26:09.683Z - [WATCHER]: apps/txb/src/components/home.tsx was modified
[NX Daemon Server] - 2024-07-08T14:26:09.683Z - [WATCHER]: Processing file changes in outputs
[NX Daemon Server] - 2024-07-08T14:26:09.783Z - [WATCHER]: Processing file changes in outputs
[NX Daemon Server] - 2024-07-08T14:26:10.314Z - [REQUEST]: Updated workspace context based on watched changes, recomputing project graph...
[NX Daemon Server] - 2024-07-08T14:26:10.314Z - [REQUEST]: apps/txb/src/components/home.tsx
[NX Daemon Server] - 2024-07-08T14:26:10.314Z - [REQUEST]: 
[NX Daemon Server] - 2024-07-08T14:26:10.380Z - Time taken for 'hash changed files from watcher' 0.6778749999357387ms
[NX Daemon Server] - 2024-07-08T14:26:11.450Z - [WATCHER]: apps/txb/src/components/home.tsx was modified
[NX Daemon Server] - 2024-07-08T14:26:11.450Z - [WATCHER]: Processing file changes in outputs
[NX Daemon Server] - 2024-07-08T14:26:11.519Z - [WATCHER]: Processing file changes in outputs
[NX Daemon Server] - 2024-07-08T14:26:11.581Z - [WATCHER]: Processing file changes in outputs
[NX Daemon Server] - 2024-07-08T14:26:13.680Z - [WATCHER]: apps/txb/src/components/home.tsx was modified
[NX Daemon Server] - 2024-07-08T14:26:13.680Z - [WATCHER]: Processing file changes in outputs
[NX Daemon Server] - 2024-07-08T14:26:13.766Z - [WATCHER]: Processing file changes in outputs
[NX Daemon Server] - 2024-07-08T14:26:13.825Z - [WATCHER]: Processing file changes in outputs
[NX Daemon Server] - 2024-07-08T14:26:16.241Z - [WATCHER]: apps/txb/src/components/home.tsx was modified
[NX Daemon Server] - 2024-07-08T14:26:16.241Z - [WATCHER]: Processing file changes in outputs
[NX Daemon Server] - 2024-07-08T14:26:16.315Z - [WATCHER]: Processing file changes in outputs
[NX Daemon Server] - 2024-07-08T14:26:17.467Z - [WATCHER]: apps/txb/src/components/home.tsx was modified
[NX Daemon Server] - 2024-07-08T14:26:17.467Z - [WATCHER]: Processing file changes in outputs
[NX Daemon Server] - 2024-07-08T14:26:17.522Z - [WATCHER]: Processing file changes in outputs
[NX Daemon Server] - 2024-07-08T14:26:17.851Z - [REQUEST]: Updated workspace context based on watched changes, recomputing project graph...
[NX Daemon Server] - 2024-07-08T14:26:17.851Z - [REQUEST]: apps/txb/src/components/home.tsx
[NX Daemon Server] - 2024-07-08T14:26:17.851Z - [REQUEST]: 
[NX Daemon Server] - 2024-07-08T14:26:17.889Z - Time taken for 'hash changed files from watcher' 0.23858399991877377ms
[NX Daemon Server] - 2024-07-08T14:26:23.970Z - [WATCHER]: apps/txb/src/components/home.tsx was modified
[NX Daemon Server] - 2024-07-08T14:26:23.970Z - [WATCHER]: Processing file changes in outputs
[NX Daemon Server] - 2024-07-08T14:26:24.048Z - [WATCHER]: Processing file changes in outputs
[NX Daemon Server] - 2024-07-08T14:26:25.400Z - [WATCHER]: apps/txb/src/components/home.tsx was modified
[NX Daemon Server] - 2024-07-08T14:26:25.401Z - [WATCHER]: Processing file changes in outputs
[NX Daemon Server] - 2024-07-08T14:26:25.459Z - [WATCHER]: Processing file changes in outputs
[NX Daemon Server] - 2024-07-08T14:26:25.511Z - [WATCHER]: Processing file changes in outputs
[NX Daemon Server] - 2024-07-08T14:26:29.281Z - [WATCHER]: apps/txb/src/components/home.tsx was modified
[NX Daemon Server] - 2024-07-08T14:26:29.281Z - [WATCHER]: Processing file changes in outputs
[NX Daemon Server] - 2024-07-08T14:26:29.355Z - [WATCHER]: Processing file changes in outputs
[NX Daemon Server] - 2024-07-08T14:26:29.439Z - [WATCHER]: Processing file changes in outputs
[NX Daemon Server] - 2024-07-08T14:26:30.371Z - [REQUEST]: Updated workspace context based on watched changes, recomputing project graph...
[NX Daemon Server] - 2024-07-08T14:26:30.372Z - [REQUEST]: apps/txb/src/components/home.tsx
[NX Daemon Server] - 2024-07-08T14:26:30.372Z - [REQUEST]: 
[NX Daemon Server] - 2024-07-08T14:26:30.428Z - Time taken for 'hash changed files from watcher' 0.4790420000208542ms
[NX Daemon Server] - 2024-07-08T14:26:31.431Z - [WATCHER]: apps/txb/src/components/home.tsx was modified
[NX Daemon Server] - 2024-07-08T14:26:31.432Z - [WATCHER]: Processing file changes in outputs
[NX Daemon Server] - 2024-07-08T14:26:31.511Z - [WATCHER]: Processing file changes in outputs
[NX Daemon Server] - 2024-07-08T14:26:37.833Z - [REQUEST]: Updated workspace context based on watched changes, recomputing project graph...
[NX Daemon Server] - 2024-07-08T14:26:37.834Z - [REQUEST]: apps/txb/src/components/home.tsx
[NX Daemon Server] - 2024-07-08T14:26:37.834Z - [REQUEST]: 
[NX Daemon Server] - 2024-07-08T14:26:37.897Z - Time taken for 'hash changed files from watcher' 0.39941600000020117ms
[NX Daemon Server] - 2024-07-08T14:26:38.797Z - [WATCHER]: Processing file changes in outputs
[NX Daemon Server] - 2024-07-08T14:26:38.797Z - [WATCHER]: apps/txb/src/components/home.tsx was modified
[NX Daemon Server] - 2024-07-08T14:26:38.900Z - [WATCHER]: Processing file changes in outputs
[NX Daemon Server] - 2024-07-08T14:26:38.992Z - [WATCHER]: Processing file changes in outputs
[NX Daemon Server] - 2024-07-08T14:26:45.203Z - [REQUEST]: Updated workspace context based on watched changes, recomputing project graph...
[NX Daemon Server] - 2024-07-08T14:26:45.204Z - [REQUEST]: apps/txb/src/components/home.tsx
[NX Daemon Server] - 2024-07-08T14:26:45.204Z - [REQUEST]: 
[NX Daemon Server] - 2024-07-08T14:26:45.271Z - Time taken for 'hash changed files from watcher' 2.2163750000763685ms
[NX Daemon Server] - 2024-07-08T14:27:22.849Z - [WATCHER]: apps/txb/src/components/home.tsx was modified
[NX Daemon Server] - 2024-07-08T14:27:22.850Z - [WATCHER]: Processing file changes in outputs
[NX Daemon Server] - 2024-07-08T14:27:22.994Z - [WATCHER]: Processing file changes in outputs
[NX Daemon Server] - 2024-07-08T14:27:23.047Z - [WATCHER]: Processing file changes in outputs
[NX Daemon Server] - 2024-07-08T14:27:27.176Z - [WATCHER]: apps/txb/src/components/home.tsx was modified
[NX Daemon Server] - 2024-07-08T14:27:27.176Z - [WATCHER]: Processing file changes in outputs
[NX Daemon Server] - 2024-07-08T14:27:27.282Z - [WATCHER]: Processing file changes in outputs
[NX Daemon Server] - 2024-07-08T14:27:27.342Z - [WATCHER]: Processing file changes in outputs
[NX Daemon Server] - 2024-07-08T14:27:29.253Z - [REQUEST]: Updated workspace context based on watched changes, recomputing project graph...
[NX Daemon Server] - 2024-07-08T14:27:29.254Z - [REQUEST]: apps/txb/src/components/home.tsx
[NX Daemon Server] - 2024-07-08T14:27:29.254Z - [REQUEST]: 
[NX Daemon Server] - 2024-07-08T14:27:29.320Z - Time taken for 'hash changed files from watcher' 1.7220000000670552ms
[NX Daemon Server] - 2024-07-08T14:27:29.886Z - [WATCHER]: apps/txb/src/components/home.tsx was modified
[NX Daemon Server] - 2024-07-08T14:27:29.886Z - [WATCHER]: Processing file changes in outputs
[NX Daemon Server] - 2024-07-08T14:27:29.963Z - [WATCHER]: Processing file changes in outputs
[NX Daemon Server] - 2024-07-08T14:27:32.563Z - [WATCHER]: apps/txb/src/components/home.tsx was modified
[NX Daemon Server] - 2024-07-08T14:27:32.563Z - [WATCHER]: Processing file changes in outputs
[NX Daemon Server] - 2024-07-08T14:27:32.638Z - [WATCHER]: Processing file changes in outputs
[NX Daemon Server] - 2024-07-08T14:27:36.287Z - [REQUEST]: Updated workspace context based on watched changes, recomputing project graph...
[NX Daemon Server] - 2024-07-08T14:27:36.287Z - [REQUEST]: apps/txb/src/components/home.tsx
[NX Daemon Server] - 2024-07-08T14:27:36.287Z - [REQUEST]: 
[NX Daemon Server] - 2024-07-08T14:27:36.362Z - Time taken for 'hash changed files from watcher' 0.5922919999575242ms
[NX Daemon Server] - 2024-07-08T14:27:56.688Z - [WATCHER]: apps/txb/src/components/home.tsx was modified
[NX Daemon Server] - 2024-07-08T14:27:56.689Z - [WATCHER]: Processing file changes in outputs
[NX Daemon Server] - 2024-07-08T14:27:56.802Z - [WATCHER]: Processing file changes in outputs
[NX Daemon Server] - 2024-07-08T14:27:56.863Z - [WATCHER]: Processing file changes in outputs
[NX Daemon Server] - 2024-07-08T14:27:59.948Z - [WATCHER]: apps/txb/src/components/home.tsx was modified
[NX Daemon Server] - 2024-07-08T14:27:59.948Z - [WATCHER]: Processing file changes in outputs
[NX Daemon Server] - 2024-07-08T14:28:00.009Z - [WATCHER]: Processing file changes in outputs
[NX Daemon Server] - 2024-07-08T14:28:00.062Z - [WATCHER]: Processing file changes in outputs
[NX Daemon Server] - 2024-07-08T14:28:01.015Z - [WATCHER]: apps/txb/src/components/home.tsx was modified
[NX Daemon Server] - 2024-07-08T14:28:01.015Z - [WATCHER]: Processing file changes in outputs
[NX Daemon Server] - 2024-07-08T14:28:01.090Z - [WATCHER]: Processing file changes in outputs
[NX Daemon Server] - 2024-07-08T14:28:03.090Z - [REQUEST]: Updated workspace context based on watched changes, recomputing project graph...
[NX Daemon Server] - 2024-07-08T14:28:03.090Z - [REQUEST]: apps/txb/src/components/home.tsx
[NX Daemon Server] - 2024-07-08T14:28:03.090Z - [REQUEST]: 
[NX Daemon Server] - 2024-07-08T14:28:03.157Z - Time taken for 'hash changed files from watcher' 0.6590420000720769ms
[NX Daemon Server] - 2024-07-08T14:28:04.685Z - [WATCHER]: apps/txb/src/components/home.tsx was modified
[NX Daemon Server] - 2024-07-08T14:28:04.685Z - [WATCHER]: Processing file changes in outputs
[NX Daemon Server] - 2024-07-08T14:28:04.763Z - [WATCHER]: Processing file changes in outputs
[NX Daemon Server] - 2024-07-08T14:28:09.458Z - [WATCHER]: apps/txb/src/components/home.tsx was modified
[NX Daemon Server] - 2024-07-08T14:28:09.458Z - [WATCHER]: Processing file changes in outputs
[NX Daemon Server] - 2024-07-08T14:28:09.513Z - [WATCHER]: Processing file changes in outputs
[NX Daemon Server] - 2024-07-08T14:28:09.575Z - [WATCHER]: Processing file changes in outputs
[NX Daemon Server] - 2024-07-08T14:28:11.088Z - [REQUEST]: Updated workspace context based on watched changes, recomputing project graph...
[NX Daemon Server] - 2024-07-08T14:28:11.088Z - [REQUEST]: apps/txb/src/components/home.tsx
[NX Daemon Server] - 2024-07-08T14:28:11.088Z - [REQUEST]: 
[NX Daemon Server] - 2024-07-08T14:28:11.147Z - Time taken for 'hash changed files from watcher' 1.1444579999661073ms
[NX Daemon Server] - 2024-07-08T14:28:12.850Z - [WATCHER]: apps/txb/src/components/home.tsx was modified
[NX Daemon Server] - 2024-07-08T14:28:12.850Z - [WATCHER]: Processing file changes in outputs
[NX Daemon Server] - 2024-07-08T14:28:12.908Z - [WATCHER]: Processing file changes in outputs
[NX Daemon Server] - 2024-07-08T14:28:12.966Z - [WATCHER]: Processing file changes in outputs
[NX Daemon Server] - 2024-07-08T14:28:19.252Z - [REQUEST]: Updated workspace context based on watched changes, recomputing project graph...
[NX Daemon Server] - 2024-07-08T14:28:19.252Z - [REQUEST]: apps/txb/src/components/home.tsx
[NX Daemon Server] - 2024-07-08T14:28:19.252Z - [REQUEST]: 
[NX Daemon Server] - 2024-07-08T14:28:19.320Z - Time taken for 'hash changed files from watcher' 1.052166000008583ms
[NX Daemon Server] - 2024-07-08T14:28:50.171Z - [WATCHER]: apps/txb/src/components/home.tsx was modified
[NX Daemon Server] - 2024-07-08T14:28:50.171Z - [WATCHER]: Processing file changes in outputs
[NX Daemon Server] - 2024-07-08T14:28:50.261Z - [WATCHER]: Processing file changes in outputs
[NX Daemon Server] - 2024-07-08T14:28:50.313Z - [WATCHER]: Processing file changes in outputs
[NX Daemon Server] - 2024-07-08T14:28:50.375Z - [WATCHER]: Processing file changes in outputs
[NX Daemon Server] - 2024-07-08T14:28:51.382Z - [WATCHER]: apps/txb/src/components/home.tsx was modified
[NX Daemon Server] - 2024-07-08T14:28:51.382Z - [WATCHER]: Processing file changes in outputs
[NX Daemon Server] - 2024-07-08T14:28:51.435Z - [WATCHER]: Processing file changes in outputs
[NX Daemon Server] - 2024-07-08T14:28:51.493Z - [WATCHER]: Processing file changes in outputs
[NX Daemon Server] - 2024-07-08T14:28:54.284Z - [WATCHER]: apps/txb/src/components/home.tsx was modified
[NX Daemon Server] - 2024-07-08T14:28:54.284Z - [WATCHER]: Processing file changes in outputs
[NX Daemon Server] - 2024-07-08T14:28:54.361Z - [WATCHER]: Processing file changes in outputs
[NX Daemon Server] - 2024-07-08T14:28:55.526Z - [WATCHER]: apps/txb/src/components/home.tsx was modified
[NX Daemon Server] - 2024-07-08T14:28:55.526Z - [WATCHER]: Processing file changes in outputs
[NX Daemon Server] - 2024-07-08T14:28:55.603Z - [WATCHER]: Processing file changes in outputs
[NX Daemon Server] - 2024-07-08T14:28:56.573Z - [REQUEST]: Updated workspace context based on watched changes, recomputing project graph...
[NX Daemon Server] - 2024-07-08T14:28:56.573Z - [REQUEST]: apps/txb/src/components/home.tsx
[NX Daemon Server] - 2024-07-08T14:28:56.573Z - [REQUEST]: 
[NX Daemon Server] - 2024-07-08T14:28:56.634Z - Time taken for 'hash changed files from watcher' 0.9200420000124723ms
[NX Daemon Server] - 2024-07-08T14:29:03.375Z - [WATCHER]: apps/txb/src/components/home.tsx was modified
[NX Daemon Server] - 2024-07-08T14:29:03.375Z - [WATCHER]: Processing file changes in outputs
[NX Daemon Server] - 2024-07-08T14:29:03.453Z - [WATCHER]: Processing file changes in outputs
[NX Daemon Server] - 2024-07-08T14:29:05.013Z - [WATCHER]: apps/txb/src/components/home.tsx was modified
[NX Daemon Server] - 2024-07-08T14:29:05.013Z - [WATCHER]: Processing file changes in outputs
[NX Daemon Server] - 2024-07-08T14:29:05.092Z - [WATCHER]: Processing file changes in outputs
[NX Daemon Server] - 2024-07-08T14:29:09.778Z - [REQUEST]: Updated workspace context based on watched changes, recomputing project graph...
[NX Daemon Server] - 2024-07-08T14:29:09.778Z - [REQUEST]: apps/txb/src/components/home.tsx
[NX Daemon Server] - 2024-07-08T14:29:09.778Z - [REQUEST]: 
[NX Daemon Server] - 2024-07-08T14:29:09.843Z - Time taken for 'hash changed files from watcher' 0.6552920000394806ms
[NX Daemon Server] - 2024-07-08T14:29:21.366Z - [WATCHER]: apps/txb/src/components/home.tsx was modified
[NX Daemon Server] - 2024-07-08T14:29:21.366Z - [WATCHER]: Processing file changes in outputs
[NX Daemon Server] - 2024-07-08T14:29:21.462Z - [WATCHER]: Processing file changes in outputs
[NX Daemon Server] - 2024-07-08T14:29:21.515Z - [WATCHER]: Processing file changes in outputs
[NX Daemon Server] - 2024-07-08T14:29:21.573Z - [WATCHER]: Processing file changes in outputs
[NX Daemon Server] - 2024-07-08T14:29:22.471Z - [WATCHER]: apps/txb/src/components/home.tsx was modified
[NX Daemon Server] - 2024-07-08T14:29:22.471Z - [WATCHER]: Processing file changes in outputs
[NX Daemon Server] - 2024-07-08T14:29:22.550Z - [WATCHER]: Processing file changes in outputs
[NX Daemon Server] - 2024-07-08T14:29:25.282Z - [WATCHER]: apps/txb/src/components/home.tsx was modified
[NX Daemon Server] - 2024-07-08T14:29:25.282Z - [WATCHER]: Processing file changes in outputs
[NX Daemon Server] - 2024-07-08T14:29:25.362Z - [WATCHER]: Processing file changes in outputs
[NX Daemon Server] - 2024-07-08T14:29:27.560Z - [WATCHER]: apps/txb/src/components/home.tsx was modified
[NX Daemon Server] - 2024-07-08T14:29:27.560Z - [WATCHER]: Processing file changes in outputs
[NX Daemon Server] - 2024-07-08T14:29:27.615Z - [WATCHER]: Processing file changes in outputs
[NX Daemon Server] - 2024-07-08T14:29:27.668Z - [WATCHER]: Processing file changes in outputs
[NX Daemon Server] - 2024-07-08T14:29:27.767Z - [REQUEST]: Updated workspace context based on watched changes, recomputing project graph...
[NX Daemon Server] - 2024-07-08T14:29:27.767Z - [REQUEST]: apps/txb/src/components/home.tsx
[NX Daemon Server] - 2024-07-08T14:29:27.767Z - [REQUEST]: 
[NX Daemon Server] - 2024-07-08T14:29:27.821Z - Time taken for 'hash changed files from watcher' 0.396125000086613ms
[NX Daemon Server] - 2024-07-08T14:29:51.907Z - [WATCHER]: apps/txb/src/components/home.tsx was modified
[NX Daemon Server] - 2024-07-08T14:29:51.908Z - [WATCHER]: Processing file changes in outputs
[NX Daemon Server] - 2024-07-08T14:29:52.013Z - [WATCHER]: Processing file changes in outputs
[NX Daemon Server] - 2024-07-08T14:29:52.088Z - [WATCHER]: Processing file changes in outputs
[NX Daemon Server] - 2024-07-08T14:29:52.164Z - [WATCHER]: Processing file changes in outputs
[NX Daemon Server] - 2024-07-08T14:29:58.310Z - [REQUEST]: Updated workspace context based on watched changes, recomputing project graph...
[NX Daemon Server] - 2024-07-08T14:29:58.310Z - [REQUEST]: apps/txb/src/components/home.tsx
[NX Daemon Server] - 2024-07-08T14:29:58.310Z - [REQUEST]: 
[NX Daemon Server] - 2024-07-08T14:29:58.384Z - [WATCHER]: apps/txb/src/components/home.tsx was modified
[NX Daemon Server] - 2024-07-08T14:29:58.384Z - [WATCHER]: Processing file changes in outputs
[NX Daemon Server] - 2024-07-08T14:29:58.385Z - Time taken for 'hash changed files from watcher' 0.5267909999238327ms
[NX Daemon Server] - 2024-07-08T14:29:58.453Z - [WATCHER]: Processing file changes in outputs
[NX Daemon Server] - 2024-07-08T14:30:04.787Z - [REQUEST]: Updated workspace context based on watched changes, recomputing project graph...
[NX Daemon Server] - 2024-07-08T14:30:04.787Z - [REQUEST]: apps/txb/src/components/home.tsx
[NX Daemon Server] - 2024-07-08T14:30:04.787Z - [REQUEST]: 
[NX Daemon Server] - 2024-07-08T14:30:04.843Z - Time taken for 'hash changed files from watcher' 1.0982500000391155ms
[NX Daemon Server] - 2024-07-08T14:30:05.559Z - [WATCHER]: apps/txb/src/components/home.tsx was modified
[NX Daemon Server] - 2024-07-08T14:30:05.559Z - [WATCHER]: Processing file changes in outputs
[NX Daemon Server] - 2024-07-08T14:30:05.633Z - [WATCHER]: Processing file changes in outputs
[NX Daemon Server] - 2024-07-08T14:30:09.272Z - [WATCHER]: apps/txb/src/components/home.tsx was modified
[NX Daemon Server] - 2024-07-08T14:30:09.272Z - [WATCHER]: Processing file changes in outputs
[NX Daemon Server] - 2024-07-08T14:30:09.346Z - [WATCHER]: Processing file changes in outputs
[NX Daemon Server] - 2024-07-08T14:30:11.959Z - [REQUEST]: Updated workspace context based on watched changes, recomputing project graph...
[NX Daemon Server] - 2024-07-08T14:30:11.959Z - [REQUEST]: apps/txb/src/components/home.tsx
[NX Daemon Server] - 2024-07-08T14:30:11.959Z - [REQUEST]: 
[NX Daemon Server] - 2024-07-08T14:30:12.013Z - Time taken for 'hash changed files from watcher' 0.431207999936305ms
[NX Daemon Server] - 2024-07-08T14:30:12.758Z - [WATCHER]: apps/txb/src/components/home.tsx was modified
[NX Daemon Server] - 2024-07-08T14:30:12.758Z - [WATCHER]: Processing file changes in outputs
[NX Daemon Server] - 2024-07-08T14:30:12.847Z - [WATCHER]: Processing file changes in outputs
[NX Daemon Server] - 2024-07-08T14:30:15.424Z - [WATCHER]: apps/txb/src/components/home.tsx was modified
[NX Daemon Server] - 2024-07-08T14:30:15.424Z - [WATCHER]: Processing file changes in outputs
[NX Daemon Server] - 2024-07-08T14:30:15.494Z - [WATCHER]: Processing file changes in outputs
[NX Daemon Server] - 2024-07-08T14:30:18.798Z - [WATCHER]: apps/txb/src/components/home.tsx was modified
[NX Daemon Server] - 2024-07-08T14:30:18.798Z - [WATCHER]: Processing file changes in outputs
[NX Daemon Server] - 2024-07-08T14:30:18.870Z - [WATCHER]: Processing file changes in outputs
[NX Daemon Server] - 2024-07-08T14:30:18.923Z - [WATCHER]: Processing file changes in outputs
[NX Daemon Server] - 2024-07-08T14:30:19.160Z - [REQUEST]: Updated workspace context based on watched changes, recomputing project graph...
[NX Daemon Server] - 2024-07-08T14:30:19.160Z - [REQUEST]: apps/txb/src/components/home.tsx
[NX Daemon Server] - 2024-07-08T14:30:19.160Z - [REQUEST]: 
[NX Daemon Server] - 2024-07-08T14:30:19.211Z - Time taken for 'hash changed files from watcher' 0.301041999948211ms
[NX Daemon Server] - 2024-07-08T14:30:37.557Z - [WATCHER]: apps/txb/src/components/home.tsx was modified
[NX Daemon Server] - 2024-07-08T14:30:37.557Z - [WATCHER]: Processing file changes in outputs
[NX Daemon Server] - 2024-07-08T14:30:37.645Z - [WATCHER]: Processing file changes in outputs
[NX Daemon Server] - 2024-07-08T14:30:37.725Z - [WATCHER]: Processing file changes in outputs
[NX Daemon Server] - 2024-07-08T14:30:37.777Z - [WATCHER]: Processing file changes in outputs
[NX Daemon Server] - 2024-07-08T14:30:40.795Z - [WATCHER]: apps/txb/src/components/home.tsx was modified
[NX Daemon Server] - 2024-07-08T14:30:40.795Z - [WATCHER]: Processing file changes in outputs
[NX Daemon Server] - 2024-07-08T14:30:40.880Z - [WATCHER]: Processing file changes in outputs
[NX Daemon Server] - 2024-07-08T14:30:43.964Z - [REQUEST]: Updated workspace context based on watched changes, recomputing project graph...
[NX Daemon Server] - 2024-07-08T14:30:43.964Z - [REQUEST]: apps/txb/src/components/home.tsx
[NX Daemon Server] - 2024-07-08T14:30:43.964Z - [REQUEST]: 
[NX Daemon Server] - 2024-07-08T14:30:44.101Z - Time taken for 'hash changed files from watcher' 3.266416999977082ms
[NX Daemon Server] - 2024-07-08T14:31:05.505Z - [WATCHER]: apps/txb/src/components/home.tsx was modified
[NX Daemon Server] - 2024-07-08T14:31:05.505Z - [WATCHER]: Processing file changes in outputs
[NX Daemon Server] - 2024-07-08T14:31:05.588Z - [WATCHER]: Processing file changes in outputs
[NX Daemon Server] - 2024-07-08T14:31:05.647Z - [WATCHER]: Processing file changes in outputs
[NX Daemon Server] - 2024-07-08T14:31:05.717Z - [WATCHER]: Processing file changes in outputs
[NX Daemon Server] - 2024-07-08T14:31:10.697Z - [WATCHER]: apps/txb/src/components/home.tsx was modified
[NX Daemon Server] - 2024-07-08T14:31:10.697Z - [WATCHER]: Processing file changes in outputs
[NX Daemon Server] - 2024-07-08T14:31:10.790Z - [WATCHER]: Processing file changes in outputs
[NX Daemon Server] - 2024-07-08T14:31:11.907Z - [REQUEST]: Updated workspace context based on watched changes, recomputing project graph...
[NX Daemon Server] - 2024-07-08T14:31:11.908Z - [REQUEST]: apps/txb/src/components/home.tsx
[NX Daemon Server] - 2024-07-08T14:31:11.908Z - [REQUEST]: 
[NX Daemon Server] - 2024-07-08T14:31:11.974Z - Time taken for 'hash changed files from watcher' 0.608291000011377ms
[NX Daemon Server] - 2024-07-08T14:31:29.973Z - [WATCHER]: apps/txb/src/components/home.tsx was modified
[NX Daemon Server] - 2024-07-08T14:31:29.973Z - [WATCHER]: Processing file changes in outputs
[NX Daemon Server] - 2024-07-08T14:31:30.119Z - [WATCHER]: Processing file changes in outputs
[NX Daemon Server] - 2024-07-08T14:31:30.171Z - [WATCHER]: Processing file changes in outputs
[NX Daemon Server] - 2024-07-08T14:31:34.796Z - [WATCHER]: Processing file changes in outputs
[NX Daemon Server] - 2024-07-08T14:31:34.796Z - [WATCHER]: apps/txb/src/components/home.tsx was modified
[NX Daemon Server] - 2024-07-08T14:31:34.881Z - [WATCHER]: Processing file changes in outputs
[NX Daemon Server] - 2024-07-08T14:31:34.936Z - [WATCHER]: Processing file changes in outputs
[NX Daemon Server] - 2024-07-08T14:31:36.375Z - [REQUEST]: Updated workspace context based on watched changes, recomputing project graph...
[NX Daemon Server] - 2024-07-08T14:31:36.375Z - [REQUEST]: apps/txb/src/components/home.tsx
[NX Daemon Server] - 2024-07-08T14:31:36.375Z - [REQUEST]: 
[NX Daemon Server] - 2024-07-08T14:31:36.435Z - Time taken for 'hash changed files from watcher' 0.5812090000836179ms
[NX Daemon Server] - 2024-07-08T14:31:43.666Z - [WATCHER]: apps/txb/src/components/home.tsx was modified
[NX Daemon Server] - 2024-07-08T14:31:43.666Z - [WATCHER]: Processing file changes in outputs
[NX Daemon Server] - 2024-07-08T14:31:43.789Z - [WATCHER]: Processing file changes in outputs
[NX Daemon Server] - 2024-07-08T14:31:50.069Z - [REQUEST]: Updated workspace context based on watched changes, recomputing project graph...
[NX Daemon Server] - 2024-07-08T14:31:50.069Z - [REQUEST]: apps/txb/src/components/home.tsx
[NX Daemon Server] - 2024-07-08T14:31:50.069Z - [REQUEST]: 
[NX Daemon Server] - 2024-07-08T14:31:50.129Z - Time taken for 'hash changed files from watcher' 1.0369589999318123ms
[NX Daemon Server] - 2024-07-08T14:31:50.189Z - [WATCHER]: apps/txb/src/components/home.tsx was modified
[NX Daemon Server] - 2024-07-08T14:31:50.189Z - [WATCHER]: Processing file changes in outputs
[NX Daemon Server] - 2024-07-08T14:31:50.284Z - [WATCHER]: Processing file changes in outputs
[NX Daemon Server] - 2024-07-08T14:31:50.337Z - [WATCHER]: Processing file changes in outputs
[NX Daemon Server] - 2024-07-08T14:31:56.591Z - [REQUEST]: Updated workspace context based on watched changes, recomputing project graph...
[NX Daemon Server] - 2024-07-08T14:31:56.591Z - [REQUEST]: apps/txb/src/components/home.tsx
[NX Daemon Server] - 2024-07-08T14:31:56.591Z - [REQUEST]: 
[NX Daemon Server] - 2024-07-08T14:31:56.647Z - Time taken for 'hash changed files from watcher' 0.6853330000303686ms
[NX Daemon Server] - 2024-07-08T14:32:05.487Z - [WATCHER]: apps/txb/src/components/home.tsx was modified
[NX Daemon Server] - 2024-07-08T14:32:05.487Z - [WATCHER]: Processing file changes in outputs
[NX Daemon Server] - 2024-07-08T14:32:05.599Z - [WATCHER]: Processing file changes in outputs
[NX Daemon Server] - 2024-07-08T14:32:05.683Z - [WATCHER]: Processing file changes in outputs
[NX Daemon Server] - 2024-07-08T14:32:05.739Z - [WATCHER]: Processing file changes in outputs
[NX Daemon Server] - 2024-07-08T14:32:06.938Z - [WATCHER]: apps/txb/src/components/home.tsx was modified
[NX Daemon Server] - 2024-07-08T14:32:06.938Z - [WATCHER]: Processing file changes in outputs
[NX Daemon Server] - 2024-07-08T14:32:07.019Z - [WATCHER]: Processing file changes in outputs
[NX Daemon Server] - 2024-07-08T14:32:11.723Z - [WATCHER]: apps/txb/src/components/home.tsx was modified
[NX Daemon Server] - 2024-07-08T14:32:11.723Z - [WATCHER]: Processing file changes in outputs
[NX Daemon Server] - 2024-07-08T14:32:11.877Z - [WATCHER]: Processing file changes in outputs
[NX Daemon Server] - 2024-07-08T14:32:11.890Z - [REQUEST]: Updated workspace context based on watched changes, recomputing project graph...
[NX Daemon Server] - 2024-07-08T14:32:11.890Z - [REQUEST]: apps/txb/src/components/home.tsx
[NX Daemon Server] - 2024-07-08T14:32:11.890Z - [REQUEST]: 
[NX Daemon Server] - 2024-07-08T14:32:11.963Z - Time taken for 'hash changed files from watcher' 0.5501250000670552ms
[NX Daemon Server] - 2024-07-08T14:32:17.274Z - [WATCHER]: apps/txb/src/components/home.tsx was modified
[NX Daemon Server] - 2024-07-08T14:32:17.274Z - [WATCHER]: Processing file changes in outputs
[NX Daemon Server] - 2024-07-08T14:32:17.344Z - [WATCHER]: Processing file changes in outputs
[NX Daemon Server] - 2024-07-08T14:32:17.483Z - [WATCHER]: Processing file changes in outputs
[NX Daemon Server] - 2024-07-08T14:32:17.538Z - [WATCHER]: Processing file changes in outputs
[NX Daemon Server] - 2024-07-08T14:32:19.873Z - [WATCHER]: apps/txb/src/components/home.tsx was modified
[NX Daemon Server] - 2024-07-08T14:32:19.874Z - [WATCHER]: Processing file changes in outputs
[NX Daemon Server] - 2024-07-08T14:32:20.002Z - [WATCHER]: Processing file changes in outputs
[NX Daemon Server] - 2024-07-08T14:32:20.057Z - [WATCHER]: Processing file changes in outputs
[NX Daemon Server] - 2024-07-08T14:32:23.676Z - [REQUEST]: Updated workspace context based on watched changes, recomputing project graph...
[NX Daemon Server] - 2024-07-08T14:32:23.676Z - [REQUEST]: apps/txb/src/components/home.tsx
[NX Daemon Server] - 2024-07-08T14:32:23.676Z - [REQUEST]: 
[NX Daemon Server] - 2024-07-08T14:32:23.745Z - Time taken for 'hash changed files from watcher' 0.5650419999146834ms
[NX Daemon Server] - 2024-07-08T14:32:27.987Z - [WATCHER]: apps/txb/src/components/home.tsx was modified
[NX Daemon Server] - 2024-07-08T14:32:27.987Z - [WATCHER]: Processing file changes in outputs
[NX Daemon Server] - 2024-07-08T14:32:28.069Z - [WATCHER]: Processing file changes in outputs
[NX Daemon Server] - 2024-07-08T14:32:28.128Z - [WATCHER]: Processing file changes in outputs
[NX Daemon Server] - 2024-07-08T14:32:30.622Z - [WATCHER]: apps/txb/src/components/home.tsx was modified
[NX Daemon Server] - 2024-07-08T14:32:30.622Z - [WATCHER]: Processing file changes in outputs
[NX Daemon Server] - 2024-07-08T14:32:30.765Z - [WATCHER]: Processing file changes in outputs
[NX Daemon Server] - 2024-07-08T14:32:33.571Z - [WATCHER]: apps/txb/src/components/home.tsx was modified
[NX Daemon Server] - 2024-07-08T14:32:33.571Z - [WATCHER]: Processing file changes in outputs
[NX Daemon Server] - 2024-07-08T14:32:33.671Z - [WATCHER]: Processing file changes in outputs
[NX Daemon Server] - 2024-07-08T14:32:33.738Z - [WATCHER]: Processing file changes in outputs
[NX Daemon Server] - 2024-07-08T14:32:34.388Z - [REQUEST]: Updated workspace context based on watched changes, recomputing project graph...
[NX Daemon Server] - 2024-07-08T14:32:34.389Z - [REQUEST]: apps/txb/src/components/home.tsx
[NX Daemon Server] - 2024-07-08T14:32:34.389Z - [REQUEST]: 
[NX Daemon Server] - 2024-07-08T14:32:34.443Z - Time taken for 'hash changed files from watcher' 0.5734999999403954ms
[NX Daemon Server] - 2024-07-08T14:32:36.897Z - [WATCHER]: apps/txb/src/components/home.tsx was modified
[NX Daemon Server] - 2024-07-08T14:32:36.898Z - [WATCHER]: Processing file changes in outputs
[NX Daemon Server] - 2024-07-08T14:32:36.980Z - [WATCHER]: Processing file changes in outputs
[NX Daemon Server] - 2024-07-08T14:32:37.116Z - [WATCHER]: Processing file changes in outputs
[NX Daemon Server] - 2024-07-08T14:32:39.515Z - [WATCHER]: apps/txb/src/components/home.tsx was modified
[NX Daemon Server] - 2024-07-08T14:32:39.515Z - [WATCHER]: Processing file changes in outputs
[NX Daemon Server] - 2024-07-08T14:32:39.580Z - [WATCHER]: Processing file changes in outputs
[NX Daemon Server] - 2024-07-08T14:32:39.632Z - [WATCHER]: Processing file changes in outputs
[NX Daemon Server] - 2024-07-08T14:32:43.301Z - [REQUEST]: Updated workspace context based on watched changes, recomputing project graph...
[NX Daemon Server] - 2024-07-08T14:32:43.301Z - [REQUEST]: apps/txb/src/components/home.tsx
[NX Daemon Server] - 2024-07-08T14:32:43.301Z - [REQUEST]: 
[NX Daemon Server] - 2024-07-08T14:32:43.360Z - Time taken for 'hash changed files from watcher' 1.4603330000536516ms
[NX Daemon Server] - 2024-07-08T14:32:50.484Z - [WATCHER]: Processing file changes in outputs
[NX Daemon Server] - 2024-07-08T14:32:50.484Z - [WATCHER]: apps/txb/src/components/home.tsx was modified
[NX Daemon Server] - 2024-07-08T14:32:50.567Z - [WATCHER]: Processing file changes in outputs
[NX Daemon Server] - 2024-07-08T14:32:50.624Z - [WATCHER]: Processing file changes in outputs
[NX Daemon Server] - 2024-07-08T14:32:53.647Z - [WATCHER]: apps/txb/src/components/home.tsx was modified
[NX Daemon Server] - 2024-07-08T14:32:53.647Z - [WATCHER]: Processing file changes in outputs
[NX Daemon Server] - 2024-07-08T14:32:53.713Z - [WATCHER]: Processing file changes in outputs
[NX Daemon Server] - 2024-07-08T14:32:53.787Z - [WATCHER]: Processing file changes in outputs
[NX Daemon Server] - 2024-07-08T14:32:56.886Z - [REQUEST]: Updated workspace context based on watched changes, recomputing project graph...
[NX Daemon Server] - 2024-07-08T14:32:56.886Z - [REQUEST]: apps/txb/src/components/home.tsx
[NX Daemon Server] - 2024-07-08T14:32:56.886Z - [REQUEST]: 
[NX Daemon Server] - 2024-07-08T14:32:56.956Z - Time taken for 'hash changed files from watcher' 0.6730830000014976ms
[NX Daemon Server] - 2024-07-08T14:33:03.707Z - [WATCHER]: apps/txb/src/components/home.tsx was modified
[NX Daemon Server] - 2024-07-08T14:33:03.707Z - [WATCHER]: Processing file changes in outputs
[NX Daemon Server] - 2024-07-08T14:33:03.819Z - [WATCHER]: Processing file changes in outputs
[NX Daemon Server] - 2024-07-08T14:33:03.872Z - [WATCHER]: Processing file changes in outputs
[NX Daemon Server] - 2024-07-08T14:33:03.937Z - [WATCHER]: Processing file changes in outputs
[NX Daemon Server] - 2024-07-08T14:33:10.109Z - [REQUEST]: Updated workspace context based on watched changes, recomputing project graph...
[NX Daemon Server] - 2024-07-08T14:33:10.110Z - [REQUEST]: apps/txb/src/components/home.tsx
[NX Daemon Server] - 2024-07-08T14:33:10.110Z - [REQUEST]: 
[NX Daemon Server] - 2024-07-08T14:33:10.167Z - Time taken for 'hash changed files from watcher' 0.7726249999832362ms
[NX Daemon Server] - 2024-07-08T14:33:17.016Z - [WATCHER]: apps/txb/src/components/home.tsx was modified
[NX Daemon Server] - 2024-07-08T14:33:17.016Z - [WATCHER]: Processing file changes in outputs
[NX Daemon Server] - 2024-07-08T14:33:17.104Z - [WATCHER]: Processing file changes in outputs
[NX Daemon Server] - 2024-07-08T14:33:17.163Z - [WATCHER]: Processing file changes in outputs
[NX Daemon Server] - 2024-07-08T14:33:17.256Z - [WATCHER]: Processing file changes in outputs
[NX Daemon Server] - 2024-07-08T14:33:18.748Z - [WATCHER]: apps/txb/src/components/home.tsx was modified
[NX Daemon Server] - 2024-07-08T14:33:18.748Z - [WATCHER]: Processing file changes in outputs
[NX Daemon Server] - 2024-07-08T14:33:18.831Z - [WATCHER]: Processing file changes in outputs
[NX Daemon Server] - 2024-07-08T14:33:18.883Z - [WATCHER]: Processing file changes in outputs
[NX Daemon Server] - 2024-07-08T14:33:19.901Z - [WATCHER]: apps/txb/src/components/home.tsx was modified
[NX Daemon Server] - 2024-07-08T14:33:19.902Z - [WATCHER]: Processing file changes in outputs
[NX Daemon Server] - 2024-07-08T14:33:20.005Z - [WATCHER]: Processing file changes in outputs
[NX Daemon Server] - 2024-07-08T14:33:20.072Z - [WATCHER]: Processing file changes in outputs
[NX Daemon Server] - 2024-07-08T14:33:20.128Z - [WATCHER]: Processing file changes in outputs
[NX Daemon Server] - 2024-07-08T14:33:21.355Z - [WATCHER]: apps/txb/src/components/home.tsx was modified
[NX Daemon Server] - 2024-07-08T14:33:21.355Z - [WATCHER]: Processing file changes in outputs
[NX Daemon Server] - 2024-07-08T14:33:21.436Z - [WATCHER]: Processing file changes in outputs
[NX Daemon Server] - 2024-07-08T14:33:21.491Z - [WATCHER]: Processing file changes in outputs
[NX Daemon Server] - 2024-07-08T14:33:23.419Z - [REQUEST]: Updated workspace context based on watched changes, recomputing project graph...
[NX Daemon Server] - 2024-07-08T14:33:23.419Z - [REQUEST]: apps/txb/src/components/home.tsx
[NX Daemon Server] - 2024-07-08T14:33:23.419Z - [REQUEST]: 
[NX Daemon Server] - 2024-07-08T14:33:23.486Z - Time taken for 'hash changed files from watcher' 1.0771669999230653ms
[NX Daemon Server] - 2024-07-08T14:33:26.744Z - [WATCHER]: apps/txb/src/components/home.tsx was modified
[NX Daemon Server] - 2024-07-08T14:33:26.744Z - [WATCHER]: Processing file changes in outputs
[NX Daemon Server] - 2024-07-08T14:33:26.821Z - [WATCHER]: Processing file changes in outputs
[NX Daemon Server] - 2024-07-08T14:33:26.875Z - [WATCHER]: Processing file changes in outputs
[NX Daemon Server] - 2024-07-08T14:33:31.552Z - [WATCHER]: apps/txb/src/components/home.tsx was modified
[NX Daemon Server] - 2024-07-08T14:33:31.553Z - [WATCHER]: Processing file changes in outputs
[NX Daemon Server] - 2024-07-08T14:33:31.673Z - [WATCHER]: Processing file changes in outputs
[NX Daemon Server] - 2024-07-08T14:33:31.725Z - [WATCHER]: Processing file changes in outputs
[NX Daemon Server] - 2024-07-08T14:33:33.145Z - [REQUEST]: Updated workspace context based on watched changes, recomputing project graph...
[NX Daemon Server] - 2024-07-08T14:33:33.145Z - [REQUEST]: apps/txb/src/components/home.tsx
[NX Daemon Server] - 2024-07-08T14:33:33.145Z - [REQUEST]: 
[NX Daemon Server] - 2024-07-08T14:33:33.204Z - Time taken for 'hash changed files from watcher' 0.5424580000108108ms
[NX Daemon Server] - 2024-07-08T14:33:37.224Z - [WATCHER]: apps/txb/src/components/home.tsx was modified
[NX Daemon Server] - 2024-07-08T14:33:37.224Z - [WATCHER]: Processing file changes in outputs
[NX Daemon Server] - 2024-07-08T14:33:37.302Z - [WATCHER]: Processing file changes in outputs
[NX Daemon Server] - 2024-07-08T14:33:37.354Z - [WATCHER]: Processing file changes in outputs
[NX Daemon Server] - 2024-07-08T14:33:40.661Z - [WATCHER]: apps/txb/src/components/home.tsx was modified
[NX Daemon Server] - 2024-07-08T14:33:40.661Z - [WATCHER]: Processing file changes in outputs
[NX Daemon Server] - 2024-07-08T14:33:40.739Z - [WATCHER]: Processing file changes in outputs
[NX Daemon Server] - 2024-07-08T14:33:40.791Z - [WATCHER]: Processing file changes in outputs
[NX Daemon Server] - 2024-07-08T14:33:43.626Z - [REQUEST]: Updated workspace context based on watched changes, recomputing project graph...
[NX Daemon Server] - 2024-07-08T14:33:43.626Z - [REQUEST]: apps/txb/src/components/home.tsx
[NX Daemon Server] - 2024-07-08T14:33:43.626Z - [REQUEST]: 
[NX Daemon Server] - 2024-07-08T14:33:43.675Z - Time taken for 'hash changed files from watcher' 0.5892500000772998ms
[NX Daemon Server] - 2024-07-08T14:33:47.779Z - [WATCHER]: apps/txb/src/components/home.tsx was modified
[NX Daemon Server] - 2024-07-08T14:33:47.779Z - [WATCHER]: Processing file changes in outputs
[NX Daemon Server] - 2024-07-08T14:33:47.862Z - [WATCHER]: Processing file changes in outputs
[NX Daemon Server] - 2024-07-08T14:33:47.916Z - [WATCHER]: Processing file changes in outputs
[NX Daemon Server] - 2024-07-08T14:33:49.891Z - [WATCHER]: apps/txb/src/components/home.tsx was modified
[NX Daemon Server] - 2024-07-08T14:33:49.892Z - [WATCHER]: Processing file changes in outputs
[NX Daemon Server] - 2024-07-08T14:33:49.972Z - [WATCHER]: Processing file changes in outputs
[NX Daemon Server] - 2024-07-08T14:33:50.025Z - [WATCHER]: Processing file changes in outputs
[NX Daemon Server] - 2024-07-08T14:33:53.355Z - [WATCHER]: apps/txb/src/components/home.tsx was modified
[NX Daemon Server] - 2024-07-08T14:33:53.355Z - [WATCHER]: Processing file changes in outputs
[NX Daemon Server] - 2024-07-08T14:33:53.436Z - [WATCHER]: Processing file changes in outputs
[NX Daemon Server] - 2024-07-08T14:33:53.488Z - [WATCHER]: Processing file changes in outputs
[NX Daemon Server] - 2024-07-08T14:33:54.181Z - [REQUEST]: Updated workspace context based on watched changes, recomputing project graph...
[NX Daemon Server] - 2024-07-08T14:33:54.181Z - [REQUEST]: apps/txb/src/components/home.tsx
[NX Daemon Server] - 2024-07-08T14:33:54.181Z - [REQUEST]: 
[NX Daemon Server] - 2024-07-08T14:33:54.243Z - Time taken for 'hash changed files from watcher' 0.676041999948211ms
[NX Daemon Server] - 2024-07-08T14:33:58.928Z - [WATCHER]: apps/txb/src/components/home.tsx was modified
[NX Daemon Server] - 2024-07-08T14:33:58.928Z - [WATCHER]: Processing file changes in outputs
[NX Daemon Server] - 2024-07-08T14:33:59.024Z - [WATCHER]: Processing file changes in outputs
[NX Daemon Server] - 2024-07-08T14:33:59.117Z - [WATCHER]: Processing file changes in outputs
[NX Daemon Server] - 2024-07-08T14:34:05.329Z - [REQUEST]: Updated workspace context based on watched changes, recomputing project graph...
[NX Daemon Server] - 2024-07-08T14:34:05.329Z - [REQUEST]: apps/txb/src/components/home.tsx
[NX Daemon Server] - 2024-07-08T14:34:05.329Z - [REQUEST]: 
[NX Daemon Server] - 2024-07-08T14:34:05.376Z - [WATCHER]: apps/txb/src/components/home.tsx was modified
[NX Daemon Server] - 2024-07-08T14:34:05.376Z - [WATCHER]: Processing file changes in outputs
[NX Daemon Server] - 2024-07-08T14:34:05.377Z - Time taken for 'hash changed files from watcher' 0.2263340000063181ms
[NX Daemon Server] - 2024-07-08T14:34:05.431Z - [WATCHER]: Processing file changes in outputs
[NX Daemon Server] - 2024-07-08T14:34:05.482Z - [WATCHER]: Processing file changes in outputs
[NX Daemon Server] - 2024-07-08T14:34:11.580Z - [WATCHER]: apps/txb/src/components/home.tsx was modified
[NX Daemon Server] - 2024-07-08T14:34:11.580Z - [WATCHER]: Processing file changes in outputs
[NX Daemon Server] - 2024-07-08T14:34:11.694Z - [WATCHER]: Processing file changes in outputs
[NX Daemon Server] - 2024-07-08T14:34:11.749Z - [WATCHER]: Processing file changes in outputs
[NX Daemon Server] - 2024-07-08T14:34:11.778Z - [REQUEST]: Updated workspace context based on watched changes, recomputing project graph...
[NX Daemon Server] - 2024-07-08T14:34:11.779Z - [REQUEST]: apps/txb/src/components/home.tsx
[NX Daemon Server] - 2024-07-08T14:34:11.779Z - [REQUEST]: 
[NX Daemon Server] - 2024-07-08T14:34:11.878Z - Time taken for 'hash changed files from watcher' 0.27816600003279746ms
[NX Daemon Server] - 2024-07-08T14:34:14.914Z - [WATCHER]: apps/txb/src/components/home.tsx was modified
[NX Daemon Server] - 2024-07-08T14:34:14.914Z - [WATCHER]: Processing file changes in outputs
[NX Daemon Server] - 2024-07-08T14:34:14.998Z - [WATCHER]: Processing file changes in outputs
[NX Daemon Server] - 2024-07-08T14:34:15.055Z - [WATCHER]: Processing file changes in outputs
[NX Daemon Server] - 2024-07-08T14:34:21.316Z - [REQUEST]: Updated workspace context based on watched changes, recomputing project graph...
[NX Daemon Server] - 2024-07-08T14:34:21.316Z - [REQUEST]: apps/txb/src/components/home.tsx
[NX Daemon Server] - 2024-07-08T14:34:21.316Z - [REQUEST]: 
[NX Daemon Server] - 2024-07-08T14:34:21.370Z - Time taken for 'hash changed files from watcher' 1.0435419999994338ms
[NX Daemon Server] - 2024-07-08T14:34:24.520Z - [WATCHER]: apps/txb/src/components/home.tsx was modified
[NX Daemon Server] - 2024-07-08T14:34:24.520Z - [WATCHER]: Processing file changes in outputs
[NX Daemon Server] - 2024-07-08T14:34:24.603Z - [WATCHER]: Processing file changes in outputs
[NX Daemon Server] - 2024-07-08T14:34:24.656Z - [WATCHER]: Processing file changes in outputs
[NX Daemon Server] - 2024-07-08T14:34:28.838Z - [WATCHER]: apps/txb/src/components/home.tsx was modified
[NX Daemon Server] - 2024-07-08T14:34:28.838Z - [WATCHER]: Processing file changes in outputs
[NX Daemon Server] - 2024-07-08T14:34:28.929Z - [WATCHER]: Processing file changes in outputs
[NX Daemon Server] - 2024-07-08T14:34:29.000Z - [WATCHER]: Processing file changes in outputs
[NX Daemon Server] - 2024-07-08T14:34:30.922Z - [REQUEST]: Updated workspace context based on watched changes, recomputing project graph...
[NX Daemon Server] - 2024-07-08T14:34:30.923Z - [REQUEST]: apps/txb/src/components/home.tsx
[NX Daemon Server] - 2024-07-08T14:34:30.923Z - [REQUEST]: 
[NX Daemon Server] - 2024-07-08T14:34:30.979Z - Time taken for 'hash changed files from watcher' 0.7623749999329448ms
[NX Daemon Server] - 2024-07-08T14:34:41.565Z - [WATCHER]: apps/txb/src/components/home.tsx was modified
[NX Daemon Server] - 2024-07-08T14:34:41.565Z - [WATCHER]: Processing file changes in outputs
[NX Daemon Server] - 2024-07-08T14:34:41.653Z - [WATCHER]: Processing file changes in outputs
[NX Daemon Server] - 2024-07-08T14:34:41.705Z - [WATCHER]: Processing file changes in outputs
[NX Daemon Server] - 2024-07-08T14:34:41.837Z - [WATCHER]: Processing file changes in outputs
[NX Daemon Server] - 2024-07-08T14:34:47.968Z - [REQUEST]: Updated workspace context based on watched changes, recomputing project graph...
[NX Daemon Server] - 2024-07-08T14:34:47.969Z - [REQUEST]: apps/txb/src/components/home.tsx
[NX Daemon Server] - 2024-07-08T14:34:47.969Z - [REQUEST]: 
[NX Daemon Server] - 2024-07-08T14:34:48.039Z - Time taken for 'hash changed files from watcher' 1.478417000034824ms
[NX Daemon Server] - 2024-07-08T14:34:53.816Z - [WATCHER]: apps/txb/src/components/home.tsx was modified
[NX Daemon Server] - 2024-07-08T14:34:53.816Z - [WATCHER]: Processing file changes in outputs
[NX Daemon Server] - 2024-07-08T14:34:53.948Z - [WATCHER]: Processing file changes in outputs
[NX Daemon Server] - 2024-07-08T14:34:54.004Z - [WATCHER]: Processing file changes in outputs
[NX Daemon Server] - 2024-07-08T14:34:55.169Z - [WATCHER]: apps/txb/src/components/home.tsx was modified
[NX Daemon Server] - 2024-07-08T14:34:55.169Z - [WATCHER]: Processing file changes in outputs
[NX Daemon Server] - 2024-07-08T14:34:55.254Z - [WATCHER]: Processing file changes in outputs
[NX Daemon Server] - 2024-07-08T14:34:55.325Z - [WATCHER]: Processing file changes in outputs
[NX Daemon Server] - 2024-07-08T14:34:55.377Z - [WATCHER]: Processing file changes in outputs
[NX Daemon Server] - 2024-07-08T14:34:58.468Z - [WATCHER]: apps/txb/src/components/home.tsx was modified
[NX Daemon Server] - 2024-07-08T14:34:58.468Z - [WATCHER]: Processing file changes in outputs
[NX Daemon Server] - 2024-07-08T14:34:58.549Z - [WATCHER]: Processing file changes in outputs
[NX Daemon Server] - 2024-07-08T14:34:58.615Z - [WATCHER]: Processing file changes in outputs
[NX Daemon Server] - 2024-07-08T14:35:00.218Z - [REQUEST]: Updated workspace context based on watched changes, recomputing project graph...
[NX Daemon Server] - 2024-07-08T14:35:00.218Z - [REQUEST]: apps/txb/src/components/home.tsx
[NX Daemon Server] - 2024-07-08T14:35:00.218Z - [REQUEST]: 
[NX Daemon Server] - 2024-07-08T14:35:00.280Z - Time taken for 'hash changed files from watcher' 1.209125000052154ms
[NX Daemon Server] - 2024-07-08T14:35:02.365Z - [WATCHER]: apps/txb/src/components/home.tsx was modified
[NX Daemon Server] - 2024-07-08T14:35:02.365Z - [WATCHER]: Processing file changes in outputs
[NX Daemon Server] - 2024-07-08T14:35:02.448Z - [WATCHER]: Processing file changes in outputs
[NX Daemon Server] - 2024-07-08T14:35:08.054Z - [WATCHER]: apps/txb/src/components/home.tsx was modified
[NX Daemon Server] - 2024-07-08T14:35:08.055Z - [WATCHER]: Processing file changes in outputs
[NX Daemon Server] - 2024-07-08T14:35:08.141Z - [WATCHER]: Processing file changes in outputs
[NX Daemon Server] - 2024-07-08T14:35:08.196Z - [WATCHER]: Processing file changes in outputs
[NX Daemon Server] - 2024-07-08T14:35:08.767Z - [REQUEST]: Updated workspace context based on watched changes, recomputing project graph...
[NX Daemon Server] - 2024-07-08T14:35:08.768Z - [REQUEST]: apps/txb/src/components/home.tsx
[NX Daemon Server] - 2024-07-08T14:35:08.768Z - [REQUEST]: 
[NX Daemon Server] - 2024-07-08T14:35:08.827Z - Time taken for 'hash changed files from watcher' 1.026708000106737ms
[NX Daemon Server] - 2024-07-08T14:35:10.118Z - [WATCHER]: apps/txb/src/components/home.tsx was modified
[NX Daemon Server] - 2024-07-08T14:35:10.118Z - [WATCHER]: Processing file changes in outputs
[NX Daemon Server] - 2024-07-08T14:35:10.209Z - [WATCHER]: Processing file changes in outputs
[NX Daemon Server] - 2024-07-08T14:35:10.261Z - [WATCHER]: Processing file changes in outputs
[NX Daemon Server] - 2024-07-08T14:35:16.520Z - [REQUEST]: Updated workspace context based on watched changes, recomputing project graph...
[NX Daemon Server] - 2024-07-08T14:35:16.520Z - [REQUEST]: apps/txb/src/components/home.tsx
[NX Daemon Server] - 2024-07-08T14:35:16.520Z - [REQUEST]: 
[NX Daemon Server] - 2024-07-08T14:35:16.577Z - Time taken for 'hash changed files from watcher' 1.4271670000161976ms
[NX Daemon Server] - 2024-07-08T14:35:16.813Z - [WATCHER]: apps/txb/src/components/home.tsx was modified
[NX Daemon Server] - 2024-07-08T14:35:16.813Z - [WATCHER]: Processing file changes in outputs
[NX Daemon Server] - 2024-07-08T14:35:16.897Z - [WATCHER]: Processing file changes in outputs
[NX Daemon Server] - 2024-07-08T14:35:16.948Z - [WATCHER]: Processing file changes in outputs
[NX Daemon Server] - 2024-07-08T14:35:22.487Z - [WATCHER]: apps/txb/src/components/home.tsx was modified
[NX Daemon Server] - 2024-07-08T14:35:22.488Z - [WATCHER]: Processing file changes in outputs
[NX Daemon Server] - 2024-07-08T14:35:22.569Z - [WATCHER]: Processing file changes in outputs
[NX Daemon Server] - 2024-07-08T14:35:22.621Z - [WATCHER]: Processing file changes in outputs
[NX Daemon Server] - 2024-07-08T14:35:23.215Z - [REQUEST]: Updated workspace context based on watched changes, recomputing project graph...
[NX Daemon Server] - 2024-07-08T14:35:23.216Z - [REQUEST]: apps/txb/src/components/home.tsx
[NX Daemon Server] - 2024-07-08T14:35:23.216Z - [REQUEST]: 
[NX Daemon Server] - 2024-07-08T14:35:23.273Z - Time taken for 'hash changed files from watcher' 1.0430409999098629ms
[NX Daemon Server] - 2024-07-08T14:35:30.265Z - [WATCHER]: apps/txb/src/components/home.tsx was modified
[NX Daemon Server] - 2024-07-08T14:35:30.265Z - [WATCHER]: Processing file changes in outputs
[NX Daemon Server] - 2024-07-08T14:35:30.345Z - [WATCHER]: Processing file changes in outputs
[NX Daemon Server] - 2024-07-08T14:35:30.397Z - [WATCHER]: Processing file changes in outputs
[NX Daemon Server] - 2024-07-08T14:35:30.455Z - [WATCHER]: Processing file changes in outputs
[NX Daemon Server] - 2024-07-08T14:35:32.900Z - [WATCHER]: apps/txb/src/components/home.tsx was modified
[NX Daemon Server] - 2024-07-08T14:35:32.900Z - [WATCHER]: Processing file changes in outputs
[NX Daemon Server] - 2024-07-08T14:35:32.977Z - [WATCHER]: Processing file changes in outputs
[NX Daemon Server] - 2024-07-08T14:35:33.030Z - [WATCHER]: Processing file changes in outputs
[NX Daemon Server] - 2024-07-08T14:35:36.667Z - [REQUEST]: Updated workspace context based on watched changes, recomputing project graph...
[NX Daemon Server] - 2024-07-08T14:35:36.667Z - [REQUEST]: apps/txb/src/components/home.tsx
[NX Daemon Server] - 2024-07-08T14:35:36.667Z - [REQUEST]: 
[NX Daemon Server] - 2024-07-08T14:35:36.715Z - Time taken for 'hash changed files from watcher' 1.161541000008583ms
[NX Daemon Server] - 2024-07-08T14:35:42.798Z - [WATCHER]: Processing file changes in outputs
[NX Daemon Server] - 2024-07-08T14:35:42.798Z - [WATCHER]: apps/txb/src/components/home.tsx was modified
[NX Daemon Server] - 2024-07-08T14:35:42.880Z - [WATCHER]: Processing file changes in outputs
[NX Daemon Server] - 2024-07-08T14:35:42.964Z - [WATCHER]: Processing file changes in outputs
[NX Daemon Server] - 2024-07-08T14:35:43.031Z - [WATCHER]: Processing file changes in outputs
[NX Daemon Server] - 2024-07-08T14:35:44.429Z - [WATCHER]: apps/txb/src/components/home.tsx was modified
[NX Daemon Server] - 2024-07-08T14:35:44.429Z - [WATCHER]: Processing file changes in outputs
[NX Daemon Server] - 2024-07-08T14:35:44.530Z - [WATCHER]: Processing file changes in outputs
[NX Daemon Server] - 2024-07-08T14:35:44.588Z - [WATCHER]: Processing file changes in outputs
[NX Daemon Server] - 2024-07-08T14:35:49.200Z - [REQUEST]: Updated workspace context based on watched changes, recomputing project graph...
[NX Daemon Server] - 2024-07-08T14:35:49.200Z - [REQUEST]: apps/txb/src/components/home.tsx
[NX Daemon Server] - 2024-07-08T14:35:49.200Z - [REQUEST]: 
[NX Daemon Server] - 2024-07-08T14:35:49.263Z - Time taken for 'hash changed files from watcher' 1.1074159999843687ms
[NX Daemon Server] - 2024-07-08T14:35:49.648Z - [WATCHER]: apps/txb/src/components/home.tsx was modified
[NX Daemon Server] - 2024-07-08T14:35:49.648Z - [WATCHER]: Processing file changes in outputs
[NX Daemon Server] - 2024-07-08T14:35:49.734Z - [WATCHER]: Processing file changes in outputs
[NX Daemon Server] - 2024-07-08T14:35:49.787Z - [WATCHER]: Processing file changes in outputs
[NX Daemon Server] - 2024-07-08T14:35:52.939Z - [WATCHER]: apps/txb/src/components/home.tsx was modified
[NX Daemon Server] - 2024-07-08T14:35:52.940Z - [WATCHER]: Processing file changes in outputs
[NX Daemon Server] - 2024-07-08T14:35:53.029Z - [WATCHER]: Processing file changes in outputs
[NX Daemon Server] - 2024-07-08T14:35:53.081Z - [WATCHER]: Processing file changes in outputs
[NX Daemon Server] - 2024-07-08T14:35:56.052Z - [REQUEST]: Updated workspace context based on watched changes, recomputing project graph...
[NX Daemon Server] - 2024-07-08T14:35:56.052Z - [REQUEST]: apps/txb/src/components/home.tsx
[NX Daemon Server] - 2024-07-08T14:35:56.052Z - [REQUEST]: 
[NX Daemon Server] - 2024-07-08T14:35:56.116Z - Time taken for 'hash changed files from watcher' 2.0564580000936985ms
[NX Daemon Server] - 2024-07-08T14:35:59.150Z - [WATCHER]: apps/txb/src/components/home.tsx was modified
[NX Daemon Server] - 2024-07-08T14:35:59.151Z - [WATCHER]: Processing file changes in outputs
[NX Daemon Server] - 2024-07-08T14:35:59.238Z - [WATCHER]: Processing file changes in outputs
[NX Daemon Server] - 2024-07-08T14:35:59.291Z - [WATCHER]: Processing file changes in outputs
[NX Daemon Server] - 2024-07-08T14:36:04.886Z - [WATCHER]: apps/txb/src/components/home.tsx was modified
[NX Daemon Server] - 2024-07-08T14:36:04.886Z - [WATCHER]: Processing file changes in outputs
[NX Daemon Server] - 2024-07-08T14:36:04.968Z - [WATCHER]: Processing file changes in outputs
[NX Daemon Server] - 2024-07-08T14:36:05.025Z - [WATCHER]: Processing file changes in outputs
[NX Daemon Server] - 2024-07-08T14:36:05.552Z - [REQUEST]: Updated workspace context based on watched changes, recomputing project graph...
[NX Daemon Server] - 2024-07-08T14:36:05.553Z - [REQUEST]: apps/txb/src/components/home.tsx
[NX Daemon Server] - 2024-07-08T14:36:05.553Z - [REQUEST]: 
[NX Daemon Server] - 2024-07-08T14:36:05.606Z - Time taken for 'hash changed files from watcher' 1.0796250000130385ms
[NX Daemon Server] - 2024-07-08T14:36:09.712Z - [WATCHER]: apps/txb/src/components/home.tsx was modified
[NX Daemon Server] - 2024-07-08T14:36:09.712Z - [WATCHER]: Processing file changes in outputs
[NX Daemon Server] - 2024-07-08T14:36:09.799Z - [WATCHER]: Processing file changes in outputs
[NX Daemon Server] - 2024-07-08T14:36:09.851Z - [WATCHER]: Processing file changes in outputs
[NX Daemon Server] - 2024-07-08T14:36:15.038Z - [WATCHER]: apps/txb/src/components/home.tsx was modified
[NX Daemon Server] - 2024-07-08T14:36:15.038Z - [WATCHER]: Processing file changes in outputs
[NX Daemon Server] - 2024-07-08T14:36:15.151Z - [WATCHER]: Processing file changes in outputs
[NX Daemon Server] - 2024-07-08T14:36:15.205Z - [WATCHER]: Processing file changes in outputs
[NX Daemon Server] - 2024-07-08T14:36:16.114Z - [REQUEST]: Updated workspace context based on watched changes, recomputing project graph...
[NX Daemon Server] - 2024-07-08T14:36:16.114Z - [REQUEST]: apps/txb/src/components/home.tsx
[NX Daemon Server] - 2024-07-08T14:36:16.114Z - [REQUEST]: 
[NX Daemon Server] - 2024-07-08T14:36:16.187Z - Time taken for 'hash changed files from watcher' 0.5024590000975877ms
[NX Daemon Server] - 2024-07-08T14:36:27.060Z - [WATCHER]: apps/txb/src/components/home.tsx was modified
[NX Daemon Server] - 2024-07-08T14:36:27.060Z - [WATCHER]: Processing file changes in outputs
[NX Daemon Server] - 2024-07-08T14:36:27.148Z - [WATCHER]: Processing file changes in outputs
[NX Daemon Server] - 2024-07-08T14:36:27.282Z - [WATCHER]: Processing file changes in outputs
[NX Daemon Server] - 2024-07-08T14:36:27.350Z - [WATCHER]: Processing file changes in outputs
[NX Daemon Server] - 2024-07-08T14:36:30.105Z - [WATCHER]: apps/txb/src/components/home.tsx was modified
[NX Daemon Server] - 2024-07-08T14:36:30.105Z - [WATCHER]: Processing file changes in outputs
[NX Daemon Server] - 2024-07-08T14:36:30.195Z - [WATCHER]: Processing file changes in outputs
[NX Daemon Server] - 2024-07-08T14:36:33.462Z - [REQUEST]: Updated workspace context based on watched changes, recomputing project graph...
[NX Daemon Server] - 2024-07-08T14:36:33.462Z - [REQUEST]: apps/txb/src/components/home.tsx
[NX Daemon Server] - 2024-07-08T14:36:33.462Z - [REQUEST]: 
[NX Daemon Server] - 2024-07-08T14:36:33.519Z - Time taken for 'hash changed files from watcher' 0.6089999999385327ms
[NX Daemon Server] - 2024-07-08T14:36:35.698Z - [WATCHER]: apps/txb/src/components/home.tsx was modified
[NX Daemon Server] - 2024-07-08T14:36:35.698Z - [WATCHER]: Processing file changes in outputs
[NX Daemon Server] - 2024-07-08T14:36:35.781Z - [WATCHER]: Processing file changes in outputs
[NX Daemon Server] - 2024-07-08T14:36:35.841Z - [WATCHER]: Processing file changes in outputs
[NX Daemon Server] - 2024-07-08T14:36:40.329Z - [WATCHER]: apps/txb/src/components/home.tsx was modified
[NX Daemon Server] - 2024-07-08T14:36:40.329Z - [WATCHER]: Processing file changes in outputs
[NX Daemon Server] - 2024-07-08T14:36:40.430Z - [WATCHER]: Processing file changes in outputs
[NX Daemon Server] - 2024-07-08T14:36:40.484Z - [WATCHER]: Processing file changes in outputs
[NX Daemon Server] - 2024-07-08T14:36:42.100Z - [REQUEST]: Updated workspace context based on watched changes, recomputing project graph...
[NX Daemon Server] - 2024-07-08T14:36:42.100Z - [REQUEST]: apps/txb/src/components/home.tsx
[NX Daemon Server] - 2024-07-08T14:36:42.100Z - [REQUEST]: 
[NX Daemon Server] - 2024-07-08T14:36:42.162Z - Time taken for 'hash changed files from watcher' 1.0552090001292527ms
[NX Daemon Server] - 2024-07-08T14:37:22.680Z - [WATCHER]: apps/txb/src/components/home.tsx was modified
[NX Daemon Server] - 2024-07-08T14:37:22.681Z - [WATCHER]: Processing file changes in outputs
[NX Daemon Server] - 2024-07-08T14:37:22.855Z - [WATCHER]: Processing file changes in outputs
[NX Daemon Server] - 2024-07-08T14:37:22.971Z - [WATCHER]: Processing file changes in outputs
[NX Daemon Server] - 2024-07-08T14:37:23.033Z - [WATCHER]: Processing file changes in outputs
[NX Daemon Server] - 2024-07-08T14:37:24.360Z - [WATCHER]: Processing file changes in outputs
[NX Daemon Server] - 2024-07-08T14:37:24.443Z - [WATCHER]: Processing file changes in outputs
[NX Daemon Server] - 2024-07-08T14:37:24.495Z - [WATCHER]: Processing file changes in outputs
[NX Daemon Server] - 2024-07-08T14:37:29.084Z - [REQUEST]: Updated workspace context based on watched changes, recomputing project graph...
[NX Daemon Server] - 2024-07-08T14:37:29.084Z - [REQUEST]: apps/txb/src/components/home.tsx
[NX Daemon Server] - 2024-07-08T14:37:29.084Z - [REQUEST]: 
[NX Daemon Server] - 2024-07-08T14:37:29.156Z - Time taken for 'hash changed files from watcher' 1.124125000089407ms
[NX Daemon Server] - 2024-07-08T14:37:58.848Z - [WATCHER]: apps/txb/src/components/home.tsx was modified
[NX Daemon Server] - 2024-07-08T14:37:58.849Z - [WATCHER]: Processing file changes in outputs
[NX Daemon Server] - 2024-07-08T14:37:58.945Z - [WATCHER]: Processing file changes in outputs
[NX Daemon Server] - 2024-07-08T14:37:59.090Z - [WATCHER]: Processing file changes in outputs
[NX Daemon Server] - 2024-07-08T14:37:59.152Z - [WATCHER]: Processing file changes in outputs
[NX Daemon Server] - 2024-07-08T14:38:05.251Z - [REQUEST]: Updated workspace context based on watched changes, recomputing project graph...
[NX Daemon Server] - 2024-07-08T14:38:05.251Z - [REQUEST]: apps/txb/src/components/home.tsx
[NX Daemon Server] - 2024-07-08T14:38:05.251Z - [REQUEST]: 
[NX Daemon Server] - 2024-07-08T14:38:05.316Z - Time taken for 'hash changed files from watcher' 0.7918339997995645ms
[NX Daemon Server] - 2024-07-08T14:38:09.265Z - [WATCHER]: apps/txb/src/components/home.tsx was modified
[NX Daemon Server] - 2024-07-08T14:38:09.265Z - [WATCHER]: Processing file changes in outputs
[NX Daemon Server] - 2024-07-08T14:38:09.380Z - [WATCHER]: Processing file changes in outputs
[NX Daemon Server] - 2024-07-08T14:38:15.667Z - [REQUEST]: Updated workspace context based on watched changes, recomputing project graph...
[NX Daemon Server] - 2024-07-08T14:38:15.668Z - [REQUEST]: apps/txb/src/components/home.tsx
[NX Daemon Server] - 2024-07-08T14:38:15.668Z - [REQUEST]: 
[NX Daemon Server] - 2024-07-08T14:38:15.728Z - Time taken for 'hash changed files from watcher' 0.4812079998664558ms
[NX Daemon Server] - 2024-07-08T14:38:17.032Z - [WATCHER]: apps/txb/src/components/home.tsx was modified
[NX Daemon Server] - 2024-07-08T14:38:17.033Z - [WATCHER]: Processing file changes in outputs
[NX Daemon Server] - 2024-07-08T14:38:17.140Z - [WATCHER]: Processing file changes in outputs
[NX Daemon Server] - 2024-07-08T14:38:17.219Z - [WATCHER]: Processing file changes in outputs
[NX Daemon Server] - 2024-07-08T14:38:23.435Z - [REQUEST]: Updated workspace context based on watched changes, recomputing project graph...
[NX Daemon Server] - 2024-07-08T14:38:23.436Z - [REQUEST]: apps/txb/src/components/home.tsx
[NX Daemon Server] - 2024-07-08T14:38:23.436Z - [REQUEST]: 
[NX Daemon Server] - 2024-07-08T14:38:23.494Z - Time taken for 'hash changed files from watcher' 0.9282080000266433ms
[NX Daemon Server] - 2024-07-08T14:38:43.895Z - [WATCHER]: apps/txb/src/components/home.tsx was modified
[NX Daemon Server] - 2024-07-08T14:38:43.895Z - [WATCHER]: Processing file changes in outputs
[NX Daemon Server] - 2024-07-08T14:38:43.970Z - [WATCHER]: Processing file changes in outputs
[NX Daemon Server] - 2024-07-08T14:38:44.044Z - [WATCHER]: Processing file changes in outputs
[NX Daemon Server] - 2024-07-08T14:38:50.297Z - [REQUEST]: Updated workspace context based on watched changes, recomputing project graph...
[NX Daemon Server] - 2024-07-08T14:38:50.298Z - [REQUEST]: apps/txb/src/components/home.tsx
[NX Daemon Server] - 2024-07-08T14:38:50.298Z - [REQUEST]: 
[NX Daemon Server] - 2024-07-08T14:38:50.358Z - Time taken for 'hash changed files from watcher' 1.048208000138402ms
[NX Daemon Server] - 2024-07-08T14:38:57.930Z - [WATCHER]: apps/txb/src/app/page.tsx was modified
[NX Daemon Server] - 2024-07-08T14:38:57.930Z - [WATCHER]: Processing file changes in outputs
[NX Daemon Server] - 2024-07-08T14:38:58.081Z - [WATCHER]: Processing file changes in outputs
[NX Daemon Server] - 2024-07-08T14:38:58.143Z - [WATCHER]: Processing file changes in outputs
[NX Daemon Server] - 2024-07-08T14:39:04.332Z - [REQUEST]: Updated workspace context based on watched changes, recomputing project graph...
[NX Daemon Server] - 2024-07-08T14:39:04.332Z - [REQUEST]: apps/txb/src/app/page.tsx
[NX Daemon Server] - 2024-07-08T14:39:04.332Z - [REQUEST]: 
[NX Daemon Server] - 2024-07-08T14:39:04.389Z - Time taken for 'hash changed files from watcher' 0.5877080000936985ms
[NX Daemon Server] - 2024-07-08T14:39:12.992Z - [WATCHER]: apps/txb/src/app/page.tsx was modified
[NX Daemon Server] - 2024-07-08T14:39:12.992Z - [WATCHER]: Processing file changes in outputs
[NX Daemon Server] - 2024-07-08T14:39:13.054Z - [WATCHER]: Processing file changes in outputs
[NX Daemon Server] - 2024-07-08T14:39:13.113Z - [WATCHER]: Processing file changes in outputs
[NX Daemon Server] - 2024-07-08T14:39:19.394Z - [REQUEST]: Updated workspace context based on watched changes, recomputing project graph...
[NX Daemon Server] - 2024-07-08T14:39:19.394Z - [REQUEST]: apps/txb/src/app/page.tsx
[NX Daemon Server] - 2024-07-08T14:39:19.394Z - [REQUEST]: 
[NX Daemon Server] - 2024-07-08T14:39:19.465Z - Time taken for 'hash changed files from watcher' 0.4819169999100268ms
[NX Daemon Server] - 2024-07-08T14:39:50.306Z - [WATCHER]: apps/txb/src/app/layout.tsx was modified
[NX Daemon Server] - 2024-07-08T14:39:50.306Z - [WATCHER]: Processing file changes in outputs
[NX Daemon Server] - 2024-07-08T14:39:50.486Z - [WATCHER]: Processing file changes in outputs
[NX Daemon Server] - 2024-07-08T14:39:50.550Z - [WATCHER]: Processing file changes in outputs
[NX Daemon Server] - 2024-07-08T14:39:56.147Z - [WATCHER]: apps/txb/src/app/layout.tsx was modified
[NX Daemon Server] - 2024-07-08T14:39:56.147Z - [WATCHER]: Processing file changes in outputs
[NX Daemon Server] - 2024-07-08T14:39:56.215Z - [WATCHER]: Processing file changes in outputs
[NX Daemon Server] - 2024-07-08T14:39:56.274Z - [WATCHER]: Processing file changes in outputs
[NX Daemon Server] - 2024-07-08T14:39:56.709Z - [REQUEST]: Updated workspace context based on watched changes, recomputing project graph...
[NX Daemon Server] - 2024-07-08T14:39:56.709Z - [REQUEST]: apps/txb/src/app/layout.tsx
[NX Daemon Server] - 2024-07-08T14:39:56.709Z - [REQUEST]: 
[NX Daemon Server] - 2024-07-08T14:39:56.774Z - Time taken for 'hash changed files from watcher' 1.482833000132814ms
[NX Daemon Server] - 2024-07-08T14:40:03.375Z - [WATCHER]: apps/txb/src/app/layout.tsx was modified
[NX Daemon Server] - 2024-07-08T14:40:03.375Z - [WATCHER]: Processing file changes in outputs
[NX Daemon Server] - 2024-07-08T14:40:03.435Z - [WATCHER]: Processing file changes in outputs
[NX Daemon Server] - 2024-07-08T14:40:03.491Z - [WATCHER]: Processing file changes in outputs
[NX Daemon Server] - 2024-07-08T14:40:09.777Z - [REQUEST]: Updated workspace context based on watched changes, recomputing project graph...
[NX Daemon Server] - 2024-07-08T14:40:09.777Z - [REQUEST]: apps/txb/src/app/layout.tsx
[NX Daemon Server] - 2024-07-08T14:40:09.777Z - [REQUEST]: 
[NX Daemon Server] - 2024-07-08T14:40:09.841Z - Time taken for 'hash changed files from watcher' 0.3912090000230819ms
[NX Daemon Server] - 2024-07-08T14:40:17.076Z - [WATCHER]: apps/txb/src/app/page.tsx was modified
[NX Daemon Server] - 2024-07-08T14:40:17.076Z - [WATCHER]: Processing file changes in outputs
[NX Daemon Server] - 2024-07-08T14:40:17.172Z - [WATCHER]: Processing file changes in outputs
[NX Daemon Server] - 2024-07-08T14:40:17.241Z - [WATCHER]: Processing file changes in outputs
[NX Daemon Server] - 2024-07-08T14:40:23.479Z - [REQUEST]: Updated workspace context based on watched changes, recomputing project graph...
[NX Daemon Server] - 2024-07-08T14:40:23.479Z - [REQUEST]: apps/txb/src/app/page.tsx
[NX Daemon Server] - 2024-07-08T14:40:23.479Z - [REQUEST]: 
[NX Daemon Server] - 2024-07-08T14:40:23.541Z - Time taken for 'hash changed files from watcher' 0.6762089999392629ms
[NX Daemon Server] - 2024-07-08T14:40:31.277Z - [WATCHER]: apps/txb/src/app/page.tsx was modified
[NX Daemon Server] - 2024-07-08T14:40:31.277Z - [WATCHER]: Processing file changes in outputs
[NX Daemon Server] - 2024-07-08T14:40:31.353Z - [WATCHER]: Processing file changes in outputs
[NX Daemon Server] - 2024-07-08T14:40:31.415Z - [WATCHER]: Processing file changes in outputs
[NX Daemon Server] - 2024-07-08T14:40:37.681Z - [REQUEST]: Updated workspace context based on watched changes, recomputing project graph...
[NX Daemon Server] - 2024-07-08T14:40:37.682Z - [REQUEST]: apps/txb/src/app/page.tsx
[NX Daemon Server] - 2024-07-08T14:40:37.682Z - [REQUEST]: 
[NX Daemon Server] - 2024-07-08T14:40:37.749Z - Time taken for 'hash changed files from watcher' 1.2452499999199063ms
[NX Daemon Server] - 2024-07-08T14:41:01.615Z - [WATCHER]: apps/txb/src/app/page.tsx was modified
[NX Daemon Server] - 2024-07-08T14:41:01.616Z - [WATCHER]: Processing file changes in outputs
[NX Daemon Server] - 2024-07-08T14:41:01.743Z - [WATCHER]: Processing file changes in outputs
[NX Daemon Server] - 2024-07-08T14:41:01.817Z - [WATCHER]: Processing file changes in outputs
[NX Daemon Server] - 2024-07-08T14:41:05.024Z - [WATCHER]: apps/txb/src/app/page.tsx was modified
[NX Daemon Server] - 2024-07-08T14:41:05.024Z - [WATCHER]: Processing file changes in outputs
[NX Daemon Server] - 2024-07-08T14:41:05.093Z - [WATCHER]: Processing file changes in outputs
[NX Daemon Server] - 2024-07-08T14:41:05.153Z - [WATCHER]: Processing file changes in outputs
[NX Daemon Server] - 2024-07-08T14:41:08.017Z - [REQUEST]: Updated workspace context based on watched changes, recomputing project graph...
[NX Daemon Server] - 2024-07-08T14:41:08.017Z - [REQUEST]: apps/txb/src/app/page.tsx
[NX Daemon Server] - 2024-07-08T14:41:08.017Z - [REQUEST]: 
[NX Daemon Server] - 2024-07-08T14:41:08.080Z - Time taken for 'hash changed files from watcher' 0.5673330000136048ms
[NX Daemon Server] - 2024-07-08T14:41:09.456Z - [WATCHER]: apps/txb/src/app/page.tsx was modified
[NX Daemon Server] - 2024-07-08T14:41:09.456Z - [WATCHER]: Processing file changes in outputs
[NX Daemon Server] - 2024-07-08T14:41:09.520Z - [WATCHER]: Processing file changes in outputs
[NX Daemon Server] - 2024-07-08T14:41:09.577Z - [WATCHER]: Processing file changes in outputs
[NX Daemon Server] - 2024-07-08T14:41:15.859Z - [REQUEST]: Updated workspace context based on watched changes, recomputing project graph...
[NX Daemon Server] - 2024-07-08T14:41:15.859Z - [REQUEST]: apps/txb/src/app/page.tsx
[NX Daemon Server] - 2024-07-08T14:41:15.859Z - [REQUEST]: 
[NX Daemon Server] - 2024-07-08T14:41:15.924Z - Time taken for 'hash changed files from watcher' 1.0034590000286698ms
[NX Daemon Server] - 2024-07-08T14:41:30.047Z - [WATCHER]: apps/txb/src/app/page.tsx was modified
[NX Daemon Server] - 2024-07-08T14:41:30.047Z - [WATCHER]: Processing file changes in outputs
[NX Daemon Server] - 2024-07-08T14:41:30.131Z - [WATCHER]: Processing file changes in outputs
[NX Daemon Server] - 2024-07-08T14:41:30.227Z - [WATCHER]: Processing file changes in outputs
[NX Daemon Server] - 2024-07-08T14:41:35.622Z - [WATCHER]: Processing file changes in outputs
[NX Daemon Server] - 2024-07-08T14:41:35.623Z - [WATCHER]: apps/txb/src/components/home.tsx was modified
[NX Daemon Server] - 2024-07-08T14:41:35.712Z - [WATCHER]: Processing file changes in outputs
[NX Daemon Server] - 2024-07-08T14:41:35.793Z - [WATCHER]: Processing file changes in outputs
[NX Daemon Server] - 2024-07-08T14:41:35.855Z - [WATCHER]: Processing file changes in outputs
[NX Daemon Server] - 2024-07-08T14:41:36.449Z - [REQUEST]: Updated workspace context based on watched changes, recomputing project graph...
[NX Daemon Server] - 2024-07-08T14:41:36.449Z - [REQUEST]: apps/txb/src/app/page.tsx,apps/txb/src/components/home.tsx
[NX Daemon Server] - 2024-07-08T14:41:36.449Z - [REQUEST]: 
[NX Daemon Server] - 2024-07-08T14:41:36.512Z - Time taken for 'hash changed files from watcher' 1.3367090001702309ms
[NX Daemon Server] - 2024-07-08T14:42:08.858Z - [WATCHER]: libs/shell/src/lib/website-shell.tsx was modified
[NX Daemon Server] - 2024-07-08T14:42:08.858Z - [WATCHER]: Processing file changes in outputs
[NX Daemon Server] - 2024-07-08T14:42:08.941Z - [WATCHER]: Processing file changes in outputs
[NX Daemon Server] - 2024-07-08T14:42:09.014Z - [WATCHER]: Processing file changes in outputs
[NX Daemon Server] - 2024-07-08T14:42:15.261Z - [REQUEST]: Updated workspace context based on watched changes, recomputing project graph...
[NX Daemon Server] - 2024-07-08T14:42:15.261Z - [REQUEST]: libs/shell/src/lib/website-shell.tsx
[NX Daemon Server] - 2024-07-08T14:42:15.261Z - [REQUEST]: 
[NX Daemon Server] - 2024-07-08T14:42:15.358Z - Time taken for 'hash changed files from watcher' 0.8478750002104789ms
[NX Daemon Server] - 2024-07-08T14:42:26.592Z - [WATCHER]: apps/txb/src/app/layout.tsx was modified
[NX Daemon Server] - 2024-07-08T14:42:26.592Z - [WATCHER]: Processing file changes in outputs
[NX Daemon Server] - 2024-07-08T14:42:26.665Z - [WATCHER]: Processing file changes in outputs
[NX Daemon Server] - 2024-07-08T14:42:26.729Z - [WATCHER]: Processing file changes in outputs
[NX Daemon Server] - 2024-07-08T14:42:32.996Z - [REQUEST]: Updated workspace context based on watched changes, recomputing project graph...
[NX Daemon Server] - 2024-07-08T14:42:32.997Z - [REQUEST]: apps/txb/src/app/layout.tsx
[NX Daemon Server] - 2024-07-08T14:42:32.997Z - [REQUEST]: 
[NX Daemon Server] - 2024-07-08T14:42:33.061Z - Time taken for 'hash changed files from watcher' 1.4094170001335442ms
[NX Daemon Server] - 2024-07-08T14:43:14.934Z - [WATCHER]: libs/shell/src/lib/website-shell.tsx was modified
[NX Daemon Server] - 2024-07-08T14:43:14.934Z - [WATCHER]: Processing file changes in outputs
[NX Daemon Server] - 2024-07-08T14:43:15.011Z - [WATCHER]: Processing file changes in outputs
[NX Daemon Server] - 2024-07-08T14:43:15.081Z - [WATCHER]: Processing file changes in outputs
[NX Daemon Server] - 2024-07-08T14:43:20.944Z - [WATCHER]: libs/shell/src/lib/website-shell.tsx was modified
[NX Daemon Server] - 2024-07-08T14:43:20.944Z - [WATCHER]: Processing file changes in outputs
[NX Daemon Server] - 2024-07-08T14:43:21.016Z - [WATCHER]: Processing file changes in outputs
[NX Daemon Server] - 2024-07-08T14:43:21.084Z - [WATCHER]: Processing file changes in outputs
[NX Daemon Server] - 2024-07-08T14:43:21.337Z - [REQUEST]: Updated workspace context based on watched changes, recomputing project graph...
[NX Daemon Server] - 2024-07-08T14:43:21.337Z - [REQUEST]: libs/shell/src/lib/website-shell.tsx
[NX Daemon Server] - 2024-07-08T14:43:21.337Z - [REQUEST]: 
[NX Daemon Server] - 2024-07-08T14:43:21.427Z - Time taken for 'hash changed files from watcher' 1.3939580000005662ms
[NX Daemon Server] - 2024-07-08T14:43:30.369Z - [WATCHER]: libs/shell/src/lib/website-shell.tsx was modified
[NX Daemon Server] - 2024-07-08T14:43:30.369Z - [WATCHER]: Processing file changes in outputs
[NX Daemon Server] - 2024-07-08T14:43:30.577Z - [WATCHER]: Processing file changes in outputs
[NX Daemon Server] - 2024-07-08T14:43:32.088Z - [WATCHER]: libs/shell/src/lib/website-shell.tsx was modified
[NX Daemon Server] - 2024-07-08T14:43:32.089Z - [WATCHER]: Processing file changes in outputs
[NX Daemon Server] - 2024-07-08T14:43:32.165Z - [WATCHER]: Processing file changes in outputs
[NX Daemon Server] - 2024-07-08T14:43:32.234Z - [WATCHER]: Processing file changes in outputs
[NX Daemon Server] - 2024-07-08T14:43:32.290Z - [WATCHER]: Processing file changes in outputs
[NX Daemon Server] - 2024-07-08T14:43:32.343Z - [WATCHER]: Processing file changes in outputs
[NX Daemon Server] - 2024-07-08T14:43:33.344Z - [WATCHER]: libs/shell/src/lib/website-shell.tsx was modified
[NX Daemon Server] - 2024-07-08T14:43:33.344Z - [WATCHER]: Processing file changes in outputs
[NX Daemon Server] - 2024-07-08T14:43:33.419Z - [WATCHER]: Processing file changes in outputs
[NX Daemon Server] - 2024-07-08T14:43:33.506Z - [WATCHER]: Processing file changes in outputs
[NX Daemon Server] - 2024-07-08T14:43:36.770Z - [REQUEST]: Updated workspace context based on watched changes, recomputing project graph...
[NX Daemon Server] - 2024-07-08T14:43:36.771Z - [REQUEST]: libs/shell/src/lib/website-shell.tsx
[NX Daemon Server] - 2024-07-08T14:43:36.771Z - [REQUEST]: 
[NX Daemon Server] - 2024-07-08T14:43:36.836Z - Time taken for 'hash changed files from watcher' 0.6492920001037419ms
[NX Daemon Server] - 2024-07-08T14:43:38.300Z - [WATCHER]: libs/shell/src/lib/website-shell.tsx was modified
[NX Daemon Server] - 2024-07-08T14:43:38.300Z - [WATCHER]: Processing file changes in outputs
[NX Daemon Server] - 2024-07-08T14:43:38.382Z - [WATCHER]: Processing file changes in outputs
[NX Daemon Server] - 2024-07-08T14:43:38.460Z - [WATCHER]: Processing file changes in outputs
[NX Daemon Server] - 2024-07-08T14:43:40.436Z - [WATCHER]: libs/shell/src/lib/website-shell.tsx was modified
[NX Daemon Server] - 2024-07-08T14:43:40.436Z - [WATCHER]: Processing file changes in outputs
[NX Daemon Server] - 2024-07-08T14:43:40.543Z - [WATCHER]: Processing file changes in outputs
[NX Daemon Server] - 2024-07-08T14:43:40.606Z - [WATCHER]: Processing file changes in outputs
[NX Daemon Server] - 2024-07-08T14:43:42.064Z - [WATCHER]: libs/shell/src/lib/website-shell.tsx was modified
[NX Daemon Server] - 2024-07-08T14:43:42.064Z - [WATCHER]: Processing file changes in outputs
[NX Daemon Server] - 2024-07-08T14:43:42.140Z - [WATCHER]: Processing file changes in outputs
[NX Daemon Server] - 2024-07-08T14:43:42.203Z - [WATCHER]: Processing file changes in outputs
[NX Daemon Server] - 2024-07-08T14:43:44.193Z - [WATCHER]: libs/shell/src/lib/website-shell.tsx was modified
[NX Daemon Server] - 2024-07-08T14:43:44.193Z - [WATCHER]: Processing file changes in outputs
[NX Daemon Server] - 2024-07-08T14:43:44.270Z - [WATCHER]: Processing file changes in outputs
[NX Daemon Server] - 2024-07-08T14:43:44.335Z - [WATCHER]: Processing file changes in outputs
[NX Daemon Server] - 2024-07-08T14:43:44.702Z - [REQUEST]: Updated workspace context based on watched changes, recomputing project graph...
[NX Daemon Server] - 2024-07-08T14:43:44.702Z - [REQUEST]: libs/shell/src/lib/website-shell.tsx
[NX Daemon Server] - 2024-07-08T14:43:44.703Z - [REQUEST]: 
[NX Daemon Server] - 2024-07-08T14:43:44.765Z - Time taken for 'hash changed files from watcher' 0.5028750000055879ms
[NX Daemon Server] - 2024-07-08T14:43:48.759Z - [WATCHER]: libs/shell/src/lib/website-shell.tsx was modified
[NX Daemon Server] - 2024-07-08T14:43:48.759Z - [WATCHER]: Processing file changes in outputs
[NX Daemon Server] - 2024-07-08T14:43:48.835Z - [WATCHER]: Processing file changes in outputs
[NX Daemon Server] - 2024-07-08T14:43:48.896Z - [WATCHER]: Processing file changes in outputs
[NX Daemon Server] - 2024-07-08T14:43:55.161Z - [REQUEST]: Updated workspace context based on watched changes, recomputing project graph...
[NX Daemon Server] - 2024-07-08T14:43:55.161Z - [REQUEST]: libs/shell/src/lib/website-shell.tsx
[NX Daemon Server] - 2024-07-08T14:43:55.161Z - [REQUEST]: 
[NX Daemon Server] - 2024-07-08T14:43:55.211Z - [WATCHER]: apps/txb/src/app/page.tsx was modified
[NX Daemon Server] - 2024-07-08T14:43:55.211Z - [WATCHER]: Processing file changes in outputs
[NX Daemon Server] - 2024-07-08T14:43:55.211Z - Time taken for 'hash changed files from watcher' 0.557334000011906ms
[NX Daemon Server] - 2024-07-08T14:43:55.265Z - [WATCHER]: Processing file changes in outputs
[NX Daemon Server] - 2024-07-08T14:43:55.322Z - [WATCHER]: Processing file changes in outputs
[NX Daemon Server] - 2024-07-08T14:44:01.613Z - [REQUEST]: Updated workspace context based on watched changes, recomputing project graph...
[NX Daemon Server] - 2024-07-08T14:44:01.614Z - [REQUEST]: apps/txb/src/app/page.tsx
[NX Daemon Server] - 2024-07-08T14:44:01.614Z - [REQUEST]: 
[NX Daemon Server] - 2024-07-08T14:44:01.669Z - Time taken for 'hash changed files from watcher' 0.44220799999311566ms
[NX Daemon Server] - 2024-07-08T14:44:06.076Z - [WATCHER]: libs/shell/src/lib/website-shell.tsx was modified
[NX Daemon Server] - 2024-07-08T14:44:06.077Z - [WATCHER]: Processing file changes in outputs
[NX Daemon Server] - 2024-07-08T14:44:06.163Z - [WATCHER]: Processing file changes in outputs
[NX Daemon Server] - 2024-07-08T14:44:06.240Z - [WATCHER]: Processing file changes in outputs
[NX Daemon Server] - 2024-07-08T14:44:12.478Z - [REQUEST]: Updated workspace context based on watched changes, recomputing project graph...
[NX Daemon Server] - 2024-07-08T14:44:12.478Z - [REQUEST]: libs/shell/src/lib/website-shell.tsx
[NX Daemon Server] - 2024-07-08T14:44:12.478Z - [REQUEST]: 
[NX Daemon Server] - 2024-07-08T14:44:12.547Z - Time taken for 'hash changed files from watcher' 0.968040999956429ms
[NX Daemon Server] - 2024-07-08T14:44:18.176Z - [WATCHER]: libs/shell/src/lib/website-shell.tsx was modified
[NX Daemon Server] - 2024-07-08T14:44:18.176Z - [WATCHER]: Processing file changes in outputs
[NX Daemon Server] - 2024-07-08T14:44:18.258Z - [WATCHER]: Processing file changes in outputs
[NX Daemon Server] - 2024-07-08T14:44:18.325Z - [WATCHER]: Processing file changes in outputs
[NX Daemon Server] - 2024-07-08T14:44:24.578Z - [REQUEST]: Updated workspace context based on watched changes, recomputing project graph...
[NX Daemon Server] - 2024-07-08T14:44:24.578Z - [REQUEST]: libs/shell/src/lib/website-shell.tsx
[NX Daemon Server] - 2024-07-08T14:44:24.578Z - [REQUEST]: 
[NX Daemon Server] - 2024-07-08T14:44:24.630Z - Time taken for 'hash changed files from watcher' 0.3691670000553131ms
[NX Daemon Server] - 2024-07-08T14:44:26.709Z - [WATCHER]: apps/txb/src/app/page.tsx was modified
[NX Daemon Server] - 2024-07-08T14:44:26.709Z - [WATCHER]: Processing file changes in outputs
[NX Daemon Server] - 2024-07-08T14:44:26.912Z - [WATCHER]: Processing file changes in outputs
[NX Daemon Server] - 2024-07-08T14:44:27.808Z - [WATCHER]: apps/txb/src/app/page.tsx was modified
[NX Daemon Server] - 2024-07-08T14:44:27.808Z - [WATCHER]: Processing file changes in outputs
[NX Daemon Server] - 2024-07-08T14:44:27.893Z - [WATCHER]: Processing file changes in outputs
[NX Daemon Server] - 2024-07-08T14:44:27.958Z - [WATCHER]: Processing file changes in outputs
[NX Daemon Server] - 2024-07-08T14:44:28.112Z - [WATCHER]: Processing file changes in outputs
[NX Daemon Server] - 2024-07-08T14:44:33.111Z - [REQUEST]: Updated workspace context based on watched changes, recomputing project graph...
[NX Daemon Server] - 2024-07-08T14:44:33.111Z - [REQUEST]: apps/txb/src/app/page.tsx
[NX Daemon Server] - 2024-07-08T14:44:33.111Z - [REQUEST]: 
[NX Daemon Server] - 2024-07-08T14:44:33.177Z - Time taken for 'hash changed files from watcher' 0.4936250001192093ms
[NX Daemon Server] - 2024-07-08T14:44:43.333Z - [WATCHER]: apps/txb/src/components/home.tsx was modified
[NX Daemon Server] - 2024-07-08T14:44:43.334Z - [WATCHER]: Processing file changes in outputs
[NX Daemon Server] - 2024-07-08T14:44:43.438Z - [WATCHER]: Processing file changes in outputs
[NX Daemon Server] - 2024-07-08T14:44:43.584Z - [WATCHER]: Processing file changes in outputs
[NX Daemon Server] - 2024-07-08T14:44:43.638Z - [WATCHER]: Processing file changes in outputs
[NX Daemon Server] - 2024-07-08T14:44:49.735Z - [REQUEST]: Updated workspace context based on watched changes, recomputing project graph...
[NX Daemon Server] - 2024-07-08T14:44:49.736Z - [REQUEST]: apps/txb/src/components/home.tsx
[NX Daemon Server] - 2024-07-08T14:44:49.736Z - [REQUEST]: 
[NX Daemon Server] - 2024-07-08T14:44:49.795Z - Time taken for 'hash changed files from watcher' 0.725417000008747ms
[NX Daemon Server] - 2024-07-08T14:44:54.371Z - [WATCHER]: apps/txb/src/components/home.tsx was modified
[NX Daemon Server] - 2024-07-08T14:44:54.372Z - [WATCHER]: Processing file changes in outputs
[NX Daemon Server] - 2024-07-08T14:44:54.462Z - [WATCHER]: Processing file changes in outputs
[NX Daemon Server] - 2024-07-08T14:44:54.545Z - [WATCHER]: Processing file changes in outputs
[NX Daemon Server] - 2024-07-08T14:44:54.625Z - [WATCHER]: Processing file changes in outputs
[NX Daemon Server] - 2024-07-08T14:45:00.539Z - [WATCHER]: apps/txb/src/components/home.tsx was modified
[NX Daemon Server] - 2024-07-08T14:45:00.539Z - [WATCHER]: Processing file changes in outputs
[NX Daemon Server] - 2024-07-08T14:45:00.641Z - [WATCHER]: Processing file changes in outputs
[NX Daemon Server] - 2024-07-08T14:45:00.704Z - [WATCHER]: Processing file changes in outputs
[NX Daemon Server] - 2024-07-08T14:45:00.770Z - [WATCHER]: Processing file changes in outputs
[NX Daemon Server] - 2024-07-08T14:45:00.772Z - [REQUEST]: Updated workspace context based on watched changes, recomputing project graph...
[NX Daemon Server] - 2024-07-08T14:45:00.772Z - [REQUEST]: apps/txb/src/components/home.tsx
[NX Daemon Server] - 2024-07-08T14:45:00.772Z - [REQUEST]: 
[NX Daemon Server] - 2024-07-08T14:45:00.867Z - Time taken for 'hash changed files from watcher' 0.36237500002607703ms
[NX Daemon Server] - 2024-07-08T14:45:11.360Z - [WATCHER]: apps/txb/src/app/page.tsx was modified
[NX Daemon Server] - 2024-07-08T14:45:11.360Z - [WATCHER]: Processing file changes in outputs
[NX Daemon Server] - 2024-07-08T14:45:11.512Z - [WATCHER]: Processing file changes in outputs
[NX Daemon Server] - 2024-07-08T14:45:14.742Z - [WATCHER]: apps/txb/src/app/page.tsx was modified
[NX Daemon Server] - 2024-07-08T14:45:14.742Z - [WATCHER]: Processing file changes in outputs
[NX Daemon Server] - 2024-07-08T14:45:14.825Z - [WATCHER]: Processing file changes in outputs
[NX Daemon Server] - 2024-07-08T14:45:14.891Z - [WATCHER]: Processing file changes in outputs
[NX Daemon Server] - 2024-07-08T14:45:14.970Z - [WATCHER]: Processing file changes in outputs
[NX Daemon Server] - 2024-07-08T14:45:16.813Z - [WATCHER]: apps/txb/src/app/page.tsx was modified
[NX Daemon Server] - 2024-07-08T14:45:16.813Z - [WATCHER]: Processing file changes in outputs
[NX Daemon Server] - 2024-07-08T14:45:16.942Z - [WATCHER]: Processing file changes in outputs
[NX Daemon Server] - 2024-07-08T14:45:17.764Z - [REQUEST]: Updated workspace context based on watched changes, recomputing project graph...
[NX Daemon Server] - 2024-07-08T14:45:17.764Z - [REQUEST]: apps/txb/src/app/page.tsx
[NX Daemon Server] - 2024-07-08T14:45:17.764Z - [REQUEST]: 
[NX Daemon Server] - 2024-07-08T14:45:17.839Z - Time taken for 'hash changed files from watcher' 1.586333000101149ms
[NX Daemon Server] - 2024-07-08T14:45:23.590Z - [WATCHER]: apps/txb/src/app/page.tsx was modified
[NX Daemon Server] - 2024-07-08T14:45:23.590Z - [WATCHER]: Processing file changes in outputs
[NX Daemon Server] - 2024-07-08T14:45:23.692Z - [WATCHER]: Processing file changes in outputs
[NX Daemon Server] - 2024-07-08T14:45:23.762Z - [WATCHER]: Processing file changes in outputs
[NX Daemon Server] - 2024-07-08T14:45:23.845Z - [WATCHER]: Processing file changes in outputs
[NX Daemon Server] - 2024-07-08T14:45:29.992Z - [REQUEST]: Updated workspace context based on watched changes, recomputing project graph...
[NX Daemon Server] - 2024-07-08T14:45:29.992Z - [REQUEST]: apps/txb/src/app/page.tsx
[NX Daemon Server] - 2024-07-08T14:45:29.992Z - [REQUEST]: 
[NX Daemon Server] - 2024-07-08T14:45:30.058Z - Time taken for 'hash changed files from watcher' 0.5853329999372363ms
[NX Daemon Server] - 2024-07-08T14:45:40.771Z - [WATCHER]: apps/txb/src/app/page.tsx was modified
[NX Daemon Server] - 2024-07-08T14:45:40.771Z - [WATCHER]: Processing file changes in outputs
[NX Daemon Server] - 2024-07-08T14:45:40.859Z - [WATCHER]: Processing file changes in outputs
[NX Daemon Server] - 2024-07-08T14:45:40.929Z - [WATCHER]: Processing file changes in outputs
[NX Daemon Server] - 2024-07-08T14:45:45.687Z - [WATCHER]: apps/txb/src/app/page.tsx was modified
[NX Daemon Server] - 2024-07-08T14:45:45.688Z - [WATCHER]: Processing file changes in outputs
[NX Daemon Server] - 2024-07-08T14:45:45.772Z - [WATCHER]: Processing file changes in outputs
[NX Daemon Server] - 2024-07-08T14:45:45.843Z - [WATCHER]: Processing file changes in outputs
[NX Daemon Server] - 2024-07-08T14:45:47.172Z - [REQUEST]: Updated workspace context based on watched changes, recomputing project graph...
[NX Daemon Server] - 2024-07-08T14:45:47.173Z - [REQUEST]: apps/txb/src/app/page.tsx
[NX Daemon Server] - 2024-07-08T14:45:47.173Z - [REQUEST]: 
[NX Daemon Server] - 2024-07-08T14:45:47.238Z - Time taken for 'hash changed files from watcher' 0.8594999997876585ms
[NX Daemon Server] - 2024-07-08T14:46:13.349Z - [WATCHER]: apps/txb/src/components/home.tsx was modified
[NX Daemon Server] - 2024-07-08T14:46:13.349Z - [WATCHER]: Processing file changes in outputs
[NX Daemon Server] - 2024-07-08T14:46:13.454Z - [WATCHER]: Processing file changes in outputs
[NX Daemon Server] - 2024-07-08T14:46:13.575Z - [WATCHER]: Processing file changes in outputs
[NX Daemon Server] - 2024-07-08T14:46:13.643Z - [WATCHER]: Processing file changes in outputs
[NX Daemon Server] - 2024-07-08T14:46:19.751Z - [REQUEST]: Updated workspace context based on watched changes, recomputing project graph...
[NX Daemon Server] - 2024-07-08T14:46:19.751Z - [REQUEST]: apps/txb/src/components/home.tsx
[NX Daemon Server] - 2024-07-08T14:46:19.751Z - [REQUEST]: 
[NX Daemon Server] - 2024-07-08T14:46:19.814Z - Time taken for 'hash changed files from watcher' 0.6712079998105764ms
[NX Daemon Server] - 2024-07-08T14:46:21.290Z - [WATCHER]: apps/txb/src/components/home.tsx was modified
[NX Daemon Server] - 2024-07-08T14:46:21.290Z - [WATCHER]: Processing file changes in outputs
[NX Daemon Server] - 2024-07-08T14:46:21.387Z - [WATCHER]: Processing file changes in outputs
[NX Daemon Server] - 2024-07-08T14:46:21.470Z - [WATCHER]: Processing file changes in outputs
[NX Daemon Server] - 2024-07-08T14:46:21.535Z - [WATCHER]: Processing file changes in outputs
[NX Daemon Server] - 2024-07-08T14:46:24.120Z - [WATCHER]: apps/txb/src/components/home.tsx was modified
[NX Daemon Server] - 2024-07-08T14:46:24.120Z - [WATCHER]: Processing file changes in outputs
[NX Daemon Server] - 2024-07-08T14:46:24.244Z - [WATCHER]: Processing file changes in outputs
[NX Daemon Server] - 2024-07-08T14:46:24.332Z - [WATCHER]: Processing file changes in outputs
[NX Daemon Server] - 2024-07-08T14:46:24.395Z - [WATCHER]: Processing file changes in outputs
[NX Daemon Server] - 2024-07-08T14:46:26.940Z - [WATCHER]: apps/txb/src/components/home.tsx was modified
[NX Daemon Server] - 2024-07-08T14:46:26.940Z - [WATCHER]: Processing file changes in outputs
[NX Daemon Server] - 2024-07-08T14:46:27.013Z - [WATCHER]: Processing file changes in outputs
[NX Daemon Server] - 2024-07-08T14:46:27.105Z - [WATCHER]: Processing file changes in outputs
[NX Daemon Server] - 2024-07-08T14:46:27.692Z - [REQUEST]: Updated workspace context based on watched changes, recomputing project graph...
[NX Daemon Server] - 2024-07-08T14:46:27.692Z - [REQUEST]: apps/txb/src/components/home.tsx
[NX Daemon Server] - 2024-07-08T14:46:27.692Z - [REQUEST]: 
[NX Daemon Server] - 2024-07-08T14:46:27.752Z - Time taken for 'hash changed files from watcher' 1.1645830001216382ms
[NX Daemon Server] - 2024-07-08T14:46:29.571Z - [WATCHER]: apps/txb/src/components/home.tsx was modified
[NX Daemon Server] - 2024-07-08T14:46:29.571Z - [WATCHER]: Processing file changes in outputs
[NX Daemon Server] - 2024-07-08T14:46:29.695Z - [WATCHER]: Processing file changes in outputs
[NX Daemon Server] - 2024-07-08T14:46:29.755Z - [WATCHER]: Processing file changes in outputs
[NX Daemon Server] - 2024-07-08T14:46:29.813Z - [WATCHER]: Processing file changes in outputs
[NX Daemon Server] - 2024-07-08T14:46:30.586Z - [WATCHER]: apps/txb/src/components/home.tsx was modified
[NX Daemon Server] - 2024-07-08T14:46:30.586Z - [WATCHER]: Processing file changes in outputs
[NX Daemon Server] - 2024-07-08T14:46:30.695Z - [WATCHER]: Processing file changes in outputs
[NX Daemon Server] - 2024-07-08T14:46:30.750Z - [WATCHER]: Processing file changes in outputs
[NX Daemon Server] - 2024-07-08T14:46:30.807Z - [WATCHER]: Processing file changes in outputs
[NX Daemon Server] - 2024-07-08T14:46:35.972Z - [REQUEST]: Updated workspace context based on watched changes, recomputing project graph...
[NX Daemon Server] - 2024-07-08T14:46:35.972Z - [REQUEST]: apps/txb/src/components/home.tsx
[NX Daemon Server] - 2024-07-08T14:46:35.973Z - [REQUEST]: 
[NX Daemon Server] - 2024-07-08T14:46:36.023Z - Time taken for 'hash changed files from watcher' 0.6636250000447035ms
[NX Daemon Server] - 2024-07-08T14:46:45.266Z - [WATCHER]: apps/txb/src/app/page.tsx was modified
[NX Daemon Server] - 2024-07-08T14:46:45.267Z - [WATCHER]: Processing file changes in outputs
[NX Daemon Server] - 2024-07-08T14:46:45.386Z - [WATCHER]: Processing file changes in outputs
[NX Daemon Server] - 2024-07-08T14:46:45.450Z - [WATCHER]: Processing file changes in outputs
[NX Daemon Server] - 2024-07-08T14:46:48.146Z - [WATCHER]: apps/txb/src/app/page.tsx was modified
[NX Daemon Server] - 2024-07-08T14:46:48.147Z - [WATCHER]: Processing file changes in outputs
[NX Daemon Server] - 2024-07-08T14:46:48.225Z - [WATCHER]: Processing file changes in outputs
[NX Daemon Server] - 2024-07-08T14:46:48.285Z - [WATCHER]: Processing file changes in outputs
[NX Daemon Server] - 2024-07-08T14:46:49.944Z - [WATCHER]: apps/txb/src/app/page.tsx was modified
[NX Daemon Server] - 2024-07-08T14:46:49.944Z - [WATCHER]: Processing file changes in outputs
[NX Daemon Server] - 2024-07-08T14:46:50.020Z - [WATCHER]: Processing file changes in outputs
[NX Daemon Server] - 2024-07-08T14:46:50.082Z - [WATCHER]: Processing file changes in outputs
[NX Daemon Server] - 2024-07-08T14:46:51.668Z - [REQUEST]: Updated workspace context based on watched changes, recomputing project graph...
[NX Daemon Server] - 2024-07-08T14:46:51.668Z - [REQUEST]: apps/txb/src/app/page.tsx
[NX Daemon Server] - 2024-07-08T14:46:51.668Z - [REQUEST]: 
[NX Daemon Server] - 2024-07-08T14:46:51.726Z - Time taken for 'hash changed files from watcher' 0.47266700002364814ms
[NX Daemon Server] - 2024-07-08T14:47:27.391Z - [WATCHER]: libs/shell/src/lib/website-shell.tsx was modified
[NX Daemon Server] - 2024-07-08T14:47:27.391Z - [WATCHER]: Processing file changes in outputs
[NX Daemon Server] - 2024-07-08T14:47:27.491Z - [WATCHER]: Processing file changes in outputs
[NX Daemon Server] - 2024-07-08T14:47:27.604Z - [WATCHER]: Processing file changes in outputs
[NX Daemon Server] - 2024-07-08T14:47:33.795Z - [REQUEST]: Updated workspace context based on watched changes, recomputing project graph...
[NX Daemon Server] - 2024-07-08T14:47:33.795Z - [REQUEST]: libs/shell/src/lib/website-shell.tsx
[NX Daemon Server] - 2024-07-08T14:47:33.795Z - [REQUEST]: 
[NX Daemon Server] - 2024-07-08T14:47:33.870Z - Time taken for 'hash changed files from watcher' 1.6893749998416752ms
[NX Daemon Server] - 2024-07-08T14:47:37.028Z - [WATCHER]: libs/shell/src/lib/website-shell.tsx was modified
[NX Daemon Server] - 2024-07-08T14:47:37.029Z - [WATCHER]: Processing file changes in outputs
[NX Daemon Server] - 2024-07-08T14:47:37.108Z - [WATCHER]: Processing file changes in outputs
[NX Daemon Server] - 2024-07-08T14:47:37.178Z - [WATCHER]: Processing file changes in outputs
[NX Daemon Server] - 2024-07-08T14:47:43.432Z - [REQUEST]: Updated workspace context based on watched changes, recomputing project graph...
[NX Daemon Server] - 2024-07-08T14:47:43.433Z - [REQUEST]: libs/shell/src/lib/website-shell.tsx
[NX Daemon Server] - 2024-07-08T14:47:43.433Z - [REQUEST]: 
[NX Daemon Server] - 2024-07-08T14:47:43.490Z - Time taken for 'hash changed files from watcher' 1.0212499999906868ms
[NX Daemon Server] - 2024-07-08T14:47:52.358Z - [WATCHER]: apps/txb/src/app/page.tsx was modified
[NX Daemon Server] - 2024-07-08T14:47:52.358Z - [WATCHER]: Processing file changes in outputs
[NX Daemon Server] - 2024-07-08T14:47:52.435Z - [WATCHER]: Processing file changes in outputs
[NX Daemon Server] - 2024-07-08T14:47:52.501Z - [WATCHER]: Processing file changes in outputs
[NX Daemon Server] - 2024-07-08T14:47:57.457Z - [WATCHER]: apps/txb/src/components/home.tsx was modified
[NX Daemon Server] - 2024-07-08T14:47:57.458Z - [WATCHER]: Processing file changes in outputs
[NX Daemon Server] - 2024-07-08T14:47:57.605Z - [WATCHER]: Processing file changes in outputs
[NX Daemon Server] - 2024-07-08T14:47:57.666Z - [WATCHER]: Processing file changes in outputs
[NX Daemon Server] - 2024-07-08T14:47:57.723Z - [WATCHER]: Processing file changes in outputs
[NX Daemon Server] - 2024-07-08T14:47:58.760Z - [REQUEST]: Updated workspace context based on watched changes, recomputing project graph...
[NX Daemon Server] - 2024-07-08T14:47:58.760Z - [REQUEST]: apps/txb/src/app/page.tsx,apps/txb/src/components/home.tsx
[NX Daemon Server] - 2024-07-08T14:47:58.760Z - [REQUEST]: 
[NX Daemon Server] - 2024-07-08T14:47:58.827Z - Time taken for 'hash changed files from watcher' 0.8697079999838024ms
[NX Daemon Server] - 2024-07-08T14:48:02.198Z - [WATCHER]: apps/txb/src/components/home.tsx was modified
[NX Daemon Server] - 2024-07-08T14:48:02.198Z - [WATCHER]: Processing file changes in outputs
[NX Daemon Server] - 2024-07-08T14:48:02.306Z - [WATCHER]: Processing file changes in outputs
[NX Daemon Server] - 2024-07-08T14:48:02.391Z - [WATCHER]: Processing file changes in outputs
[NX Daemon Server] - 2024-07-08T14:48:02.485Z - [WATCHER]: Processing file changes in outputs
[NX Daemon Server] - 2024-07-08T14:48:03.421Z - [WATCHER]: apps/txb/src/components/home.tsx was modified
[NX Daemon Server] - 2024-07-08T14:48:03.422Z - [WATCHER]: Processing file changes in outputs
[NX Daemon Server] - 2024-07-08T14:48:03.643Z - [WATCHER]: Processing file changes in outputs
[NX Daemon Server] - 2024-07-08T14:48:05.221Z - [WATCHER]: Processing file changes in outputs
[NX Daemon Server] - 2024-07-08T14:48:05.221Z - [WATCHER]: apps/txb/src/components/home.tsx was modified
[NX Daemon Server] - 2024-07-08T14:48:05.319Z - [WATCHER]: Processing file changes in outputs
[NX Daemon Server] - 2024-07-08T14:48:05.371Z - [WATCHER]: Processing file changes in outputs
[NX Daemon Server] - 2024-07-08T14:48:05.459Z - [WATCHER]: Processing file changes in outputs
[NX Daemon Server] - 2024-07-08T14:48:08.600Z - [REQUEST]: Updated workspace context based on watched changes, recomputing project graph...
[NX Daemon Server] - 2024-07-08T14:48:08.600Z - [REQUEST]: apps/txb/src/components/home.tsx
[NX Daemon Server] - 2024-07-08T14:48:08.600Z - [REQUEST]: 
[NX Daemon Server] - 2024-07-08T14:48:08.668Z - Time taken for 'hash changed files from watcher' 0.717416999861598ms
[NX Daemon Server] - 2024-07-08T14:48:11.079Z - [WATCHER]: apps/txb/src/components/home.tsx was modified
[NX Daemon Server] - 2024-07-08T14:48:11.079Z - [WATCHER]: Processing file changes in outputs
[NX Daemon Server] - 2024-07-08T14:48:11.175Z - [WATCHER]: Processing file changes in outputs
[NX Daemon Server] - 2024-07-08T14:48:11.241Z - [WATCHER]: Processing file changes in outputs
[NX Daemon Server] - 2024-07-08T14:48:11.316Z - [WATCHER]: Processing file changes in outputs
[NX Daemon Server] - 2024-07-08T14:48:17.481Z - [REQUEST]: Updated workspace context based on watched changes, recomputing project graph...
[NX Daemon Server] - 2024-07-08T14:48:17.483Z - [REQUEST]: apps/txb/src/components/home.tsx
[NX Daemon Server] - 2024-07-08T14:48:17.483Z - [REQUEST]: 
[NX Daemon Server] - 2024-07-08T14:48:17.541Z - Time taken for 'hash changed files from watcher' 0.5213750000111759ms
[NX Daemon Server] - 2024-07-08T14:49:11.338Z - [WATCHER]: Processing file changes in outputs
[NX Daemon Server] - 2024-07-08T14:49:11.487Z - [WATCHER]: Processing file changes in outputs
[NX Daemon Server] - 2024-07-08T14:49:11.550Z - [WATCHER]: Processing file changes in outputs
[NX Daemon Server] - 2024-07-08T14:49:11.629Z - [WATCHER]: Processing file changes in outputs
[NX Daemon Server] - 2024-07-08T14:49:11.693Z - [WATCHER]: Processing file changes in outputs
[NX Daemon Server] - 2024-07-08T14:49:11.752Z - [WATCHER]: Processing file changes in outputs
[NX Daemon Server] - 2024-07-08T14:49:32.273Z - [WATCHER]: apps/txb/src/components/home.tsx was modified
[NX Daemon Server] - 2024-07-08T14:49:32.273Z - [WATCHER]: Processing file changes in outputs
[NX Daemon Server] - 2024-07-08T14:49:32.439Z - [WATCHER]: Processing file changes in outputs
[NX Daemon Server] - 2024-07-08T14:49:32.562Z - [WATCHER]: Processing file changes in outputs
[NX Daemon Server] - 2024-07-08T14:49:32.630Z - [WATCHER]: Processing file changes in outputs
[NX Daemon Server] - 2024-07-08T14:49:38.676Z - [REQUEST]: Updated workspace context based on watched changes, recomputing project graph...
[NX Daemon Server] - 2024-07-08T14:49:38.676Z - [REQUEST]: apps/txb/src/components/home.tsx
[NX Daemon Server] - 2024-07-08T14:49:38.676Z - [REQUEST]: 
[NX Daemon Server] - 2024-07-08T14:49:38.738Z - Time taken for 'hash changed files from watcher' 0.8795420001260936ms
[NX Daemon Server] - 2024-07-08T14:49:40.670Z - [WATCHER]: apps/txb/src/components/home.tsx was modified
[NX Daemon Server] - 2024-07-08T14:49:40.670Z - [WATCHER]: Processing file changes in outputs
[NX Daemon Server] - 2024-07-08T14:49:40.764Z - [WATCHER]: Processing file changes in outputs
[NX Daemon Server] - 2024-07-08T14:49:40.825Z - [WATCHER]: Processing file changes in outputs
[NX Daemon Server] - 2024-07-08T14:49:40.890Z - [WATCHER]: Processing file changes in outputs
[NX Daemon Server] - 2024-07-08T14:49:42.645Z - [WATCHER]: apps/txb/src/components/home.tsx was modified
[NX Daemon Server] - 2024-07-08T14:49:42.645Z - [WATCHER]: Processing file changes in outputs
[NX Daemon Server] - 2024-07-08T14:49:42.742Z - [WATCHER]: Processing file changes in outputs
[NX Daemon Server] - 2024-07-08T14:49:42.803Z - [WATCHER]: Processing file changes in outputs
[NX Daemon Server] - 2024-07-08T14:49:42.862Z - [WATCHER]: Processing file changes in outputs
[NX Daemon Server] - 2024-07-08T14:49:45.620Z - [WATCHER]: apps/txb/src/components/home.tsx was modified
[NX Daemon Server] - 2024-07-08T14:49:45.620Z - [WATCHER]: Processing file changes in outputs
[NX Daemon Server] - 2024-07-08T14:49:45.748Z - [WATCHER]: Processing file changes in outputs
[NX Daemon Server] - 2024-07-08T14:49:45.820Z - [WATCHER]: Processing file changes in outputs
[NX Daemon Server] - 2024-07-08T14:49:45.878Z - [WATCHER]: Processing file changes in outputs
[NX Daemon Server] - 2024-07-08T14:49:47.070Z - [REQUEST]: Updated workspace context based on watched changes, recomputing project graph...
[NX Daemon Server] - 2024-07-08T14:49:47.070Z - [REQUEST]: apps/txb/src/components/home.tsx
[NX Daemon Server] - 2024-07-08T14:49:47.070Z - [REQUEST]: 
[NX Daemon Server] - 2024-07-08T14:49:47.148Z - Time taken for 'hash changed files from watcher' 0.4042499999050051ms
[NX Daemon Server] - 2024-07-08T14:49:53.019Z - [WATCHER]: apps/txb/src/components/home.tsx was modified
[NX Daemon Server] - 2024-07-08T14:49:53.019Z - [WATCHER]: Processing file changes in outputs
[NX Daemon Server] - 2024-07-08T14:49:53.120Z - [WATCHER]: Processing file changes in outputs
[NX Daemon Server] - 2024-07-08T14:49:53.232Z - [WATCHER]: Processing file changes in outputs
[NX Daemon Server] - 2024-07-08T14:49:53.294Z - [WATCHER]: Processing file changes in outputs
[NX Daemon Server] - 2024-07-08T14:49:59.421Z - [REQUEST]: Updated workspace context based on watched changes, recomputing project graph...
[NX Daemon Server] - 2024-07-08T14:49:59.421Z - [REQUEST]: apps/txb/src/components/home.tsx
[NX Daemon Server] - 2024-07-08T14:49:59.422Z - [REQUEST]: 
[NX Daemon Server] - 2024-07-08T14:49:59.485Z - Time taken for 'hash changed files from watcher' 0.4845000000204891ms
[NX Daemon Server] - 2024-07-08T14:50:09.591Z - [WATCHER]: apps/txb/src/components/home.tsx was modified
[NX Daemon Server] - 2024-07-08T14:50:09.591Z - [WATCHER]: Processing file changes in outputs
[NX Daemon Server] - 2024-07-08T14:50:09.711Z - [WATCHER]: Processing file changes in outputs
[NX Daemon Server] - 2024-07-08T14:50:09.822Z - [WATCHER]: Processing file changes in outputs
[NX Daemon Server] - 2024-07-08T14:50:09.945Z - [WATCHER]: Processing file changes in outputs
[NX Daemon Server] - 2024-07-08T14:50:11.895Z - [WATCHER]: apps/txb/src/components/home.tsx was modified
[NX Daemon Server] - 2024-07-08T14:50:11.895Z - [WATCHER]: Processing file changes in outputs
[NX Daemon Server] - 2024-07-08T14:50:12.108Z - [WATCHER]: Processing file changes in outputs
[NX Daemon Server] - 2024-07-08T14:50:15.229Z - [WATCHER]: apps/txb/src/components/home.tsx was modified
[NX Daemon Server] - 2024-07-08T14:50:15.229Z - [WATCHER]: Processing file changes in outputs
[NX Daemon Server] - 2024-07-08T14:50:15.319Z - [WATCHER]: Processing file changes in outputs
[NX Daemon Server] - 2024-07-08T14:50:15.412Z - [WATCHER]: Processing file changes in outputs
[NX Daemon Server] - 2024-07-08T14:50:15.485Z - [WATCHER]: Processing file changes in outputs
[NX Daemon Server] - 2024-07-08T14:50:15.543Z - [WATCHER]: Processing file changes in outputs
[NX Daemon Server] - 2024-07-08T14:50:15.993Z - [REQUEST]: Updated workspace context based on watched changes, recomputing project graph...
[NX Daemon Server] - 2024-07-08T14:50:15.993Z - [REQUEST]: apps/txb/src/components/home.tsx
[NX Daemon Server] - 2024-07-08T14:50:15.993Z - [REQUEST]: 
[NX Daemon Server] - 2024-07-08T14:50:16.066Z - Time taken for 'hash changed files from watcher' 0.5495000001974404ms
[NX Daemon Server] - 2024-07-08T14:50:32.111Z - [WATCHER]: libs/shell/src/lib/website-shell.tsx was modified
[NX Daemon Server] - 2024-07-08T14:50:32.112Z - [WATCHER]: Processing file changes in outputs
[NX Daemon Server] - 2024-07-08T14:50:32.311Z - [WATCHER]: Processing file changes in outputs
[NX Daemon Server] - 2024-07-08T14:50:32.480Z - [WATCHER]: Processing file changes in outputs
[NX Daemon Server] - 2024-07-08T14:50:38.514Z - [REQUEST]: Updated workspace context based on watched changes, recomputing project graph...
[NX Daemon Server] - 2024-07-08T14:50:38.514Z - [REQUEST]: libs/shell/src/lib/website-shell.tsx
[NX Daemon Server] - 2024-07-08T14:50:38.514Z - [REQUEST]: 
[NX Daemon Server] - 2024-07-08T14:50:38.583Z - Time taken for 'hash changed files from watcher' 1.0201670001260936ms
[NX Daemon Server] - 2024-07-08T14:50:42.293Z - [WATCHER]: libs/shell/src/lib/website-shell.tsx was modified
[NX Daemon Server] - 2024-07-08T14:50:42.293Z - [WATCHER]: Processing file changes in outputs
[NX Daemon Server] - 2024-07-08T14:50:42.645Z - [WATCHER]: Processing file changes in outputs
[NX Daemon Server] - 2024-07-08T14:50:44.140Z - [WATCHER]: libs/shell/src/lib/website-shell.tsx was modified
[NX Daemon Server] - 2024-07-08T14:50:44.141Z - [WATCHER]: Processing file changes in outputs
[NX Daemon Server] - 2024-07-08T14:50:44.270Z - [WATCHER]: Processing file changes in outputs
[NX Daemon Server] - 2024-07-08T14:50:44.364Z - [WATCHER]: Processing file changes in outputs
[NX Daemon Server] - 2024-07-08T14:50:44.434Z - [WATCHER]: Processing file changes in outputs
[NX Daemon Server] - 2024-07-08T14:50:44.504Z - [WATCHER]: Processing file changes in outputs
[NX Daemon Server] - 2024-07-08T14:50:48.695Z - [REQUEST]: Updated workspace context based on watched changes, recomputing project graph...
[NX Daemon Server] - 2024-07-08T14:50:48.696Z - [REQUEST]: libs/shell/src/lib/website-shell.tsx
[NX Daemon Server] - 2024-07-08T14:50:48.696Z - [REQUEST]: 
[NX Daemon Server] - 2024-07-08T14:50:48.765Z - Time taken for 'hash changed files from watcher' 0.4995420000050217ms
[NX Daemon Server] - 2024-07-08T14:51:08.644Z - [WATCHER]: libs/shell/src/lib/website-shell.tsx was created or restored
[NX Daemon Server] - 2024-07-08T14:51:08.644Z - [WATCHER]: Processing file changes in outputs
[NX Daemon Server] - 2024-07-08T14:51:08.744Z - [REQUEST]: Updated workspace context based on watched changes, recomputing project graph...
[NX Daemon Server] - 2024-07-08T14:51:08.745Z - [REQUEST]: libs/shell/src/lib/website-shell.tsx
[NX Daemon Server] - 2024-07-08T14:51:08.745Z - [REQUEST]: 
[NX Daemon Server] - 2024-07-08T14:51:08.796Z - [WATCHER]: Processing file changes in outputs
[NX Daemon Server] - 2024-07-08T14:51:08.796Z - Time taken for 'hash changed files from watcher' 0.23070800001733005ms
[NX Daemon Server] - 2024-07-08T14:51:08.875Z - [WATCHER]: Processing file changes in outputs
[NX Daemon Server] - 2024-07-08T14:51:32.284Z - [WATCHER]: apps/txb/src/components/home.tsx was modified
[NX Daemon Server] - 2024-07-08T14:51:32.284Z - [WATCHER]: Processing file changes in outputs
[NX Daemon Server] - 2024-07-08T14:51:32.451Z - [WATCHER]: Processing file changes in outputs
[NX Daemon Server] - 2024-07-08T14:51:32.506Z - [REQUEST]: Updated workspace context based on watched changes, recomputing project graph...
[NX Daemon Server] - 2024-07-08T14:51:32.506Z - [REQUEST]: apps/txb/src/components/home.tsx
[NX Daemon Server] - 2024-07-08T14:51:32.506Z - [REQUEST]: 
[NX Daemon Server] - 2024-07-08T14:51:32.587Z - Time taken for 'hash changed files from watcher' 1.9290000000037253ms
[NX Daemon Server] - 2024-07-08T14:51:32.622Z - [WATCHER]: Processing file changes in outputs
[NX Daemon Server] - 2024-07-08T14:51:32.702Z - [WATCHER]: Processing file changes in outputs
[NX Daemon Server] - 2024-07-08T14:51:33.770Z - [WATCHER]: Processing file changes in outputs
[NX Daemon Server] - 2024-07-08T14:51:33.904Z - [WATCHER]: Processing file changes in outputs
[NX Daemon Server] - 2024-07-08T14:51:37.237Z - [WATCHER]: apps/txb/src/components/home.tsx was modified
[NX Daemon Server] - 2024-07-08T14:51:37.237Z - [WATCHER]: Processing file changes in outputs
[NX Daemon Server] - 2024-07-08T14:51:37.341Z - [WATCHER]: Processing file changes in outputs
[NX Daemon Server] - 2024-07-08T14:51:37.453Z - [WATCHER]: Processing file changes in outputs
[NX Daemon Server] - 2024-07-08T14:51:37.528Z - [WATCHER]: Processing file changes in outputs
[NX Daemon Server] - 2024-07-08T14:51:37.638Z - [REQUEST]: Updated workspace context based on watched changes, recomputing project graph...
[NX Daemon Server] - 2024-07-08T14:51:37.638Z - [REQUEST]: apps/txb/src/components/home.tsx
[NX Daemon Server] - 2024-07-08T14:51:37.638Z - [REQUEST]: 
[NX Daemon Server] - 2024-07-08T14:51:37.676Z - Time taken for 'hash changed files from watcher' 0.2612920000683516ms
[NX Daemon Server] - 2024-07-08T14:51:40.120Z - [WATCHER]: apps/txb/src/components/home.tsx was modified
[NX Daemon Server] - 2024-07-08T14:51:40.120Z - [WATCHER]: Processing file changes in outputs
[NX Daemon Server] - 2024-07-08T14:51:40.215Z - [WATCHER]: Processing file changes in outputs
[NX Daemon Server] - 2024-07-08T14:51:40.282Z - [WATCHER]: Processing file changes in outputs
[NX Daemon Server] - 2024-07-08T14:51:40.347Z - [WATCHER]: Processing file changes in outputs
[NX Daemon Server] - 2024-07-08T14:51:40.921Z - [REQUEST]: Updated workspace context based on watched changes, recomputing project graph...
[NX Daemon Server] - 2024-07-08T14:51:40.921Z - [REQUEST]: apps/txb/src/components/home.tsx
[NX Daemon Server] - 2024-07-08T14:51:40.921Z - [REQUEST]: 
[NX Daemon Server] - 2024-07-08T14:51:40.976Z - Time taken for 'hash changed files from watcher' 0.6573750001844019ms
[NX Daemon Server] - 2024-07-08T14:51:46.194Z - [WATCHER]: apps/txb/src/components/home.tsx was modified
[NX Daemon Server] - 2024-07-08T14:51:46.194Z - [WATCHER]: Processing file changes in outputs
[NX Daemon Server] - 2024-07-08T14:51:46.290Z - [WATCHER]: Processing file changes in outputs
[NX Daemon Server] - 2024-07-08T14:51:46.363Z - [WATCHER]: Processing file changes in outputs
[NX Daemon Server] - 2024-07-08T14:51:46.428Z - [WATCHER]: Processing file changes in outputs
[NX Daemon Server] - 2024-07-08T14:51:47.797Z - [REQUEST]: Updated workspace context based on watched changes, recomputing project graph...
[NX Daemon Server] - 2024-07-08T14:51:47.797Z - [REQUEST]: apps/txb/src/components/home.tsx
[NX Daemon Server] - 2024-07-08T14:51:47.797Z - [REQUEST]: 
[NX Daemon Server] - 2024-07-08T14:51:47.853Z - Time taken for 'hash changed files from watcher' 0.44337500003166497ms
[NX Daemon Server] - 2024-07-08T14:51:58.842Z - [WATCHER]: apps/txb/src/components/home.tsx was modified
[NX Daemon Server] - 2024-07-08T14:51:58.842Z - [WATCHER]: Processing file changes in outputs
[NX Daemon Server] - 2024-07-08T14:51:58.941Z - [WATCHER]: Processing file changes in outputs
[NX Daemon Server] - 2024-07-08T14:51:59.005Z - [WATCHER]: Processing file changes in outputs
[NX Daemon Server] - 2024-07-08T14:51:59.064Z - [WATCHER]: Processing file changes in outputs
[NX Daemon Server] - 2024-07-08T14:52:02.045Z - [REQUEST]: Updated workspace context based on watched changes, recomputing project graph...
[NX Daemon Server] - 2024-07-08T14:52:02.045Z - [REQUEST]: apps/txb/src/components/home.tsx
[NX Daemon Server] - 2024-07-08T14:52:02.045Z - [REQUEST]: 
[NX Daemon Server] - 2024-07-08T14:52:02.107Z - Time taken for 'hash changed files from watcher' 0.7620419999584556ms
[NX Daemon Server] - 2024-07-08T14:52:10.451Z - [WATCHER]: apps/txb/src/components/home.tsx was modified
[NX Daemon Server] - 2024-07-08T14:52:10.451Z - [WATCHER]: Processing file changes in outputs
[NX Daemon Server] - 2024-07-08T14:52:10.565Z - [WATCHER]: Processing file changes in outputs
[NX Daemon Server] - 2024-07-08T14:52:10.628Z - [WATCHER]: Processing file changes in outputs
[NX Daemon Server] - 2024-07-08T14:52:10.689Z - [WATCHER]: Processing file changes in outputs
[NX Daemon Server] - 2024-07-08T14:52:16.351Z - [WATCHER]: apps/txb/src/components/home.tsx was modified
[NX Daemon Server] - 2024-07-08T14:52:16.351Z - [WATCHER]: Processing file changes in outputs
[NX Daemon Server] - 2024-07-08T14:52:16.455Z - [WATCHER]: Processing file changes in outputs
[NX Daemon Server] - 2024-07-08T14:52:16.522Z - [WATCHER]: Processing file changes in outputs
[NX Daemon Server] - 2024-07-08T14:52:16.580Z - [WATCHER]: Processing file changes in outputs
[NX Daemon Server] - 2024-07-08T14:52:16.852Z - [REQUEST]: Updated workspace context based on watched changes, recomputing project graph...
[NX Daemon Server] - 2024-07-08T14:52:16.852Z - [REQUEST]: apps/txb/src/components/home.tsx
[NX Daemon Server] - 2024-07-08T14:52:16.852Z - [REQUEST]: 
[NX Daemon Server] - 2024-07-08T14:52:16.903Z - Time taken for 'hash changed files from watcher' 0.2793750003911555ms
[NX Daemon Server] - 2024-07-08T14:52:20.263Z - [WATCHER]: apps/txb/src/components/home.tsx was modified
[NX Daemon Server] - 2024-07-08T14:52:20.263Z - [WATCHER]: Processing file changes in outputs
[NX Daemon Server] - 2024-07-08T14:52:20.356Z - [WATCHER]: Processing file changes in outputs
[NX Daemon Server] - 2024-07-08T14:52:20.462Z - [WATCHER]: Processing file changes in outputs
[NX Daemon Server] - 2024-07-08T14:52:20.526Z - [WATCHER]: Processing file changes in outputs
[NX Daemon Server] - 2024-07-08T14:52:25.212Z - [WATCHER]: apps/txb/src/components/home.tsx was modified
[NX Daemon Server] - 2024-07-08T14:52:25.213Z - [WATCHER]: Processing file changes in outputs
[NX Daemon Server] - 2024-07-08T14:52:25.343Z - [WATCHER]: Processing file changes in outputs
[NX Daemon Server] - 2024-07-08T14:52:25.433Z - [WATCHER]: Processing file changes in outputs
[NX Daemon Server] - 2024-07-08T14:52:25.497Z - [WATCHER]: Processing file changes in outputs
[NX Daemon Server] - 2024-07-08T14:52:26.664Z - [REQUEST]: Updated workspace context based on watched changes, recomputing project graph...
[NX Daemon Server] - 2024-07-08T14:52:26.665Z - [REQUEST]: apps/txb/src/components/home.tsx
[NX Daemon Server] - 2024-07-08T14:52:26.665Z - [REQUEST]: 
[NX Daemon Server] - 2024-07-08T14:52:26.718Z - Time taken for 'hash changed files from watcher' 0.47233300004154444ms
[NX Daemon Server] - 2024-07-08T14:52:39.368Z - [WATCHER]: apps/txb/src/app/page.tsx was modified
[NX Daemon Server] - 2024-07-08T14:52:39.368Z - [WATCHER]: Processing file changes in outputs
[NX Daemon Server] - 2024-07-08T14:52:39.476Z - [WATCHER]: Processing file changes in outputs
[NX Daemon Server] - 2024-07-08T14:52:39.553Z - [WATCHER]: Processing file changes in outputs
[NX Daemon Server] - 2024-07-08T14:52:42.088Z - [WATCHER]: apps/txb/src/app/page.tsx was modified
[NX Daemon Server] - 2024-07-08T14:52:42.088Z - [WATCHER]: Processing file changes in outputs
[NX Daemon Server] - 2024-07-08T14:52:42.171Z - [WATCHER]: Processing file changes in outputs
[NX Daemon Server] - 2024-07-08T14:52:42.223Z - [WATCHER]: Processing file changes in outputs
[NX Daemon Server] - 2024-07-08T14:52:43.393Z - [WATCHER]: apps/txb/src/app/page.tsx was modified
[NX Daemon Server] - 2024-07-08T14:52:43.393Z - [WATCHER]: Processing file changes in outputs
[NX Daemon Server] - 2024-07-08T14:52:43.514Z - [WATCHER]: Processing file changes in outputs
[NX Daemon Server] - 2024-07-08T14:52:43.574Z - [WATCHER]: Processing file changes in outputs
[NX Daemon Server] - 2024-07-08T14:52:44.994Z - [WATCHER]: apps/txb/src/app/page.tsx was modified
[NX Daemon Server] - 2024-07-08T14:52:44.994Z - [WATCHER]: Processing file changes in outputs
[NX Daemon Server] - 2024-07-08T14:52:45.065Z - [WATCHER]: Processing file changes in outputs
[NX Daemon Server] - 2024-07-08T14:52:45.126Z - [WATCHER]: Processing file changes in outputs
[NX Daemon Server] - 2024-07-08T14:52:45.756Z - [REQUEST]: Updated workspace context based on watched changes, recomputing project graph...
[NX Daemon Server] - 2024-07-08T14:52:45.757Z - [REQUEST]: apps/txb/src/app/page.tsx
[NX Daemon Server] - 2024-07-08T14:52:45.757Z - [REQUEST]: 
[NX Daemon Server] - 2024-07-08T14:52:45.822Z - Time taken for 'hash changed files from watcher' 0.7994590001180768ms
[NX Daemon Server] - 2024-07-08T14:52:46.010Z - [WATCHER]: apps/txb/src/app/page.tsx was modified
[NX Daemon Server] - 2024-07-08T14:52:46.010Z - [WATCHER]: Processing file changes in outputs
[NX Daemon Server] - 2024-07-08T14:52:46.072Z - [WATCHER]: Processing file changes in outputs
[NX Daemon Server] - 2024-07-08T14:52:46.135Z - [WATCHER]: Processing file changes in outputs
[NX Daemon Server] - 2024-07-08T14:52:49.535Z - [WATCHER]: apps/txb/src/app/page.tsx was modified
[NX Daemon Server] - 2024-07-08T14:52:49.535Z - [WATCHER]: Processing file changes in outputs
[NX Daemon Server] - 2024-07-08T14:52:49.606Z - [WATCHER]: Processing file changes in outputs
[NX Daemon Server] - 2024-07-08T14:52:49.671Z - [WATCHER]: Processing file changes in outputs
[NX Daemon Server] - 2024-07-08T14:52:52.402Z - [REQUEST]: Updated workspace context based on watched changes, recomputing project graph...
[NX Daemon Server] - 2024-07-08T14:52:52.403Z - [REQUEST]: apps/txb/src/app/page.tsx
[NX Daemon Server] - 2024-07-08T14:52:52.404Z - [REQUEST]: 
[NX Daemon Server] - 2024-07-08T14:52:52.457Z - Time taken for 'hash changed files from watcher' 0.44629199989140034ms
[NX Daemon Server] - 2024-07-08T14:53:01.650Z - [WATCHER]: apps/txb/src/app/layout.tsx was modified
[NX Daemon Server] - 2024-07-08T14:53:01.650Z - [WATCHER]: Processing file changes in outputs
[NX Daemon Server] - 2024-07-08T14:53:01.813Z - [WATCHER]: Processing file changes in outputs
[NX Daemon Server] - 2024-07-08T14:53:01.881Z - [WATCHER]: Processing file changes in outputs
[NX Daemon Server] - 2024-07-08T14:53:03.204Z - [WATCHER]: apps/txb/src/app/layout.tsx was modified
[NX Daemon Server] - 2024-07-08T14:53:03.204Z - [WATCHER]: Processing file changes in outputs
[NX Daemon Server] - 2024-07-08T14:53:03.281Z - [WATCHER]: Processing file changes in outputs
[NX Daemon Server] - 2024-07-08T14:53:03.345Z - [WATCHER]: Processing file changes in outputs
[NX Daemon Server] - 2024-07-08T14:53:08.049Z - [REQUEST]: Updated workspace context based on watched changes, recomputing project graph...
[NX Daemon Server] - 2024-07-08T14:53:08.049Z - [REQUEST]: apps/txb/src/app/layout.tsx
[NX Daemon Server] - 2024-07-08T14:53:08.049Z - [REQUEST]: 
[NX Daemon Server] - 2024-07-08T14:53:08.111Z - Time taken for 'hash changed files from watcher' 0.9095419999212027ms
[NX Daemon Server] - 2024-07-08T14:54:03.364Z - [WATCHER]: Processing file changes in outputs
[NX Daemon Server] - 2024-07-08T14:54:03.426Z - [WATCHER]: Processing file changes in outputs
[NX Daemon Server] - 2024-07-08T14:54:03.534Z - [WATCHER]: Processing file changes in outputs
[NX Daemon Server] - 2024-07-08T14:54:18.293Z - [WATCHER]: Processing file changes in outputs
[NX Daemon Server] - 2024-07-08T14:54:18.450Z - [WATCHER]: Processing file changes in outputs
[NX Daemon Server] - 2024-07-08T14:55:18.343Z - [WATCHER]: Processing file changes in outputs
[NX Daemon Server] - 2024-07-08T14:55:18.396Z - [WATCHER]: Processing file changes in outputs
[NX Daemon Server] - 2024-07-08T14:55:18.457Z - [WATCHER]: Processing file changes in outputs
[NX Daemon Server] - 2024-07-08T14:55:18.516Z - [WATCHER]: Processing file changes in outputs
[NX Daemon Server] - 2024-07-08T14:59:53.609Z - Closed a connection. Number of open connections: 2
[NX Daemon Server] - 2024-07-08T14:59:53.619Z - Closed a connection. Number of open connections: 1
[NX Daemon Server] - 2024-07-08T14:59:53.624Z - [REQUEST]: Responding to the client. recordOutputsHash
[NX Daemon Server] - 2024-07-08T14:59:53.624Z - Done responding to the client recordOutputsHash
[NX Daemon Server] - 2024-07-08T14:59:53.624Z - Handled RECORD_OUTPUTS_HASH. Handling time: 1. Response time: 0.
[NX Daemon Server] - 2024-07-08T14:59:53.628Z - Closed a connection. Number of open connections: 0
[NX Daemon Server] - 2024-07-08T14:59:53.673Z - [WATCHER]: Processing file changes in outputs
[NX Daemon Server] - 2024-07-08T14:59:54.099Z - Established a connection. Number of open connections: 1
[NX Daemon Server] - 2024-07-08T14:59:54.099Z - Closed a connection. Number of open connections: 0
[NX Daemon Server] - 2024-07-08T14:59:54.100Z - Established a connection. Number of open connections: 1
[NX Daemon Server] - 2024-07-08T14:59:54.101Z - [REQUEST]: Client Request for Project Graph Received
[NX Daemon Server] - 2024-07-08T14:59:54.101Z - [REQUEST]: Responding to the client. project-graph
[NX Daemon Server] - 2024-07-08T14:59:54.101Z - Time taken for 'total for creating and serializing project graph' 0.18616699986159801ms
[NX Daemon Server] - 2024-07-08T14:59:54.103Z - Done responding to the client project-graph
[NX Daemon Server] - 2024-07-08T14:59:54.103Z - Handled REQUEST_PROJECT_GRAPH. Handling time: 0. Response time: 2.
[NX Daemon Server] - 2024-07-08T14:59:54.614Z - Closed a connection. Number of open connections: 0
[NX Daemon Server] - 2024-07-08T14:59:54.670Z - [WATCHER]: Processing file changes in outputs
[NX Daemon Server] - 2024-07-08T15:01:38.493Z - [WATCHER]: _tmp_98096_e4c830cbafdfdac2f62e19bf6a62e5f1 was deleted
[NX Daemon Server] - 2024-07-08T15:01:38.493Z - [WATCHER]: Processing file changes in outputs
[NX Daemon Server] - 2024-07-08T15:01:38.594Z - [REQUEST]: Updated workspace context based on watched changes, recomputing project graph...
[NX Daemon Server] - 2024-07-08T15:01:38.595Z - [REQUEST]: 
[NX Daemon Server] - 2024-07-08T15:01:38.595Z - [REQUEST]: _tmp_98096_e4c830cbafdfdac2f62e19bf6a62e5f1
[NX Daemon Server] - 2024-07-08T15:01:38.654Z - Time taken for 'hash changed files from watcher' 0.4760419996455312ms
[NX Daemon Server] - 2024-07-08T15:01:41.417Z - Established a connection. Number of open connections: 1
[NX Daemon Server] - 2024-07-08T15:01:41.417Z - Closed a connection. Number of open connections: 0
[NX Daemon Server] - 2024-07-08T15:01:41.418Z - Established a connection. Number of open connections: 1
[NX Daemon Server] - 2024-07-08T15:01:41.419Z - [REQUEST]: Client Request for Project Graph Received
[NX Daemon Server] - 2024-07-08T15:01:41.419Z - [REQUEST]: Responding to the client. project-graph
[NX Daemon Server] - 2024-07-08T15:01:41.420Z - Time taken for 'total for creating and serializing project graph' 0.07024999987334013ms
[NX Daemon Server] - 2024-07-08T15:01:41.421Z - Done responding to the client project-graph
[NX Daemon Server] - 2024-07-08T15:01:41.421Z - Handled REQUEST_PROJECT_GRAPH. Handling time: 0. Response time: 2.
[NX Daemon Server] - 2024-07-08T15:01:41.438Z - [REQUEST]: Responding to the client. handleHashTasks
[NX Daemon Server] - 2024-07-08T15:01:41.438Z - Done responding to the client handleHashTasks
[NX Daemon Server] - 2024-07-08T15:01:41.438Z - Handled HASH_TASKS. Handling time: 10. Response time: 0.
[NX Daemon Server] - 2024-07-08T15:01:43.280Z - [REQUEST]: Responding to the client. recordOutputsHash
[NX Daemon Server] - 2024-07-08T15:01:43.280Z - Done responding to the client recordOutputsHash
[NX Daemon Server] - 2024-07-08T15:01:43.280Z - Handled RECORD_OUTPUTS_HASH. Handling time: 0. Response time: 0.
[NX Daemon Server] - 2024-07-08T15:01:43.284Z - Closed a connection. Number of open connections: 0
[NX Daemon Server] - 2024-07-08T15:01:59.903Z - [WATCHER]: apps/txb/src/components/home.tsx was modified
[NX Daemon Server] - 2024-07-08T15:01:59.903Z - [WATCHER]: Processing file changes in outputs
[NX Daemon Server] - 2024-07-08T15:02:00.006Z - [REQUEST]: Updated workspace context based on watched changes, recomputing project graph...
[NX Daemon Server] - 2024-07-08T15:02:00.006Z - [REQUEST]: apps/txb/src/components/home.tsx
[NX Daemon Server] - 2024-07-08T15:02:00.006Z - [REQUEST]: 
[NX Daemon Server] - 2024-07-08T15:02:00.147Z - Time taken for 'hash changed files from watcher' 0.7518329997546971ms
[NX Daemon Server] - 2024-07-08T15:02:02.932Z - [WATCHER]: apps/txb/src/components/home.tsx was modified
[NX Daemon Server] - 2024-07-08T15:02:02.932Z - [WATCHER]: Processing file changes in outputs
[NX Daemon Server] - 2024-07-08T15:02:03.135Z - [REQUEST]: Updated workspace context based on watched changes, recomputing project graph...
[NX Daemon Server] - 2024-07-08T15:02:03.135Z - [REQUEST]: apps/txb/src/components/home.tsx
[NX Daemon Server] - 2024-07-08T15:02:03.136Z - [REQUEST]: 
[NX Daemon Server] - 2024-07-08T15:02:03.224Z - Time taken for 'hash changed files from watcher' 1.5250409999862313ms
[NX Daemon Server] - 2024-07-08T15:02:04.269Z - [WATCHER]: _tmp_98202_ab9822781216020c07d9baa5a41f2c56 was deleted
[NX Daemon Server] - 2024-07-08T15:02:04.269Z - [WATCHER]: Processing file changes in outputs
[NX Daemon Server] - 2024-07-08T15:02:04.670Z - [REQUEST]: Updated workspace context based on watched changes, recomputing project graph...
[NX Daemon Server] - 2024-07-08T15:02:04.670Z - [REQUEST]: 
[NX Daemon Server] - 2024-07-08T15:02:04.670Z - [REQUEST]: _tmp_98202_ab9822781216020c07d9baa5a41f2c56
[NX Daemon Server] - 2024-07-08T15:02:04.698Z - Time taken for 'hash changed files from watcher' 0.17570800008252263ms
[NX Daemon Server] - 2024-07-08T15:02:08.401Z - Established a connection. Number of open connections: 1
[NX Daemon Server] - 2024-07-08T15:02:08.401Z - Closed a connection. Number of open connections: 0
[NX Daemon Server] - 2024-07-08T15:02:08.402Z - Established a connection. Number of open connections: 1
[NX Daemon Server] - 2024-07-08T15:02:08.403Z - [REQUEST]: Client Request for Project Graph Received
[NX Daemon Server] - 2024-07-08T15:02:08.403Z - [REQUEST]: Responding to the client. project-graph
[NX Daemon Server] - 2024-07-08T15:02:08.403Z - Time taken for 'total for creating and serializing project graph' 0.052875000052154064ms
[NX Daemon Server] - 2024-07-08T15:02:08.405Z - Done responding to the client project-graph
[NX Daemon Server] - 2024-07-08T15:02:08.405Z - Handled REQUEST_PROJECT_GRAPH. Handling time: 0. Response time: 2.
[NX Daemon Server] - 2024-07-08T15:02:08.419Z - [REQUEST]: Responding to the client. handleHashTasks
[NX Daemon Server] - 2024-07-08T15:02:08.419Z - Done responding to the client handleHashTasks
[NX Daemon Server] - 2024-07-08T15:02:08.419Z - Handled HASH_TASKS. Handling time: 8. Response time: 0.
[NX Daemon Server] - 2024-07-08T15:02:09.448Z - [REQUEST]: Responding to the client. recordOutputsHash
[NX Daemon Server] - 2024-07-08T15:02:09.448Z - Done responding to the client recordOutputsHash
[NX Daemon Server] - 2024-07-08T15:02:09.448Z - Handled RECORD_OUTPUTS_HASH. Handling time: 0. Response time: 0.
[NX Daemon Server] - 2024-07-08T15:02:09.468Z - Closed a connection. Number of open connections: 0
